MIN_K: 4, MAX_K: 20, BASE_SIZE: 512, BASE_K: 9
Auto-segmenting 50 images from category 'peperomia_glabella' (K range: 4-20)...
  Generated average 9.0 regions per image
peperomia_glabella: 450 regions total
Auto-segmenting 50 images from category 'peperomia_tetraphylla' (K range: 4-20)...
  Generated average 9.0 regions per image
peperomia_tetraphylla: 450 regions total
Auto-segmenting 50 images from category 'peperomia_urocarpa' (K range: 4-20)...
  Generated average 9.0 regions per image
peperomia_urocarpa: 450 regions total
Auto-segmenting 50 images from category 'piper_amalago' (K range: 4-20)...
  Generated average 9.0 regions per image
piper_amalago: 450 regions total
Auto-segmenting 50 images from category 'piper_gaudichaudianum' (K range: 4-20)...
  Generated average 9.0 regions per image
piper_gaudichaudianum: 450 regions total
Auto-segmenting 50 images from category 'piper_glabratum' (K range: 4-20)...
  Generated average 9.0 regions per image
piper_glabratum: 450 regions total
Auto-segmenting 50 images from category 'piper_hispidum' (K range: 4-20)...
  Generated average 9.0 regions per image
piper_hispidum: 450 regions total
Auto-segmenting 50 images from category 'piper_miquelianum' (K range: 4-20)...
  Generated average 9.0 regions per image
piper_miquelianum: 450 regions total
Auto-segmenting 50 images from category 'piper_xylosteoides' (K range: 4-20)...
  Generated average 9.0 regions per image
piper_xylosteoides: 450 regions total
Categoria: peperomia_glabella, Número de elementos: 50
Categoria: peperomia_tetraphylla, Número de elementos: 50
Categoria: peperomia_urocarpa, Número de elementos: 50
Categoria: piper_amalago, Número de elementos: 50
Categoria: piper_gaudichaudianum, Número de elementos: 50
Categoria: piper_glabratum, Número de elementos: 50
Categoria: piper_hispidum, Número de elementos: 50
Categoria: piper_miquelianum, Número de elementos: 50
Categoria: piper_xylosteoides, Número de elementos: 50
Categoria: peperomia_glabella, Número de elementos: 50
Categoria: peperomia_tetraphylla, Número de elementos: 50
Categoria: peperomia_urocarpa, Número de elementos: 50
Categoria: piper_amalago, Número de elementos: 50
Categoria: piper_gaudichaudianum, Número de elementos: 50
Categoria: piper_glabratum, Número de elementos: 50
Categoria: piper_hispidum, Número de elementos: 50
Categoria: piper_miquelianum, Número de elementos: 50
Categoria: piper_xylosteoides, Número de elementos: 50
Categoria: peperomia_glabella, Número de elementos: 50
Categoria: peperomia_tetraphylla, Número de elementos: 50
Categoria: peperomia_urocarpa, Número de elementos: 50
Categoria: piper_amalago, Número de elementos: 50
Categoria: piper_gaudichaudianum, Número de elementos: 50
Categoria: piper_glabratum, Número de elementos: 50
Categoria: piper_hispidum, Número de elementos: 50
Categoria: piper_miquelianum, Número de elementos: 50
Categoria: piper_xylosteoides, Número de elementos: 50
==================================================
RESUMO DOS CONJUNTOS DE FEATURES
==================================================
📊 Total de imagens: 450
🔧 Total de conjuntos gerados: 7
📋 Labels únicos: {'piper_amalago', 'piper_miquelianum', 'peperomia_tetraphylla', 'piper_glabratum', 'piper_gaudichaudianum', 'peperomia_urocarpa', 'piper_xylosteoides', 'peperomia_glabella', 'piper_hispidum'}

🔹 LBP:
   📁 Imagens: 450
   🧩 Segmentos por imagem: 9
   🧱 Total de segmentos do conjunto: 4050
   🎯 Features por segmento: 59
   📈 Total features por imagem: 531

🔹 GLCM:
   📁 Imagens: 450
   🧩 Segmentos por imagem: 9
   🧱 Total de segmentos do conjunto: 4050
   🎯 Features por segmento: 72
   📈 Total features por imagem: 648

🔹 LPQ:
   📁 Imagens: 450
   🧩 Segmentos por imagem: 9
   🧱 Total de segmentos do conjunto: 4050
   🎯 Features por segmento: 256
   📈 Total features por imagem: 2304

🔹 LBP+GLCM:
   📁 Imagens: 450
   🧩 Segmentos por imagem: 9
   🧱 Total de segmentos do conjunto: 4050
   🎯 Features por segmento: 131
   📈 Total features por imagem: 1179

🔹 LBP+LPQ:
   📁 Imagens: 450
   🧩 Segmentos por imagem: 9
   🧱 Total de segmentos do conjunto: 4050
   🎯 Features por segmento: 315
   📈 Total features por imagem: 2835

🔹 GLCM+LPQ:
   📁 Imagens: 450
   🧩 Segmentos por imagem: 9
   🧱 Total de segmentos do conjunto: 4050
   🎯 Features por segmento: 328
   📈 Total features por imagem: 2952

🔹 LBP+GLCM+LPQ:
   📁 Imagens: 450
   🧩 Segmentos por imagem: 9
   🧱 Total de segmentos do conjunto: 4050
   🎯 Features por segmento: 387
   📈 Total features por imagem: 3483

==================================================
Limpando variáveis desnecessárias...
Variáveis antes da limpeza: 67 variáveis locais
  ✓ Removida: segmented_train_images
  ✓ Removida: lbps_by_categories
  ✓ Removida: glcms_by_category
  ✓ Removida: radius
  ✓ Removida: n_pixels
  ✓ Removida: n_examples

✓ Limpeza concluída!
  - 6 variáveis removidas
  - Memória liberada pela coleta de lixo
  - Variáveis após limpeza: 64 variáveis locais

📋 Principais variáveis mantidas:
  ✓ image_categories: list (tamanho: 9)
  ✓ train_images_by_categories: dict (tamanho: 9)
  ✓ labels: list (tamanho: 450)
  ✓ GLCM_DISTANCES: list (tamanho: 3)
  ✓ GLCM_ANGLES: ndarray (4,)
  ✓ GLCM_FEATURES: list (tamanho: 6)

💡 Variáveis limpas com sucesso! Agora você pode prosseguir com o treinamento dos modelos.
🔄 Nova estrutura: combined_sets contém todos os conjuntos de features combinados.
Classes: ['peperomia_glabella', 'peperomia_tetraphylla', 'peperomia_urocarpa', 'piper_amalago', 'piper_gaudichaudianum', 'piper_glabratum', 'piper_hispidum', 'piper_miquelianum', 'piper_xylosteoides']
📊 Total imagens classe: 50
📊 Total imagens não-classe: 400
🔄 Dividindo em 5 folds...
  Fold 0: 10 classe, 80 não-classe
  Fold 1: 10 classe, 80 não-classe
  Fold 2: 10 classe, 80 não-classe
  Fold 3: 10 classe, 80 não-classe
  Fold 4: 10 classe, 80 não-classe

🔧 Construindo fold 0...
  ✅ Treino: 40 classe + 320 não-classe = 360
  ✅ Teste: 10 classe + 80 não-classe = 90

🔧 Construindo fold 1...
  ✅ Treino: 40 classe + 320 não-classe = 360
  ✅ Teste: 10 classe + 80 não-classe = 90

🔧 Construindo fold 2...
  ✅ Treino: 40 classe + 320 não-classe = 360
  ✅ Teste: 10 classe + 80 não-classe = 90

🔧 Construindo fold 3...
  ✅ Treino: 40 classe + 320 não-classe = 360
  ✅ Teste: 10 classe + 80 não-classe = 90

🔧 Construindo fold 4...
  ✅ Treino: 40 classe + 320 não-classe = 360
  ✅ Teste: 10 classe + 80 não-classe = 90

🎉 5 folds construídos com sucesso!
🔄 Convertendo folds para formato de classificação...

📂 Processando fold 0...
  🏋️ Processando dados de treino...
  🧪 Processando dados de teste...
  ✅ Treino: 3240 imagens → X(3240, 59), y(3240,)
  ✅ Teste: 810 imagens → X(810, 59), y(810,)

📂 Processando fold 1...
  🏋️ Processando dados de treino...
  🧪 Processando dados de teste...
  ✅ Treino: 3240 imagens → X(3240, 59), y(3240,)
  ✅ Teste: 810 imagens → X(810, 59), y(810,)

📂 Processando fold 2...
  🏋️ Processando dados de treino...
  🧪 Processando dados de teste...
  ✅ Treino: 3240 imagens → X(3240, 59), y(3240,)
  ✅ Teste: 810 imagens → X(810, 59), y(810,)

📂 Processando fold 3...
  🏋️ Processando dados de treino...
  🧪 Processando dados de teste...
  ✅ Treino: 3240 imagens → X(3240, 59), y(3240,)
  ✅ Teste: 810 imagens → X(810, 59), y(810,)

📂 Processando fold 4...
  🏋️ Processando dados de treino...
  🧪 Processando dados de teste...
  ✅ Treino: 3240 imagens → X(3240, 59), y(3240,)
  ✅ Teste: 810 imagens → X(810, 59), y(810,)

🎉 5 folds processados com sucesso!
📊 Total imagens classe: 50
📊 Total imagens não-classe: 400
🔄 Dividindo em 5 folds...
  Fold 0: 10 classe, 80 não-classe
  Fold 1: 10 classe, 80 não-classe
  Fold 2: 10 classe, 80 não-classe
  Fold 3: 10 classe, 80 não-classe
  Fold 4: 10 classe, 80 não-classe

🔧 Construindo fold 0...
  ✅ Treino: 40 classe + 320 não-classe = 360
  ✅ Teste: 10 classe + 80 não-classe = 90

🔧 Construindo fold 1...
  ✅ Treino: 40 classe + 320 não-classe = 360
  ✅ Teste: 10 classe + 80 não-classe = 90

🔧 Construindo fold 2...
  ✅ Treino: 40 classe + 320 não-classe = 360
  ✅ Teste: 10 classe + 80 não-classe = 90

🔧 Construindo fold 3...
  ✅ Treino: 40 classe + 320 não-classe = 360
  ✅ Teste: 10 classe + 80 não-classe = 90

🔧 Construindo fold 4...
  ✅ Treino: 40 classe + 320 não-classe = 360
  ✅ Teste: 10 classe + 80 não-classe = 90

🎉 5 folds construídos com sucesso!
🔄 Convertendo folds para formato de classificação...

📂 Processando fold 0...
  🏋️ Processando dados de treino...
  🧪 Processando dados de teste...
  ✅ Treino: 3240 imagens → X(3240, 59), y(3240,)
  ✅ Teste: 810 imagens → X(810, 59), y(810,)

📂 Processando fold 1...
  🏋️ Processando dados de treino...
  🧪 Processando dados de teste...
  ✅ Treino: 3240 imagens → X(3240, 59), y(3240,)
  ✅ Teste: 810 imagens → X(810, 59), y(810,)

📂 Processando fold 2...
  🏋️ Processando dados de treino...
  🧪 Processando dados de teste...
  ✅ Treino: 3240 imagens → X(3240, 59), y(3240,)
  ✅ Teste: 810 imagens → X(810, 59), y(810,)

📂 Processando fold 3...
  🏋️ Processando dados de treino...
  🧪 Processando dados de teste...
  ✅ Treino: 3240 imagens → X(3240, 59), y(3240,)
  ✅ Teste: 810 imagens → X(810, 59), y(810,)

📂 Processando fold 4...
  🏋️ Processando dados de treino...
  🧪 Processando dados de teste...
  ✅ Treino: 3240 imagens → X(3240, 59), y(3240,)
  ✅ Teste: 810 imagens → X(810, 59), y(810,)

🎉 5 folds processados com sucesso!
📊 Total imagens classe: 50
📊 Total imagens não-classe: 400
🔄 Dividindo em 5 folds...
  Fold 0: 10 classe, 80 não-classe
  Fold 1: 10 classe, 80 não-classe
  Fold 2: 10 classe, 80 não-classe
  Fold 3: 10 classe, 80 não-classe
  Fold 4: 10 classe, 80 não-classe

🔧 Construindo fold 0...
  ✅ Treino: 40 classe + 320 não-classe = 360
  ✅ Teste: 10 classe + 80 não-classe = 90

🔧 Construindo fold 1...
  ✅ Treino: 40 classe + 320 não-classe = 360
  ✅ Teste: 10 classe + 80 não-classe = 90

🔧 Construindo fold 2...
  ✅ Treino: 40 classe + 320 não-classe = 360
  ✅ Teste: 10 classe + 80 não-classe = 90

🔧 Construindo fold 3...
  ✅ Treino: 40 classe + 320 não-classe = 360
  ✅ Teste: 10 classe + 80 não-classe = 90

🔧 Construindo fold 4...
  ✅ Treino: 40 classe + 320 não-classe = 360
  ✅ Teste: 10 classe + 80 não-classe = 90

🎉 5 folds construídos com sucesso!
🔄 Convertendo folds para formato de classificação...

📂 Processando fold 0...
  🏋️ Processando dados de treino...
  🧪 Processando dados de teste...
  ✅ Treino: 3240 imagens → X(3240, 59), y(3240,)
  ✅ Teste: 810 imagens → X(810, 59), y(810,)

📂 Processando fold 1...
  🏋️ Processando dados de treino...
  🧪 Processando dados de teste...
  ✅ Treino: 3240 imagens → X(3240, 59), y(3240,)
  ✅ Teste: 810 imagens → X(810, 59), y(810,)

📂 Processando fold 2...
  🏋️ Processando dados de treino...
  🧪 Processando dados de teste...
  ✅ Treino: 3240 imagens → X(3240, 59), y(3240,)
  ✅ Teste: 810 imagens → X(810, 59), y(810,)

📂 Processando fold 3...
  🏋️ Processando dados de treino...
  🧪 Processando dados de teste...
  ✅ Treino: 3240 imagens → X(3240, 59), y(3240,)
  ✅ Teste: 810 imagens → X(810, 59), y(810,)

📂 Processando fold 4...
  🏋️ Processando dados de treino...
  🧪 Processando dados de teste...
  ✅ Treino: 3240 imagens → X(3240, 59), y(3240,)
  ✅ Teste: 810 imagens → X(810, 59), y(810,)

🎉 5 folds processados com sucesso!
📊 Total imagens classe: 50
📊 Total imagens não-classe: 400
🔄 Dividindo em 5 folds...
  Fold 0: 10 classe, 80 não-classe
  Fold 1: 10 classe, 80 não-classe
  Fold 2: 10 classe, 80 não-classe
  Fold 3: 10 classe, 80 não-classe
  Fold 4: 10 classe, 80 não-classe

🔧 Construindo fold 0...
  ✅ Treino: 40 classe + 320 não-classe = 360
  ✅ Teste: 10 classe + 80 não-classe = 90

🔧 Construindo fold 1...
  ✅ Treino: 40 classe + 320 não-classe = 360
  ✅ Teste: 10 classe + 80 não-classe = 90

🔧 Construindo fold 2...
  ✅ Treino: 40 classe + 320 não-classe = 360
  ✅ Teste: 10 classe + 80 não-classe = 90

🔧 Construindo fold 3...
  ✅ Treino: 40 classe + 320 não-classe = 360
  ✅ Teste: 10 classe + 80 não-classe = 90

🔧 Construindo fold 4...
  ✅ Treino: 40 classe + 320 não-classe = 360
  ✅ Teste: 10 classe + 80 não-classe = 90

🎉 5 folds construídos com sucesso!
🔄 Convertendo folds para formato de classificação...

📂 Processando fold 0...
  🏋️ Processando dados de treino...
  🧪 Processando dados de teste...
  ✅ Treino: 3240 imagens → X(3240, 59), y(3240,)
  ✅ Teste: 810 imagens → X(810, 59), y(810,)

📂 Processando fold 1...
  🏋️ Processando dados de treino...
  🧪 Processando dados de teste...
  ✅ Treino: 3240 imagens → X(3240, 59), y(3240,)
  ✅ Teste: 810 imagens → X(810, 59), y(810,)

📂 Processando fold 2...
  🏋️ Processando dados de treino...
  🧪 Processando dados de teste...
  ✅ Treino: 3240 imagens → X(3240, 59), y(3240,)
  ✅ Teste: 810 imagens → X(810, 59), y(810,)

📂 Processando fold 3...
  🏋️ Processando dados de treino...
  🧪 Processando dados de teste...
  ✅ Treino: 3240 imagens → X(3240, 59), y(3240,)
  ✅ Teste: 810 imagens → X(810, 59), y(810,)

📂 Processando fold 4...
  🏋️ Processando dados de treino...
  🧪 Processando dados de teste...
  ✅ Treino: 3240 imagens → X(3240, 59), y(3240,)
  ✅ Teste: 810 imagens → X(810, 59), y(810,)

🎉 5 folds processados com sucesso!
📊 Total imagens classe: 50
📊 Total imagens não-classe: 400
🔄 Dividindo em 5 folds...
  Fold 0: 10 classe, 80 não-classe
  Fold 1: 10 classe, 80 não-classe
  Fold 2: 10 classe, 80 não-classe
  Fold 3: 10 classe, 80 não-classe
  Fold 4: 10 classe, 80 não-classe

🔧 Construindo fold 0...
  ✅ Treino: 40 classe + 320 não-classe = 360
  ✅ Teste: 10 classe + 80 não-classe = 90

🔧 Construindo fold 1...
  ✅ Treino: 40 classe + 320 não-classe = 360
  ✅ Teste: 10 classe + 80 não-classe = 90

🔧 Construindo fold 2...
  ✅ Treino: 40 classe + 320 não-classe = 360
  ✅ Teste: 10 classe + 80 não-classe = 90

🔧 Construindo fold 3...
  ✅ Treino: 40 classe + 320 não-classe = 360
  ✅ Teste: 10 classe + 80 não-classe = 90

🔧 Construindo fold 4...
  ✅ Treino: 40 classe + 320 não-classe = 360
  ✅ Teste: 10 classe + 80 não-classe = 90

🎉 5 folds construídos com sucesso!
🔄 Convertendo folds para formato de classificação...

📂 Processando fold 0...
  🏋️ Processando dados de treino...
  🧪 Processando dados de teste...
  ✅ Treino: 3240 imagens → X(3240, 59), y(3240,)
  ✅ Teste: 810 imagens → X(810, 59), y(810,)

📂 Processando fold 1...
  🏋️ Processando dados de treino...
  🧪 Processando dados de teste...
  ✅ Treino: 3240 imagens → X(3240, 59), y(3240,)
  ✅ Teste: 810 imagens → X(810, 59), y(810,)

📂 Processando fold 2...
  🏋️ Processando dados de treino...
  🧪 Processando dados de teste...
  ✅ Treino: 3240 imagens → X(3240, 59), y(3240,)
  ✅ Teste: 810 imagens → X(810, 59), y(810,)

📂 Processando fold 3...
  🏋️ Processando dados de treino...
  🧪 Processando dados de teste...
  ✅ Treino: 3240 imagens → X(3240, 59), y(3240,)
  ✅ Teste: 810 imagens → X(810, 59), y(810,)

📂 Processando fold 4...
  🏋️ Processando dados de treino...
  🧪 Processando dados de teste...
  ✅ Treino: 3240 imagens → X(3240, 59), y(3240,)
  ✅ Teste: 810 imagens → X(810, 59), y(810,)

🎉 5 folds processados com sucesso!
📊 Total imagens classe: 50
📊 Total imagens não-classe: 400
🔄 Dividindo em 5 folds...
  Fold 0: 10 classe, 80 não-classe
  Fold 1: 10 classe, 80 não-classe
  Fold 2: 10 classe, 80 não-classe
  Fold 3: 10 classe, 80 não-classe
  Fold 4: 10 classe, 80 não-classe

🔧 Construindo fold 0...
  ✅ Treino: 40 classe + 320 não-classe = 360
  ✅ Teste: 10 classe + 80 não-classe = 90

🔧 Construindo fold 1...
  ✅ Treino: 40 classe + 320 não-classe = 360
  ✅ Teste: 10 classe + 80 não-classe = 90

🔧 Construindo fold 2...
  ✅ Treino: 40 classe + 320 não-classe = 360
  ✅ Teste: 10 classe + 80 não-classe = 90

🔧 Construindo fold 3...
  ✅ Treino: 40 classe + 320 não-classe = 360
  ✅ Teste: 10 classe + 80 não-classe = 90

🔧 Construindo fold 4...
  ✅ Treino: 40 classe + 320 não-classe = 360
  ✅ Teste: 10 classe + 80 não-classe = 90

🎉 5 folds construídos com sucesso!
🔄 Convertendo folds para formato de classificação...

📂 Processando fold 0...
  🏋️ Processando dados de treino...
  🧪 Processando dados de teste...
  ✅ Treino: 3240 imagens → X(3240, 59), y(3240,)
  ✅ Teste: 810 imagens → X(810, 59), y(810,)

📂 Processando fold 1...
  🏋️ Processando dados de treino...
  🧪 Processando dados de teste...
  ✅ Treino: 3240 imagens → X(3240, 59), y(3240,)
  ✅ Teste: 810 imagens → X(810, 59), y(810,)

📂 Processando fold 2...
  🏋️ Processando dados de treino...
  🧪 Processando dados de teste...
  ✅ Treino: 3240 imagens → X(3240, 59), y(3240,)
  ✅ Teste: 810 imagens → X(810, 59), y(810,)

📂 Processando fold 3...
  🏋️ Processando dados de treino...
  🧪 Processando dados de teste...
  ✅ Treino: 3240 imagens → X(3240, 59), y(3240,)
  ✅ Teste: 810 imagens → X(810, 59), y(810,)

📂 Processando fold 4...
  🏋️ Processando dados de treino...
  🧪 Processando dados de teste...
  ✅ Treino: 3240 imagens → X(3240, 59), y(3240,)
  ✅ Teste: 810 imagens → X(810, 59), y(810,)

🎉 5 folds processados com sucesso!
📊 Total imagens classe: 50
📊 Total imagens não-classe: 400
🔄 Dividindo em 5 folds...
  Fold 0: 10 classe, 80 não-classe
  Fold 1: 10 classe, 80 não-classe
  Fold 2: 10 classe, 80 não-classe
  Fold 3: 10 classe, 80 não-classe
  Fold 4: 10 classe, 80 não-classe

🔧 Construindo fold 0...
  ✅ Treino: 40 classe + 320 não-classe = 360
  ✅ Teste: 10 classe + 80 não-classe = 90

🔧 Construindo fold 1...
  ✅ Treino: 40 classe + 320 não-classe = 360
  ✅ Teste: 10 classe + 80 não-classe = 90

🔧 Construindo fold 2...
  ✅ Treino: 40 classe + 320 não-classe = 360
  ✅ Teste: 10 classe + 80 não-classe = 90

🔧 Construindo fold 3...
  ✅ Treino: 40 classe + 320 não-classe = 360
  ✅ Teste: 10 classe + 80 não-classe = 90

🔧 Construindo fold 4...
  ✅ Treino: 40 classe + 320 não-classe = 360
  ✅ Teste: 10 classe + 80 não-classe = 90

🎉 5 folds construídos com sucesso!
🔄 Convertendo folds para formato de classificação...

📂 Processando fold 0...
  🏋️ Processando dados de treino...
  🧪 Processando dados de teste...
  ✅ Treino: 3240 imagens → X(3240, 59), y(3240,)
  ✅ Teste: 810 imagens → X(810, 59), y(810,)

📂 Processando fold 1...
  🏋️ Processando dados de treino...
  🧪 Processando dados de teste...
  ✅ Treino: 3240 imagens → X(3240, 59), y(3240,)
  ✅ Teste: 810 imagens → X(810, 59), y(810,)

📂 Processando fold 2...
  🏋️ Processando dados de treino...
  🧪 Processando dados de teste...
  ✅ Treino: 3240 imagens → X(3240, 59), y(3240,)
  ✅ Teste: 810 imagens → X(810, 59), y(810,)

📂 Processando fold 3...
  🏋️ Processando dados de treino...
  🧪 Processando dados de teste...
  ✅ Treino: 3240 imagens → X(3240, 59), y(3240,)
  ✅ Teste: 810 imagens → X(810, 59), y(810,)

📂 Processando fold 4...
  🏋️ Processando dados de treino...
  🧪 Processando dados de teste...
  ✅ Treino: 3240 imagens → X(3240, 59), y(3240,)
  ✅ Teste: 810 imagens → X(810, 59), y(810,)

🎉 5 folds processados com sucesso!
📊 Total imagens classe: 50
📊 Total imagens não-classe: 400
🔄 Dividindo em 5 folds...
  Fold 0: 10 classe, 80 não-classe
  Fold 1: 10 classe, 80 não-classe
  Fold 2: 10 classe, 80 não-classe
  Fold 3: 10 classe, 80 não-classe
  Fold 4: 10 classe, 80 não-classe

🔧 Construindo fold 0...
  ✅ Treino: 40 classe + 320 não-classe = 360
  ✅ Teste: 10 classe + 80 não-classe = 90

🔧 Construindo fold 1...
  ✅ Treino: 40 classe + 320 não-classe = 360
  ✅ Teste: 10 classe + 80 não-classe = 90

🔧 Construindo fold 2...
  ✅ Treino: 40 classe + 320 não-classe = 360
  ✅ Teste: 10 classe + 80 não-classe = 90

🔧 Construindo fold 3...
  ✅ Treino: 40 classe + 320 não-classe = 360
  ✅ Teste: 10 classe + 80 não-classe = 90

🔧 Construindo fold 4...
  ✅ Treino: 40 classe + 320 não-classe = 360
  ✅ Teste: 10 classe + 80 não-classe = 90

🎉 5 folds construídos com sucesso!
🔄 Convertendo folds para formato de classificação...

📂 Processando fold 0...
  🏋️ Processando dados de treino...
  🧪 Processando dados de teste...
  ✅ Treino: 3240 imagens → X(3240, 59), y(3240,)
  ✅ Teste: 810 imagens → X(810, 59), y(810,)

📂 Processando fold 1...
  🏋️ Processando dados de treino...
  🧪 Processando dados de teste...
  ✅ Treino: 3240 imagens → X(3240, 59), y(3240,)
  ✅ Teste: 810 imagens → X(810, 59), y(810,)

📂 Processando fold 2...
  🏋️ Processando dados de treino...
  🧪 Processando dados de teste...
  ✅ Treino: 3240 imagens → X(3240, 59), y(3240,)
  ✅ Teste: 810 imagens → X(810, 59), y(810,)

📂 Processando fold 3...
  🏋️ Processando dados de treino...
  🧪 Processando dados de teste...
  ✅ Treino: 3240 imagens → X(3240, 59), y(3240,)
  ✅ Teste: 810 imagens → X(810, 59), y(810,)

📂 Processando fold 4...
  🏋️ Processando dados de treino...
  🧪 Processando dados de teste...
  ✅ Treino: 3240 imagens → X(3240, 59), y(3240,)
  ✅ Teste: 810 imagens → X(810, 59), y(810,)

🎉 5 folds processados com sucesso!
📊 Total imagens classe: 50
📊 Total imagens não-classe: 400
🔄 Dividindo em 5 folds...
  Fold 0: 10 classe, 80 não-classe
  Fold 1: 10 classe, 80 não-classe
  Fold 2: 10 classe, 80 não-classe
  Fold 3: 10 classe, 80 não-classe
  Fold 4: 10 classe, 80 não-classe

🔧 Construindo fold 0...
  ✅ Treino: 40 classe + 320 não-classe = 360
  ✅ Teste: 10 classe + 80 não-classe = 90

🔧 Construindo fold 1...
  ✅ Treino: 40 classe + 320 não-classe = 360
  ✅ Teste: 10 classe + 80 não-classe = 90

🔧 Construindo fold 2...
  ✅ Treino: 40 classe + 320 não-classe = 360
  ✅ Teste: 10 classe + 80 não-classe = 90

🔧 Construindo fold 3...
  ✅ Treino: 40 classe + 320 não-classe = 360
  ✅ Teste: 10 classe + 80 não-classe = 90

🔧 Construindo fold 4...
  ✅ Treino: 40 classe + 320 não-classe = 360
  ✅ Teste: 10 classe + 80 não-classe = 90

🎉 5 folds construídos com sucesso!
🔄 Convertendo folds para formato de classificação...

📂 Processando fold 0...
  🏋️ Processando dados de treino...
  🧪 Processando dados de teste...
  ✅ Treino: 3240 imagens → X(3240, 59), y(3240,)
  ✅ Teste: 810 imagens → X(810, 59), y(810,)

📂 Processando fold 1...
  🏋️ Processando dados de treino...
  🧪 Processando dados de teste...
  ✅ Treino: 3240 imagens → X(3240, 59), y(3240,)
  ✅ Teste: 810 imagens → X(810, 59), y(810,)

📂 Processando fold 2...
  🏋️ Processando dados de treino...
  🧪 Processando dados de teste...
  ✅ Treino: 3240 imagens → X(3240, 59), y(3240,)
  ✅ Teste: 810 imagens → X(810, 59), y(810,)

📂 Processando fold 3...
  🏋️ Processando dados de treino...
  🧪 Processando dados de teste...
  ✅ Treino: 3240 imagens → X(3240, 59), y(3240,)
  ✅ Teste: 810 imagens → X(810, 59), y(810,)

📂 Processando fold 4...
  🏋️ Processando dados de treino...
  🧪 Processando dados de teste...
  ✅ Treino: 3240 imagens → X(3240, 59), y(3240,)
  ✅ Teste: 810 imagens → X(810, 59), y(810,)

🎉 5 folds processados com sucesso!
📊 Total imagens classe: 50
📊 Total imagens não-classe: 400
🔄 Dividindo em 5 folds...
  Fold 0: 10 classe, 80 não-classe
  Fold 1: 10 classe, 80 não-classe
  Fold 2: 10 classe, 80 não-classe
  Fold 3: 10 classe, 80 não-classe
  Fold 4: 10 classe, 80 não-classe

🔧 Construindo fold 0...
  ✅ Treino: 40 classe + 320 não-classe = 360
  ✅ Teste: 10 classe + 80 não-classe = 90

🔧 Construindo fold 1...
  ✅ Treino: 40 classe + 320 não-classe = 360
  ✅ Teste: 10 classe + 80 não-classe = 90

🔧 Construindo fold 2...
  ✅ Treino: 40 classe + 320 não-classe = 360
  ✅ Teste: 10 classe + 80 não-classe = 90

🔧 Construindo fold 3...
  ✅ Treino: 40 classe + 320 não-classe = 360
  ✅ Teste: 10 classe + 80 não-classe = 90

🔧 Construindo fold 4...
  ✅ Treino: 40 classe + 320 não-classe = 360
  ✅ Teste: 10 classe + 80 não-classe = 90

🎉 5 folds construídos com sucesso!
🔄 Convertendo folds para formato de classificação...

📂 Processando fold 0...
  🏋️ Processando dados de treino...
  🧪 Processando dados de teste...
  ✅ Treino: 3240 imagens → X(3240, 72), y(3240,)
  ✅ Teste: 810 imagens → X(810, 72), y(810,)

📂 Processando fold 1...
  🏋️ Processando dados de treino...
  🧪 Processando dados de teste...
  ✅ Treino: 3240 imagens → X(3240, 72), y(3240,)
  ✅ Teste: 810 imagens → X(810, 72), y(810,)

📂 Processando fold 2...
  🏋️ Processando dados de treino...
  🧪 Processando dados de teste...
  ✅ Treino: 3240 imagens → X(3240, 72), y(3240,)
  ✅ Teste: 810 imagens → X(810, 72), y(810,)

📂 Processando fold 3...
  🏋️ Processando dados de treino...
  🧪 Processando dados de teste...
  ✅ Treino: 3240 imagens → X(3240, 72), y(3240,)
  ✅ Teste: 810 imagens → X(810, 72), y(810,)

📂 Processando fold 4...
  🏋️ Processando dados de treino...
  🧪 Processando dados de teste...
  ✅ Treino: 3240 imagens → X(3240, 72), y(3240,)
  ✅ Teste: 810 imagens → X(810, 72), y(810,)

🎉 5 folds processados com sucesso!
📊 Total imagens classe: 50
📊 Total imagens não-classe: 400
🔄 Dividindo em 5 folds...
  Fold 0: 10 classe, 80 não-classe
  Fold 1: 10 classe, 80 não-classe
  Fold 2: 10 classe, 80 não-classe
  Fold 3: 10 classe, 80 não-classe
  Fold 4: 10 classe, 80 não-classe

🔧 Construindo fold 0...
  ✅ Treino: 40 classe + 320 não-classe = 360
  ✅ Teste: 10 classe + 80 não-classe = 90

🔧 Construindo fold 1...
  ✅ Treino: 40 classe + 320 não-classe = 360
  ✅ Teste: 10 classe + 80 não-classe = 90

🔧 Construindo fold 2...
  ✅ Treino: 40 classe + 320 não-classe = 360
  ✅ Teste: 10 classe + 80 não-classe = 90

🔧 Construindo fold 3...
  ✅ Treino: 40 classe + 320 não-classe = 360
  ✅ Teste: 10 classe + 80 não-classe = 90

🔧 Construindo fold 4...
  ✅ Treino: 40 classe + 320 não-classe = 360
  ✅ Teste: 10 classe + 80 não-classe = 90

🎉 5 folds construídos com sucesso!
🔄 Convertendo folds para formato de classificação...

📂 Processando fold 0...
  🏋️ Processando dados de treino...
  🧪 Processando dados de teste...
  ✅ Treino: 3240 imagens → X(3240, 72), y(3240,)
  ✅ Teste: 810 imagens → X(810, 72), y(810,)

📂 Processando fold 1...
  🏋️ Processando dados de treino...
  🧪 Processando dados de teste...
  ✅ Treino: 3240 imagens → X(3240, 72), y(3240,)
  ✅ Teste: 810 imagens → X(810, 72), y(810,)

📂 Processando fold 2...
  🏋️ Processando dados de treino...
  🧪 Processando dados de teste...
  ✅ Treino: 3240 imagens → X(3240, 72), y(3240,)
  ✅ Teste: 810 imagens → X(810, 72), y(810,)

📂 Processando fold 3...
  🏋️ Processando dados de treino...
  🧪 Processando dados de teste...
  ✅ Treino: 3240 imagens → X(3240, 72), y(3240,)
  ✅ Teste: 810 imagens → X(810, 72), y(810,)

📂 Processando fold 4...
  🏋️ Processando dados de treino...
  🧪 Processando dados de teste...
  ✅ Treino: 3240 imagens → X(3240, 72), y(3240,)
  ✅ Teste: 810 imagens → X(810, 72), y(810,)

🎉 5 folds processados com sucesso!
📊 Total imagens classe: 50
📊 Total imagens não-classe: 400
🔄 Dividindo em 5 folds...
  Fold 0: 10 classe, 80 não-classe
  Fold 1: 10 classe, 80 não-classe
  Fold 2: 10 classe, 80 não-classe
  Fold 3: 10 classe, 80 não-classe
  Fold 4: 10 classe, 80 não-classe

🔧 Construindo fold 0...
  ✅ Treino: 40 classe + 320 não-classe = 360
  ✅ Teste: 10 classe + 80 não-classe = 90

🔧 Construindo fold 1...
  ✅ Treino: 40 classe + 320 não-classe = 360
  ✅ Teste: 10 classe + 80 não-classe = 90

🔧 Construindo fold 2...
  ✅ Treino: 40 classe + 320 não-classe = 360
  ✅ Teste: 10 classe + 80 não-classe = 90

🔧 Construindo fold 3...
  ✅ Treino: 40 classe + 320 não-classe = 360
  ✅ Teste: 10 classe + 80 não-classe = 90

🔧 Construindo fold 4...
  ✅ Treino: 40 classe + 320 não-classe = 360
  ✅ Teste: 10 classe + 80 não-classe = 90

🎉 5 folds construídos com sucesso!
🔄 Convertendo folds para formato de classificação...

📂 Processando fold 0...
  🏋️ Processando dados de treino...
  🧪 Processando dados de teste...
  ✅ Treino: 3240 imagens → X(3240, 72), y(3240,)
  ✅ Teste: 810 imagens → X(810, 72), y(810,)

📂 Processando fold 1...
  🏋️ Processando dados de treino...
  🧪 Processando dados de teste...
  ✅ Treino: 3240 imagens → X(3240, 72), y(3240,)
  ✅ Teste: 810 imagens → X(810, 72), y(810,)

📂 Processando fold 2...
  🏋️ Processando dados de treino...
  🧪 Processando dados de teste...
  ✅ Treino: 3240 imagens → X(3240, 72), y(3240,)
  ✅ Teste: 810 imagens → X(810, 72), y(810,)

📂 Processando fold 3...
  🏋️ Processando dados de treino...
  🧪 Processando dados de teste...
  ✅ Treino: 3240 imagens → X(3240, 72), y(3240,)
  ✅ Teste: 810 imagens → X(810, 72), y(810,)

📂 Processando fold 4...
  🏋️ Processando dados de treino...
  🧪 Processando dados de teste...
  ✅ Treino: 3240 imagens → X(3240, 72), y(3240,)
  ✅ Teste: 810 imagens → X(810, 72), y(810,)

🎉 5 folds processados com sucesso!
📊 Total imagens classe: 50
📊 Total imagens não-classe: 400
🔄 Dividindo em 5 folds...
  Fold 0: 10 classe, 80 não-classe
  Fold 1: 10 classe, 80 não-classe
  Fold 2: 10 classe, 80 não-classe
  Fold 3: 10 classe, 80 não-classe
  Fold 4: 10 classe, 80 não-classe

🔧 Construindo fold 0...
  ✅ Treino: 40 classe + 320 não-classe = 360
  ✅ Teste: 10 classe + 80 não-classe = 90

🔧 Construindo fold 1...
  ✅ Treino: 40 classe + 320 não-classe = 360
  ✅ Teste: 10 classe + 80 não-classe = 90

🔧 Construindo fold 2...
  ✅ Treino: 40 classe + 320 não-classe = 360
  ✅ Teste: 10 classe + 80 não-classe = 90

🔧 Construindo fold 3...
  ✅ Treino: 40 classe + 320 não-classe = 360
  ✅ Teste: 10 classe + 80 não-classe = 90

🔧 Construindo fold 4...
  ✅ Treino: 40 classe + 320 não-classe = 360
  ✅ Teste: 10 classe + 80 não-classe = 90

🎉 5 folds construídos com sucesso!
🔄 Convertendo folds para formato de classificação...

📂 Processando fold 0...
  🏋️ Processando dados de treino...
  🧪 Processando dados de teste...
  ✅ Treino: 3240 imagens → X(3240, 72), y(3240,)
  ✅ Teste: 810 imagens → X(810, 72), y(810,)

📂 Processando fold 1...
  🏋️ Processando dados de treino...
  🧪 Processando dados de teste...
  ✅ Treino: 3240 imagens → X(3240, 72), y(3240,)
  ✅ Teste: 810 imagens → X(810, 72), y(810,)

📂 Processando fold 2...
  🏋️ Processando dados de treino...
  🧪 Processando dados de teste...
  ✅ Treino: 3240 imagens → X(3240, 72), y(3240,)
  ✅ Teste: 810 imagens → X(810, 72), y(810,)

📂 Processando fold 3...
  🏋️ Processando dados de treino...
  🧪 Processando dados de teste...
  ✅ Treino: 3240 imagens → X(3240, 72), y(3240,)
  ✅ Teste: 810 imagens → X(810, 72), y(810,)

📂 Processando fold 4...
  🏋️ Processando dados de treino...
  🧪 Processando dados de teste...
  ✅ Treino: 3240 imagens → X(3240, 72), y(3240,)
  ✅ Teste: 810 imagens → X(810, 72), y(810,)

🎉 5 folds processados com sucesso!
📊 Total imagens classe: 50
📊 Total imagens não-classe: 400
🔄 Dividindo em 5 folds...
  Fold 0: 10 classe, 80 não-classe
  Fold 1: 10 classe, 80 não-classe
  Fold 2: 10 classe, 80 não-classe
  Fold 3: 10 classe, 80 não-classe
  Fold 4: 10 classe, 80 não-classe

🔧 Construindo fold 0...
  ✅ Treino: 40 classe + 320 não-classe = 360
  ✅ Teste: 10 classe + 80 não-classe = 90

🔧 Construindo fold 1...
  ✅ Treino: 40 classe + 320 não-classe = 360
  ✅ Teste: 10 classe + 80 não-classe = 90

🔧 Construindo fold 2...
  ✅ Treino: 40 classe + 320 não-classe = 360
  ✅ Teste: 10 classe + 80 não-classe = 90

🔧 Construindo fold 3...
  ✅ Treino: 40 classe + 320 não-classe = 360
  ✅ Teste: 10 classe + 80 não-classe = 90

🔧 Construindo fold 4...
  ✅ Treino: 40 classe + 320 não-classe = 360
  ✅ Teste: 10 classe + 80 não-classe = 90

🎉 5 folds construídos com sucesso!
🔄 Convertendo folds para formato de classificação...

📂 Processando fold 0...
  🏋️ Processando dados de treino...
  🧪 Processando dados de teste...
  ✅ Treino: 3240 imagens → X(3240, 72), y(3240,)
  ✅ Teste: 810 imagens → X(810, 72), y(810,)

📂 Processando fold 1...
  🏋️ Processando dados de treino...
  🧪 Processando dados de teste...
  ✅ Treino: 3240 imagens → X(3240, 72), y(3240,)
  ✅ Teste: 810 imagens → X(810, 72), y(810,)

📂 Processando fold 2...
  🏋️ Processando dados de treino...
  🧪 Processando dados de teste...
  ✅ Treino: 3240 imagens → X(3240, 72), y(3240,)
  ✅ Teste: 810 imagens → X(810, 72), y(810,)

📂 Processando fold 3...
  🏋️ Processando dados de treino...
  🧪 Processando dados de teste...
  ✅ Treino: 3240 imagens → X(3240, 72), y(3240,)
  ✅ Teste: 810 imagens → X(810, 72), y(810,)

📂 Processando fold 4...
  🏋️ Processando dados de treino...
  🧪 Processando dados de teste...
  ✅ Treino: 3240 imagens → X(3240, 72), y(3240,)
  ✅ Teste: 810 imagens → X(810, 72), y(810,)

🎉 5 folds processados com sucesso!
📊 Total imagens classe: 50
📊 Total imagens não-classe: 400
🔄 Dividindo em 5 folds...
  Fold 0: 10 classe, 80 não-classe
  Fold 1: 10 classe, 80 não-classe
  Fold 2: 10 classe, 80 não-classe
  Fold 3: 10 classe, 80 não-classe
  Fold 4: 10 classe, 80 não-classe

🔧 Construindo fold 0...
  ✅ Treino: 40 classe + 320 não-classe = 360
  ✅ Teste: 10 classe + 80 não-classe = 90

🔧 Construindo fold 1...
  ✅ Treino: 40 classe + 320 não-classe = 360
  ✅ Teste: 10 classe + 80 não-classe = 90

🔧 Construindo fold 2...
  ✅ Treino: 40 classe + 320 não-classe = 360
  ✅ Teste: 10 classe + 80 não-classe = 90

🔧 Construindo fold 3...
  ✅ Treino: 40 classe + 320 não-classe = 360
  ✅ Teste: 10 classe + 80 não-classe = 90

🔧 Construindo fold 4...
  ✅ Treino: 40 classe + 320 não-classe = 360
  ✅ Teste: 10 classe + 80 não-classe = 90

🎉 5 folds construídos com sucesso!
🔄 Convertendo folds para formato de classificação...

📂 Processando fold 0...
  🏋️ Processando dados de treino...
  🧪 Processando dados de teste...
  ✅ Treino: 3240 imagens → X(3240, 72), y(3240,)
  ✅ Teste: 810 imagens → X(810, 72), y(810,)

📂 Processando fold 1...
  🏋️ Processando dados de treino...
  🧪 Processando dados de teste...
  ✅ Treino: 3240 imagens → X(3240, 72), y(3240,)
  ✅ Teste: 810 imagens → X(810, 72), y(810,)

📂 Processando fold 2...
  🏋️ Processando dados de treino...
  🧪 Processando dados de teste...
  ✅ Treino: 3240 imagens → X(3240, 72), y(3240,)
  ✅ Teste: 810 imagens → X(810, 72), y(810,)

📂 Processando fold 3...
  🏋️ Processando dados de treino...
  🧪 Processando dados de teste...
  ✅ Treino: 3240 imagens → X(3240, 72), y(3240,)
  ✅ Teste: 810 imagens → X(810, 72), y(810,)

📂 Processando fold 4...
  🏋️ Processando dados de treino...
  🧪 Processando dados de teste...
  ✅ Treino: 3240 imagens → X(3240, 72), y(3240,)
  ✅ Teste: 810 imagens → X(810, 72), y(810,)

🎉 5 folds processados com sucesso!
📊 Total imagens classe: 50
📊 Total imagens não-classe: 400
🔄 Dividindo em 5 folds...
  Fold 0: 10 classe, 80 não-classe
  Fold 1: 10 classe, 80 não-classe
  Fold 2: 10 classe, 80 não-classe
  Fold 3: 10 classe, 80 não-classe
  Fold 4: 10 classe, 80 não-classe

🔧 Construindo fold 0...
  ✅ Treino: 40 classe + 320 não-classe = 360
  ✅ Teste: 10 classe + 80 não-classe = 90

🔧 Construindo fold 1...
  ✅ Treino: 40 classe + 320 não-classe = 360
  ✅ Teste: 10 classe + 80 não-classe = 90

🔧 Construindo fold 2...
  ✅ Treino: 40 classe + 320 não-classe = 360
  ✅ Teste: 10 classe + 80 não-classe = 90

🔧 Construindo fold 3...
  ✅ Treino: 40 classe + 320 não-classe = 360
  ✅ Teste: 10 classe + 80 não-classe = 90

🔧 Construindo fold 4...
  ✅ Treino: 40 classe + 320 não-classe = 360
  ✅ Teste: 10 classe + 80 não-classe = 90

🎉 5 folds construídos com sucesso!
🔄 Convertendo folds para formato de classificação...

📂 Processando fold 0...
  🏋️ Processando dados de treino...
  🧪 Processando dados de teste...
  ✅ Treino: 3240 imagens → X(3240, 72), y(3240,)
  ✅ Teste: 810 imagens → X(810, 72), y(810,)

📂 Processando fold 1...
  🏋️ Processando dados de treino...
  🧪 Processando dados de teste...
  ✅ Treino: 3240 imagens → X(3240, 72), y(3240,)
  ✅ Teste: 810 imagens → X(810, 72), y(810,)

📂 Processando fold 2...
  🏋️ Processando dados de treino...
  🧪 Processando dados de teste...
  ✅ Treino: 3240 imagens → X(3240, 72), y(3240,)
  ✅ Teste: 810 imagens → X(810, 72), y(810,)

📂 Processando fold 3...
  🏋️ Processando dados de treino...
  🧪 Processando dados de teste...
  ✅ Treino: 3240 imagens → X(3240, 72), y(3240,)
  ✅ Teste: 810 imagens → X(810, 72), y(810,)

📂 Processando fold 4...
  🏋️ Processando dados de treino...
  🧪 Processando dados de teste...
  ✅ Treino: 3240 imagens → X(3240, 72), y(3240,)
  ✅ Teste: 810 imagens → X(810, 72), y(810,)

🎉 5 folds processados com sucesso!
📊 Total imagens classe: 50
📊 Total imagens não-classe: 400
🔄 Dividindo em 5 folds...
  Fold 0: 10 classe, 80 não-classe
  Fold 1: 10 classe, 80 não-classe
  Fold 2: 10 classe, 80 não-classe
  Fold 3: 10 classe, 80 não-classe
  Fold 4: 10 classe, 80 não-classe

🔧 Construindo fold 0...
  ✅ Treino: 40 classe + 320 não-classe = 360
  ✅ Teste: 10 classe + 80 não-classe = 90

🔧 Construindo fold 1...
  ✅ Treino: 40 classe + 320 não-classe = 360
  ✅ Teste: 10 classe + 80 não-classe = 90

🔧 Construindo fold 2...
  ✅ Treino: 40 classe + 320 não-classe = 360
  ✅ Teste: 10 classe + 80 não-classe = 90

🔧 Construindo fold 3...
  ✅ Treino: 40 classe + 320 não-classe = 360
  ✅ Teste: 10 classe + 80 não-classe = 90

🔧 Construindo fold 4...
  ✅ Treino: 40 classe + 320 não-classe = 360
  ✅ Teste: 10 classe + 80 não-classe = 90

🎉 5 folds construídos com sucesso!
🔄 Convertendo folds para formato de classificação...

📂 Processando fold 0...
  🏋️ Processando dados de treino...
  🧪 Processando dados de teste...
  ✅ Treino: 3240 imagens → X(3240, 72), y(3240,)
  ✅ Teste: 810 imagens → X(810, 72), y(810,)

📂 Processando fold 1...
  🏋️ Processando dados de treino...
  🧪 Processando dados de teste...
  ✅ Treino: 3240 imagens → X(3240, 72), y(3240,)
  ✅ Teste: 810 imagens → X(810, 72), y(810,)

📂 Processando fold 2...
  🏋️ Processando dados de treino...
  🧪 Processando dados de teste...
  ✅ Treino: 3240 imagens → X(3240, 72), y(3240,)
  ✅ Teste: 810 imagens → X(810, 72), y(810,)

📂 Processando fold 3...
  🏋️ Processando dados de treino...
  🧪 Processando dados de teste...
  ✅ Treino: 3240 imagens → X(3240, 72), y(3240,)
  ✅ Teste: 810 imagens → X(810, 72), y(810,)

📂 Processando fold 4...
  🏋️ Processando dados de treino...
  🧪 Processando dados de teste...
  ✅ Treino: 3240 imagens → X(3240, 72), y(3240,)
  ✅ Teste: 810 imagens → X(810, 72), y(810,)

🎉 5 folds processados com sucesso!
📊 Total imagens classe: 50
📊 Total imagens não-classe: 400
🔄 Dividindo em 5 folds...
  Fold 0: 10 classe, 80 não-classe
  Fold 1: 10 classe, 80 não-classe
  Fold 2: 10 classe, 80 não-classe
  Fold 3: 10 classe, 80 não-classe
  Fold 4: 10 classe, 80 não-classe

🔧 Construindo fold 0...
  ✅ Treino: 40 classe + 320 não-classe = 360
  ✅ Teste: 10 classe + 80 não-classe = 90

🔧 Construindo fold 1...
  ✅ Treino: 40 classe + 320 não-classe = 360
  ✅ Teste: 10 classe + 80 não-classe = 90

🔧 Construindo fold 2...
  ✅ Treino: 40 classe + 320 não-classe = 360
  ✅ Teste: 10 classe + 80 não-classe = 90

🔧 Construindo fold 3...
  ✅ Treino: 40 classe + 320 não-classe = 360
  ✅ Teste: 10 classe + 80 não-classe = 90

🔧 Construindo fold 4...
  ✅ Treino: 40 classe + 320 não-classe = 360
  ✅ Teste: 10 classe + 80 não-classe = 90

🎉 5 folds construídos com sucesso!
🔄 Convertendo folds para formato de classificação...

📂 Processando fold 0...
  🏋️ Processando dados de treino...
  🧪 Processando dados de teste...
  ✅ Treino: 3240 imagens → X(3240, 72), y(3240,)
  ✅ Teste: 810 imagens → X(810, 72), y(810,)

📂 Processando fold 1...
  🏋️ Processando dados de treino...
  🧪 Processando dados de teste...
  ✅ Treino: 3240 imagens → X(3240, 72), y(3240,)
  ✅ Teste: 810 imagens → X(810, 72), y(810,)

📂 Processando fold 2...
  🏋️ Processando dados de treino...
  🧪 Processando dados de teste...
  ✅ Treino: 3240 imagens → X(3240, 72), y(3240,)
  ✅ Teste: 810 imagens → X(810, 72), y(810,)

📂 Processando fold 3...
  🏋️ Processando dados de treino...
  🧪 Processando dados de teste...
  ✅ Treino: 3240 imagens → X(3240, 72), y(3240,)
  ✅ Teste: 810 imagens → X(810, 72), y(810,)

📂 Processando fold 4...
  🏋️ Processando dados de treino...
  🧪 Processando dados de teste...
  ✅ Treino: 3240 imagens → X(3240, 72), y(3240,)
  ✅ Teste: 810 imagens → X(810, 72), y(810,)

🎉 5 folds processados com sucesso!
📊 Total imagens classe: 50
📊 Total imagens não-classe: 400
🔄 Dividindo em 5 folds...
  Fold 0: 10 classe, 80 não-classe
  Fold 1: 10 classe, 80 não-classe
  Fold 2: 10 classe, 80 não-classe
  Fold 3: 10 classe, 80 não-classe
  Fold 4: 10 classe, 80 não-classe

🔧 Construindo fold 0...
  ✅ Treino: 40 classe + 320 não-classe = 360
  ✅ Teste: 10 classe + 80 não-classe = 90

🔧 Construindo fold 1...
  ✅ Treino: 40 classe + 320 não-classe = 360
  ✅ Teste: 10 classe + 80 não-classe = 90

🔧 Construindo fold 2...
  ✅ Treino: 40 classe + 320 não-classe = 360
  ✅ Teste: 10 classe + 80 não-classe = 90

🔧 Construindo fold 3...
  ✅ Treino: 40 classe + 320 não-classe = 360
  ✅ Teste: 10 classe + 80 não-classe = 90

🔧 Construindo fold 4...
  ✅ Treino: 40 classe + 320 não-classe = 360
  ✅ Teste: 10 classe + 80 não-classe = 90

🎉 5 folds construídos com sucesso!
🔄 Convertendo folds para formato de classificação...

📂 Processando fold 0...
  🏋️ Processando dados de treino...
  🧪 Processando dados de teste...
  ✅ Treino: 3240 imagens → X(3240, 256), y(3240,)
  ✅ Teste: 810 imagens → X(810, 256), y(810,)

📂 Processando fold 1...
  🏋️ Processando dados de treino...
  🧪 Processando dados de teste...
  ✅ Treino: 3240 imagens → X(3240, 256), y(3240,)
  ✅ Teste: 810 imagens → X(810, 256), y(810,)

📂 Processando fold 2...
  🏋️ Processando dados de treino...
  🧪 Processando dados de teste...
  ✅ Treino: 3240 imagens → X(3240, 256), y(3240,)
  ✅ Teste: 810 imagens → X(810, 256), y(810,)

📂 Processando fold 3...
  🏋️ Processando dados de treino...
  🧪 Processando dados de teste...
  ✅ Treino: 3240 imagens → X(3240, 256), y(3240,)
  ✅ Teste: 810 imagens → X(810, 256), y(810,)

📂 Processando fold 4...
  🏋️ Processando dados de treino...
  🧪 Processando dados de teste...
  ✅ Treino: 3240 imagens → X(3240, 256), y(3240,)
  ✅ Teste: 810 imagens → X(810, 256), y(810,)

🎉 5 folds processados com sucesso!
📊 Total imagens classe: 50
📊 Total imagens não-classe: 400
🔄 Dividindo em 5 folds...
  Fold 0: 10 classe, 80 não-classe
  Fold 1: 10 classe, 80 não-classe
  Fold 2: 10 classe, 80 não-classe
  Fold 3: 10 classe, 80 não-classe
  Fold 4: 10 classe, 80 não-classe

🔧 Construindo fold 0...
  ✅ Treino: 40 classe + 320 não-classe = 360
  ✅ Teste: 10 classe + 80 não-classe = 90

🔧 Construindo fold 1...
  ✅ Treino: 40 classe + 320 não-classe = 360
  ✅ Teste: 10 classe + 80 não-classe = 90

🔧 Construindo fold 2...
  ✅ Treino: 40 classe + 320 não-classe = 360
  ✅ Teste: 10 classe + 80 não-classe = 90

🔧 Construindo fold 3...
  ✅ Treino: 40 classe + 320 não-classe = 360
  ✅ Teste: 10 classe + 80 não-classe = 90

🔧 Construindo fold 4...
  ✅ Treino: 40 classe + 320 não-classe = 360
  ✅ Teste: 10 classe + 80 não-classe = 90

🎉 5 folds construídos com sucesso!
🔄 Convertendo folds para formato de classificação...

📂 Processando fold 0...
  🏋️ Processando dados de treino...
  🧪 Processando dados de teste...
  ✅ Treino: 3240 imagens → X(3240, 256), y(3240,)
  ✅ Teste: 810 imagens → X(810, 256), y(810,)

📂 Processando fold 1...
  🏋️ Processando dados de treino...
  🧪 Processando dados de teste...
  ✅ Treino: 3240 imagens → X(3240, 256), y(3240,)
  ✅ Teste: 810 imagens → X(810, 256), y(810,)

📂 Processando fold 2...
  🏋️ Processando dados de treino...
  🧪 Processando dados de teste...
  ✅ Treino: 3240 imagens → X(3240, 256), y(3240,)
  ✅ Teste: 810 imagens → X(810, 256), y(810,)

📂 Processando fold 3...
  🏋️ Processando dados de treino...
  🧪 Processando dados de teste...
  ✅ Treino: 3240 imagens → X(3240, 256), y(3240,)
  ✅ Teste: 810 imagens → X(810, 256), y(810,)

📂 Processando fold 4...
  🏋️ Processando dados de treino...
  🧪 Processando dados de teste...
  ✅ Treino: 3240 imagens → X(3240, 256), y(3240,)
  ✅ Teste: 810 imagens → X(810, 256), y(810,)

🎉 5 folds processados com sucesso!
📊 Total imagens classe: 50
📊 Total imagens não-classe: 400
🔄 Dividindo em 5 folds...
  Fold 0: 10 classe, 80 não-classe
  Fold 1: 10 classe, 80 não-classe
  Fold 2: 10 classe, 80 não-classe
  Fold 3: 10 classe, 80 não-classe
  Fold 4: 10 classe, 80 não-classe

🔧 Construindo fold 0...
  ✅ Treino: 40 classe + 320 não-classe = 360
  ✅ Teste: 10 classe + 80 não-classe = 90

🔧 Construindo fold 1...
  ✅ Treino: 40 classe + 320 não-classe = 360
  ✅ Teste: 10 classe + 80 não-classe = 90

🔧 Construindo fold 2...
  ✅ Treino: 40 classe + 320 não-classe = 360
  ✅ Teste: 10 classe + 80 não-classe = 90

🔧 Construindo fold 3...
  ✅ Treino: 40 classe + 320 não-classe = 360
  ✅ Teste: 10 classe + 80 não-classe = 90

🔧 Construindo fold 4...
  ✅ Treino: 40 classe + 320 não-classe = 360
  ✅ Teste: 10 classe + 80 não-classe = 90

🎉 5 folds construídos com sucesso!
🔄 Convertendo folds para formato de classificação...

📂 Processando fold 0...
  🏋️ Processando dados de treino...
  🧪 Processando dados de teste...
  ✅ Treino: 3240 imagens → X(3240, 256), y(3240,)
  ✅ Teste: 810 imagens → X(810, 256), y(810,)

📂 Processando fold 1...
  🏋️ Processando dados de treino...
  🧪 Processando dados de teste...
  ✅ Treino: 3240 imagens → X(3240, 256), y(3240,)
  ✅ Teste: 810 imagens → X(810, 256), y(810,)

📂 Processando fold 2...
  🏋️ Processando dados de treino...
  🧪 Processando dados de teste...
  ✅ Treino: 3240 imagens → X(3240, 256), y(3240,)
  ✅ Teste: 810 imagens → X(810, 256), y(810,)

📂 Processando fold 3...
  🏋️ Processando dados de treino...
  🧪 Processando dados de teste...
  ✅ Treino: 3240 imagens → X(3240, 256), y(3240,)
  ✅ Teste: 810 imagens → X(810, 256), y(810,)

📂 Processando fold 4...
  🏋️ Processando dados de treino...
  🧪 Processando dados de teste...
  ✅ Treino: 3240 imagens → X(3240, 256), y(3240,)
  ✅ Teste: 810 imagens → X(810, 256), y(810,)

🎉 5 folds processados com sucesso!
📊 Total imagens classe: 50
📊 Total imagens não-classe: 400
🔄 Dividindo em 5 folds...
  Fold 0: 10 classe, 80 não-classe
  Fold 1: 10 classe, 80 não-classe
  Fold 2: 10 classe, 80 não-classe
  Fold 3: 10 classe, 80 não-classe
  Fold 4: 10 classe, 80 não-classe

🔧 Construindo fold 0...
  ✅ Treino: 40 classe + 320 não-classe = 360
  ✅ Teste: 10 classe + 80 não-classe = 90

🔧 Construindo fold 1...
  ✅ Treino: 40 classe + 320 não-classe = 360
  ✅ Teste: 10 classe + 80 não-classe = 90

🔧 Construindo fold 2...
  ✅ Treino: 40 classe + 320 não-classe = 360
  ✅ Teste: 10 classe + 80 não-classe = 90

🔧 Construindo fold 3...
  ✅ Treino: 40 classe + 320 não-classe = 360
  ✅ Teste: 10 classe + 80 não-classe = 90

🔧 Construindo fold 4...
  ✅ Treino: 40 classe + 320 não-classe = 360
  ✅ Teste: 10 classe + 80 não-classe = 90

🎉 5 folds construídos com sucesso!
🔄 Convertendo folds para formato de classificação...

📂 Processando fold 0...
  🏋️ Processando dados de treino...
  🧪 Processando dados de teste...
  ✅ Treino: 3240 imagens → X(3240, 256), y(3240,)
  ✅ Teste: 810 imagens → X(810, 256), y(810,)

📂 Processando fold 1...
  🏋️ Processando dados de treino...
  🧪 Processando dados de teste...
  ✅ Treino: 3240 imagens → X(3240, 256), y(3240,)
  ✅ Teste: 810 imagens → X(810, 256), y(810,)

📂 Processando fold 2...
  🏋️ Processando dados de treino...
  🧪 Processando dados de teste...
  ✅ Treino: 3240 imagens → X(3240, 256), y(3240,)
  ✅ Teste: 810 imagens → X(810, 256), y(810,)

📂 Processando fold 3...
  🏋️ Processando dados de treino...
  🧪 Processando dados de teste...
  ✅ Treino: 3240 imagens → X(3240, 256), y(3240,)
  ✅ Teste: 810 imagens → X(810, 256), y(810,)

📂 Processando fold 4...
  🏋️ Processando dados de treino...
  🧪 Processando dados de teste...
  ✅ Treino: 3240 imagens → X(3240, 256), y(3240,)
  ✅ Teste: 810 imagens → X(810, 256), y(810,)

🎉 5 folds processados com sucesso!
📊 Total imagens classe: 50
📊 Total imagens não-classe: 400
🔄 Dividindo em 5 folds...
  Fold 0: 10 classe, 80 não-classe
  Fold 1: 10 classe, 80 não-classe
  Fold 2: 10 classe, 80 não-classe
  Fold 3: 10 classe, 80 não-classe
  Fold 4: 10 classe, 80 não-classe

🔧 Construindo fold 0...
  ✅ Treino: 40 classe + 320 não-classe = 360
  ✅ Teste: 10 classe + 80 não-classe = 90

🔧 Construindo fold 1...
  ✅ Treino: 40 classe + 320 não-classe = 360
  ✅ Teste: 10 classe + 80 não-classe = 90

🔧 Construindo fold 2...
  ✅ Treino: 40 classe + 320 não-classe = 360
  ✅ Teste: 10 classe + 80 não-classe = 90

🔧 Construindo fold 3...
  ✅ Treino: 40 classe + 320 não-classe = 360
  ✅ Teste: 10 classe + 80 não-classe = 90

🔧 Construindo fold 4...
  ✅ Treino: 40 classe + 320 não-classe = 360
  ✅ Teste: 10 classe + 80 não-classe = 90

🎉 5 folds construídos com sucesso!
🔄 Convertendo folds para formato de classificação...

📂 Processando fold 0...
  🏋️ Processando dados de treino...
  🧪 Processando dados de teste...
  ✅ Treino: 3240 imagens → X(3240, 256), y(3240,)
  ✅ Teste: 810 imagens → X(810, 256), y(810,)

📂 Processando fold 1...
  🏋️ Processando dados de treino...
  🧪 Processando dados de teste...
  ✅ Treino: 3240 imagens → X(3240, 256), y(3240,)
  ✅ Teste: 810 imagens → X(810, 256), y(810,)

📂 Processando fold 2...
  🏋️ Processando dados de treino...
  🧪 Processando dados de teste...
  ✅ Treino: 3240 imagens → X(3240, 256), y(3240,)
  ✅ Teste: 810 imagens → X(810, 256), y(810,)

📂 Processando fold 3...
  🏋️ Processando dados de treino...
  🧪 Processando dados de teste...
  ✅ Treino: 3240 imagens → X(3240, 256), y(3240,)
  ✅ Teste: 810 imagens → X(810, 256), y(810,)

📂 Processando fold 4...
  🏋️ Processando dados de treino...
  🧪 Processando dados de teste...
  ✅ Treino: 3240 imagens → X(3240, 256), y(3240,)
  ✅ Teste: 810 imagens → X(810, 256), y(810,)

🎉 5 folds processados com sucesso!
📊 Total imagens classe: 50
📊 Total imagens não-classe: 400
🔄 Dividindo em 5 folds...
  Fold 0: 10 classe, 80 não-classe
  Fold 1: 10 classe, 80 não-classe
  Fold 2: 10 classe, 80 não-classe
  Fold 3: 10 classe, 80 não-classe
  Fold 4: 10 classe, 80 não-classe

🔧 Construindo fold 0...
  ✅ Treino: 40 classe + 320 não-classe = 360
  ✅ Teste: 10 classe + 80 não-classe = 90

🔧 Construindo fold 1...
  ✅ Treino: 40 classe + 320 não-classe = 360
  ✅ Teste: 10 classe + 80 não-classe = 90

🔧 Construindo fold 2...
  ✅ Treino: 40 classe + 320 não-classe = 360
  ✅ Teste: 10 classe + 80 não-classe = 90

🔧 Construindo fold 3...
  ✅ Treino: 40 classe + 320 não-classe = 360
  ✅ Teste: 10 classe + 80 não-classe = 90

🔧 Construindo fold 4...
  ✅ Treino: 40 classe + 320 não-classe = 360
  ✅ Teste: 10 classe + 80 não-classe = 90

🎉 5 folds construídos com sucesso!
🔄 Convertendo folds para formato de classificação...

📂 Processando fold 0...
  🏋️ Processando dados de treino...
  🧪 Processando dados de teste...
  ✅ Treino: 3240 imagens → X(3240, 256), y(3240,)
  ✅ Teste: 810 imagens → X(810, 256), y(810,)

📂 Processando fold 1...
  🏋️ Processando dados de treino...
  🧪 Processando dados de teste...
  ✅ Treino: 3240 imagens → X(3240, 256), y(3240,)
  ✅ Teste: 810 imagens → X(810, 256), y(810,)

📂 Processando fold 2...
  🏋️ Processando dados de treino...
  🧪 Processando dados de teste...
  ✅ Treino: 3240 imagens → X(3240, 256), y(3240,)
  ✅ Teste: 810 imagens → X(810, 256), y(810,)

📂 Processando fold 3...
  🏋️ Processando dados de treino...
  🧪 Processando dados de teste...
  ✅ Treino: 3240 imagens → X(3240, 256), y(3240,)
  ✅ Teste: 810 imagens → X(810, 256), y(810,)

📂 Processando fold 4...
  🏋️ Processando dados de treino...
  🧪 Processando dados de teste...
  ✅ Treino: 3240 imagens → X(3240, 256), y(3240,)
  ✅ Teste: 810 imagens → X(810, 256), y(810,)

🎉 5 folds processados com sucesso!
📊 Total imagens classe: 50
📊 Total imagens não-classe: 400
🔄 Dividindo em 5 folds...
  Fold 0: 10 classe, 80 não-classe
  Fold 1: 10 classe, 80 não-classe
  Fold 2: 10 classe, 80 não-classe
  Fold 3: 10 classe, 80 não-classe
  Fold 4: 10 classe, 80 não-classe

🔧 Construindo fold 0...
  ✅ Treino: 40 classe + 320 não-classe = 360
  ✅ Teste: 10 classe + 80 não-classe = 90

🔧 Construindo fold 1...
  ✅ Treino: 40 classe + 320 não-classe = 360
  ✅ Teste: 10 classe + 80 não-classe = 90

🔧 Construindo fold 2...
  ✅ Treino: 40 classe + 320 não-classe = 360
  ✅ Teste: 10 classe + 80 não-classe = 90

🔧 Construindo fold 3...
  ✅ Treino: 40 classe + 320 não-classe = 360
  ✅ Teste: 10 classe + 80 não-classe = 90

🔧 Construindo fold 4...
  ✅ Treino: 40 classe + 320 não-classe = 360
  ✅ Teste: 10 classe + 80 não-classe = 90

🎉 5 folds construídos com sucesso!
🔄 Convertendo folds para formato de classificação...

📂 Processando fold 0...
  🏋️ Processando dados de treino...
  🧪 Processando dados de teste...
  ✅ Treino: 3240 imagens → X(3240, 256), y(3240,)
  ✅ Teste: 810 imagens → X(810, 256), y(810,)

📂 Processando fold 1...
  🏋️ Processando dados de treino...
  🧪 Processando dados de teste...
  ✅ Treino: 3240 imagens → X(3240, 256), y(3240,)
  ✅ Teste: 810 imagens → X(810, 256), y(810,)

📂 Processando fold 2...
  🏋️ Processando dados de treino...
  🧪 Processando dados de teste...
  ✅ Treino: 3240 imagens → X(3240, 256), y(3240,)
  ✅ Teste: 810 imagens → X(810, 256), y(810,)

📂 Processando fold 3...
  🏋️ Processando dados de treino...
  🧪 Processando dados de teste...
  ✅ Treino: 3240 imagens → X(3240, 256), y(3240,)
  ✅ Teste: 810 imagens → X(810, 256), y(810,)

📂 Processando fold 4...
  🏋️ Processando dados de treino...
  🧪 Processando dados de teste...
  ✅ Treino: 3240 imagens → X(3240, 256), y(3240,)
  ✅ Teste: 810 imagens → X(810, 256), y(810,)

🎉 5 folds processados com sucesso!
📊 Total imagens classe: 50
📊 Total imagens não-classe: 400
🔄 Dividindo em 5 folds...
  Fold 0: 10 classe, 80 não-classe
  Fold 1: 10 classe, 80 não-classe
  Fold 2: 10 classe, 80 não-classe
  Fold 3: 10 classe, 80 não-classe
  Fold 4: 10 classe, 80 não-classe

🔧 Construindo fold 0...
  ✅ Treino: 40 classe + 320 não-classe = 360
  ✅ Teste: 10 classe + 80 não-classe = 90

🔧 Construindo fold 1...
  ✅ Treino: 40 classe + 320 não-classe = 360
  ✅ Teste: 10 classe + 80 não-classe = 90

🔧 Construindo fold 2...
  ✅ Treino: 40 classe + 320 não-classe = 360
  ✅ Teste: 10 classe + 80 não-classe = 90

🔧 Construindo fold 3...
  ✅ Treino: 40 classe + 320 não-classe = 360
  ✅ Teste: 10 classe + 80 não-classe = 90

🔧 Construindo fold 4...
  ✅ Treino: 40 classe + 320 não-classe = 360
  ✅ Teste: 10 classe + 80 não-classe = 90

🎉 5 folds construídos com sucesso!
🔄 Convertendo folds para formato de classificação...

📂 Processando fold 0...
  🏋️ Processando dados de treino...
  🧪 Processando dados de teste...
  ✅ Treino: 3240 imagens → X(3240, 256), y(3240,)
  ✅ Teste: 810 imagens → X(810, 256), y(810,)

📂 Processando fold 1...
  🏋️ Processando dados de treino...
  🧪 Processando dados de teste...
  ✅ Treino: 3240 imagens → X(3240, 256), y(3240,)
  ✅ Teste: 810 imagens → X(810, 256), y(810,)

📂 Processando fold 2...
  🏋️ Processando dados de treino...
  🧪 Processando dados de teste...
  ✅ Treino: 3240 imagens → X(3240, 256), y(3240,)
  ✅ Teste: 810 imagens → X(810, 256), y(810,)

📂 Processando fold 3...
  🏋️ Processando dados de treino...
  🧪 Processando dados de teste...
  ✅ Treino: 3240 imagens → X(3240, 256), y(3240,)
  ✅ Teste: 810 imagens → X(810, 256), y(810,)

📂 Processando fold 4...
  🏋️ Processando dados de treino...
  🧪 Processando dados de teste...
  ✅ Treino: 3240 imagens → X(3240, 256), y(3240,)
  ✅ Teste: 810 imagens → X(810, 256), y(810,)

🎉 5 folds processados com sucesso!
📊 Total imagens classe: 50
📊 Total imagens não-classe: 400
🔄 Dividindo em 5 folds...
  Fold 0: 10 classe, 80 não-classe
  Fold 1: 10 classe, 80 não-classe
  Fold 2: 10 classe, 80 não-classe
  Fold 3: 10 classe, 80 não-classe
  Fold 4: 10 classe, 80 não-classe

🔧 Construindo fold 0...
  ✅ Treino: 40 classe + 320 não-classe = 360
  ✅ Teste: 10 classe + 80 não-classe = 90

🔧 Construindo fold 1...
  ✅ Treino: 40 classe + 320 não-classe = 360
  ✅ Teste: 10 classe + 80 não-classe = 90

🔧 Construindo fold 2...
  ✅ Treino: 40 classe + 320 não-classe = 360
  ✅ Teste: 10 classe + 80 não-classe = 90

🔧 Construindo fold 3...
  ✅ Treino: 40 classe + 320 não-classe = 360
  ✅ Teste: 10 classe + 80 não-classe = 90

🔧 Construindo fold 4...
  ✅ Treino: 40 classe + 320 não-classe = 360
  ✅ Teste: 10 classe + 80 não-classe = 90

🎉 5 folds construídos com sucesso!
🔄 Convertendo folds para formato de classificação...

📂 Processando fold 0...
  🏋️ Processando dados de treino...
  🧪 Processando dados de teste...
  ✅ Treino: 3240 imagens → X(3240, 256), y(3240,)
  ✅ Teste: 810 imagens → X(810, 256), y(810,)

📂 Processando fold 1...
  🏋️ Processando dados de treino...
  🧪 Processando dados de teste...
  ✅ Treino: 3240 imagens → X(3240, 256), y(3240,)
  ✅ Teste: 810 imagens → X(810, 256), y(810,)

📂 Processando fold 2...
  🏋️ Processando dados de treino...
  🧪 Processando dados de teste...
  ✅ Treino: 3240 imagens → X(3240, 256), y(3240,)
  ✅ Teste: 810 imagens → X(810, 256), y(810,)

📂 Processando fold 3...
  🏋️ Processando dados de treino...
  🧪 Processando dados de teste...
  ✅ Treino: 3240 imagens → X(3240, 256), y(3240,)
  ✅ Teste: 810 imagens → X(810, 256), y(810,)

📂 Processando fold 4...
  🏋️ Processando dados de treino...
  🧪 Processando dados de teste...
  ✅ Treino: 3240 imagens → X(3240, 256), y(3240,)
  ✅ Teste: 810 imagens → X(810, 256), y(810,)

🎉 5 folds processados com sucesso!
📊 Total imagens classe: 50
📊 Total imagens não-classe: 400
🔄 Dividindo em 5 folds...
  Fold 0: 10 classe, 80 não-classe
  Fold 1: 10 classe, 80 não-classe
  Fold 2: 10 classe, 80 não-classe
  Fold 3: 10 classe, 80 não-classe
  Fold 4: 10 classe, 80 não-classe

🔧 Construindo fold 0...
  ✅ Treino: 40 classe + 320 não-classe = 360
  ✅ Teste: 10 classe + 80 não-classe = 90

🔧 Construindo fold 1...
  ✅ Treino: 40 classe + 320 não-classe = 360
  ✅ Teste: 10 classe + 80 não-classe = 90

🔧 Construindo fold 2...
  ✅ Treino: 40 classe + 320 não-classe = 360
  ✅ Teste: 10 classe + 80 não-classe = 90

🔧 Construindo fold 3...
  ✅ Treino: 40 classe + 320 não-classe = 360
  ✅ Teste: 10 classe + 80 não-classe = 90

🔧 Construindo fold 4...
  ✅ Treino: 40 classe + 320 não-classe = 360
  ✅ Teste: 10 classe + 80 não-classe = 90

🎉 5 folds construídos com sucesso!
🔄 Convertendo folds para formato de classificação...

📂 Processando fold 0...
  🏋️ Processando dados de treino...
  🧪 Processando dados de teste...
  ✅ Treino: 3240 imagens → X(3240, 131), y(3240,)
  ✅ Teste: 810 imagens → X(810, 131), y(810,)

📂 Processando fold 1...
  🏋️ Processando dados de treino...
  🧪 Processando dados de teste...
  ✅ Treino: 3240 imagens → X(3240, 131), y(3240,)
  ✅ Teste: 810 imagens → X(810, 131), y(810,)

📂 Processando fold 2...
  🏋️ Processando dados de treino...
  🧪 Processando dados de teste...
  ✅ Treino: 3240 imagens → X(3240, 131), y(3240,)
  ✅ Teste: 810 imagens → X(810, 131), y(810,)

📂 Processando fold 3...
  🏋️ Processando dados de treino...
  🧪 Processando dados de teste...
  ✅ Treino: 3240 imagens → X(3240, 131), y(3240,)
  ✅ Teste: 810 imagens → X(810, 131), y(810,)

📂 Processando fold 4...
  🏋️ Processando dados de treino...
  🧪 Processando dados de teste...
  ✅ Treino: 3240 imagens → X(3240, 131), y(3240,)
  ✅ Teste: 810 imagens → X(810, 131), y(810,)

🎉 5 folds processados com sucesso!
📊 Total imagens classe: 50
📊 Total imagens não-classe: 400
🔄 Dividindo em 5 folds...
  Fold 0: 10 classe, 80 não-classe
  Fold 1: 10 classe, 80 não-classe
  Fold 2: 10 classe, 80 não-classe
  Fold 3: 10 classe, 80 não-classe
  Fold 4: 10 classe, 80 não-classe

🔧 Construindo fold 0...
  ✅ Treino: 40 classe + 320 não-classe = 360
  ✅ Teste: 10 classe + 80 não-classe = 90

🔧 Construindo fold 1...
  ✅ Treino: 40 classe + 320 não-classe = 360
  ✅ Teste: 10 classe + 80 não-classe = 90

🔧 Construindo fold 2...
  ✅ Treino: 40 classe + 320 não-classe = 360
  ✅ Teste: 10 classe + 80 não-classe = 90

🔧 Construindo fold 3...
  ✅ Treino: 40 classe + 320 não-classe = 360
  ✅ Teste: 10 classe + 80 não-classe = 90

🔧 Construindo fold 4...
  ✅ Treino: 40 classe + 320 não-classe = 360
  ✅ Teste: 10 classe + 80 não-classe = 90

🎉 5 folds construídos com sucesso!
🔄 Convertendo folds para formato de classificação...

📂 Processando fold 0...
  🏋️ Processando dados de treino...
  🧪 Processando dados de teste...
  ✅ Treino: 3240 imagens → X(3240, 131), y(3240,)
  ✅ Teste: 810 imagens → X(810, 131), y(810,)

📂 Processando fold 1...
  🏋️ Processando dados de treino...
  🧪 Processando dados de teste...
  ✅ Treino: 3240 imagens → X(3240, 131), y(3240,)
  ✅ Teste: 810 imagens → X(810, 131), y(810,)

📂 Processando fold 2...
  🏋️ Processando dados de treino...
  🧪 Processando dados de teste...
  ✅ Treino: 3240 imagens → X(3240, 131), y(3240,)
  ✅ Teste: 810 imagens → X(810, 131), y(810,)

📂 Processando fold 3...
  🏋️ Processando dados de treino...
  🧪 Processando dados de teste...
  ✅ Treino: 3240 imagens → X(3240, 131), y(3240,)
  ✅ Teste: 810 imagens → X(810, 131), y(810,)

📂 Processando fold 4...
  🏋️ Processando dados de treino...
  🧪 Processando dados de teste...
  ✅ Treino: 3240 imagens → X(3240, 131), y(3240,)
  ✅ Teste: 810 imagens → X(810, 131), y(810,)

🎉 5 folds processados com sucesso!
📊 Total imagens classe: 50
📊 Total imagens não-classe: 400
🔄 Dividindo em 5 folds...
  Fold 0: 10 classe, 80 não-classe
  Fold 1: 10 classe, 80 não-classe
  Fold 2: 10 classe, 80 não-classe
  Fold 3: 10 classe, 80 não-classe
  Fold 4: 10 classe, 80 não-classe

🔧 Construindo fold 0...
  ✅ Treino: 40 classe + 320 não-classe = 360
  ✅ Teste: 10 classe + 80 não-classe = 90

🔧 Construindo fold 1...
  ✅ Treino: 40 classe + 320 não-classe = 360
  ✅ Teste: 10 classe + 80 não-classe = 90

🔧 Construindo fold 2...
  ✅ Treino: 40 classe + 320 não-classe = 360
  ✅ Teste: 10 classe + 80 não-classe = 90

🔧 Construindo fold 3...
  ✅ Treino: 40 classe + 320 não-classe = 360
  ✅ Teste: 10 classe + 80 não-classe = 90

🔧 Construindo fold 4...
  ✅ Treino: 40 classe + 320 não-classe = 360
  ✅ Teste: 10 classe + 80 não-classe = 90

🎉 5 folds construídos com sucesso!
🔄 Convertendo folds para formato de classificação...

📂 Processando fold 0...
  🏋️ Processando dados de treino...
  🧪 Processando dados de teste...
  ✅ Treino: 3240 imagens → X(3240, 131), y(3240,)
  ✅ Teste: 810 imagens → X(810, 131), y(810,)

📂 Processando fold 1...
  🏋️ Processando dados de treino...
  🧪 Processando dados de teste...
  ✅ Treino: 3240 imagens → X(3240, 131), y(3240,)
  ✅ Teste: 810 imagens → X(810, 131), y(810,)

📂 Processando fold 2...
  🏋️ Processando dados de treino...
  🧪 Processando dados de teste...
  ✅ Treino: 3240 imagens → X(3240, 131), y(3240,)
  ✅ Teste: 810 imagens → X(810, 131), y(810,)

📂 Processando fold 3...
  🏋️ Processando dados de treino...
  🧪 Processando dados de teste...
  ✅ Treino: 3240 imagens → X(3240, 131), y(3240,)
  ✅ Teste: 810 imagens → X(810, 131), y(810,)

📂 Processando fold 4...
  🏋️ Processando dados de treino...
  🧪 Processando dados de teste...
  ✅ Treino: 3240 imagens → X(3240, 131), y(3240,)
  ✅ Teste: 810 imagens → X(810, 131), y(810,)

🎉 5 folds processados com sucesso!
📊 Total imagens classe: 50
📊 Total imagens não-classe: 400
🔄 Dividindo em 5 folds...
  Fold 0: 10 classe, 80 não-classe
  Fold 1: 10 classe, 80 não-classe
  Fold 2: 10 classe, 80 não-classe
  Fold 3: 10 classe, 80 não-classe
  Fold 4: 10 classe, 80 não-classe

🔧 Construindo fold 0...
  ✅ Treino: 40 classe + 320 não-classe = 360
  ✅ Teste: 10 classe + 80 não-classe = 90

🔧 Construindo fold 1...
  ✅ Treino: 40 classe + 320 não-classe = 360
  ✅ Teste: 10 classe + 80 não-classe = 90

🔧 Construindo fold 2...
  ✅ Treino: 40 classe + 320 não-classe = 360
  ✅ Teste: 10 classe + 80 não-classe = 90

🔧 Construindo fold 3...
  ✅ Treino: 40 classe + 320 não-classe = 360
  ✅ Teste: 10 classe + 80 não-classe = 90

🔧 Construindo fold 4...
  ✅ Treino: 40 classe + 320 não-classe = 360
  ✅ Teste: 10 classe + 80 não-classe = 90

🎉 5 folds construídos com sucesso!
🔄 Convertendo folds para formato de classificação...

📂 Processando fold 0...
  🏋️ Processando dados de treino...
  🧪 Processando dados de teste...
  ✅ Treino: 3240 imagens → X(3240, 131), y(3240,)
  ✅ Teste: 810 imagens → X(810, 131), y(810,)

📂 Processando fold 1...
  🏋️ Processando dados de treino...
  🧪 Processando dados de teste...
  ✅ Treino: 3240 imagens → X(3240, 131), y(3240,)
  ✅ Teste: 810 imagens → X(810, 131), y(810,)

📂 Processando fold 2...
  🏋️ Processando dados de treino...
  🧪 Processando dados de teste...
  ✅ Treino: 3240 imagens → X(3240, 131), y(3240,)
  ✅ Teste: 810 imagens → X(810, 131), y(810,)

📂 Processando fold 3...
  🏋️ Processando dados de treino...
  🧪 Processando dados de teste...
  ✅ Treino: 3240 imagens → X(3240, 131), y(3240,)
  ✅ Teste: 810 imagens → X(810, 131), y(810,)

📂 Processando fold 4...
  🏋️ Processando dados de treino...
  🧪 Processando dados de teste...
  ✅ Treino: 3240 imagens → X(3240, 131), y(3240,)
  ✅ Teste: 810 imagens → X(810, 131), y(810,)

🎉 5 folds processados com sucesso!
📊 Total imagens classe: 50
📊 Total imagens não-classe: 400
🔄 Dividindo em 5 folds...
  Fold 0: 10 classe, 80 não-classe
  Fold 1: 10 classe, 80 não-classe
  Fold 2: 10 classe, 80 não-classe
  Fold 3: 10 classe, 80 não-classe
  Fold 4: 10 classe, 80 não-classe

🔧 Construindo fold 0...
  ✅ Treino: 40 classe + 320 não-classe = 360
  ✅ Teste: 10 classe + 80 não-classe = 90

🔧 Construindo fold 1...
  ✅ Treino: 40 classe + 320 não-classe = 360
  ✅ Teste: 10 classe + 80 não-classe = 90

🔧 Construindo fold 2...
  ✅ Treino: 40 classe + 320 não-classe = 360
  ✅ Teste: 10 classe + 80 não-classe = 90

🔧 Construindo fold 3...
  ✅ Treino: 40 classe + 320 não-classe = 360
  ✅ Teste: 10 classe + 80 não-classe = 90

🔧 Construindo fold 4...
  ✅ Treino: 40 classe + 320 não-classe = 360
  ✅ Teste: 10 classe + 80 não-classe = 90

🎉 5 folds construídos com sucesso!
🔄 Convertendo folds para formato de classificação...

📂 Processando fold 0...
  🏋️ Processando dados de treino...
  🧪 Processando dados de teste...
  ✅ Treino: 3240 imagens → X(3240, 131), y(3240,)
  ✅ Teste: 810 imagens → X(810, 131), y(810,)

📂 Processando fold 1...
  🏋️ Processando dados de treino...
  🧪 Processando dados de teste...
  ✅ Treino: 3240 imagens → X(3240, 131), y(3240,)
  ✅ Teste: 810 imagens → X(810, 131), y(810,)

📂 Processando fold 2...
  🏋️ Processando dados de treino...
  🧪 Processando dados de teste...
  ✅ Treino: 3240 imagens → X(3240, 131), y(3240,)
  ✅ Teste: 810 imagens → X(810, 131), y(810,)

📂 Processando fold 3...
  🏋️ Processando dados de treino...
  🧪 Processando dados de teste...
  ✅ Treino: 3240 imagens → X(3240, 131), y(3240,)
  ✅ Teste: 810 imagens → X(810, 131), y(810,)

📂 Processando fold 4...
  🏋️ Processando dados de treino...
  🧪 Processando dados de teste...
  ✅ Treino: 3240 imagens → X(3240, 131), y(3240,)
  ✅ Teste: 810 imagens → X(810, 131), y(810,)

🎉 5 folds processados com sucesso!
📊 Total imagens classe: 50
📊 Total imagens não-classe: 400
🔄 Dividindo em 5 folds...
  Fold 0: 10 classe, 80 não-classe
  Fold 1: 10 classe, 80 não-classe
  Fold 2: 10 classe, 80 não-classe
  Fold 3: 10 classe, 80 não-classe
  Fold 4: 10 classe, 80 não-classe

🔧 Construindo fold 0...
  ✅ Treino: 40 classe + 320 não-classe = 360
  ✅ Teste: 10 classe + 80 não-classe = 90

🔧 Construindo fold 1...
  ✅ Treino: 40 classe + 320 não-classe = 360
  ✅ Teste: 10 classe + 80 não-classe = 90

🔧 Construindo fold 2...
  ✅ Treino: 40 classe + 320 não-classe = 360
  ✅ Teste: 10 classe + 80 não-classe = 90

🔧 Construindo fold 3...
  ✅ Treino: 40 classe + 320 não-classe = 360
  ✅ Teste: 10 classe + 80 não-classe = 90

🔧 Construindo fold 4...
  ✅ Treino: 40 classe + 320 não-classe = 360
  ✅ Teste: 10 classe + 80 não-classe = 90

🎉 5 folds construídos com sucesso!
🔄 Convertendo folds para formato de classificação...

📂 Processando fold 0...
  🏋️ Processando dados de treino...
  🧪 Processando dados de teste...
  ✅ Treino: 3240 imagens → X(3240, 131), y(3240,)
  ✅ Teste: 810 imagens → X(810, 131), y(810,)

📂 Processando fold 1...
  🏋️ Processando dados de treino...
  🧪 Processando dados de teste...
  ✅ Treino: 3240 imagens → X(3240, 131), y(3240,)
  ✅ Teste: 810 imagens → X(810, 131), y(810,)

📂 Processando fold 2...
  🏋️ Processando dados de treino...
  🧪 Processando dados de teste...
  ✅ Treino: 3240 imagens → X(3240, 131), y(3240,)
  ✅ Teste: 810 imagens → X(810, 131), y(810,)

📂 Processando fold 3...
  🏋️ Processando dados de treino...
  🧪 Processando dados de teste...
  ✅ Treino: 3240 imagens → X(3240, 131), y(3240,)
  ✅ Teste: 810 imagens → X(810, 131), y(810,)

📂 Processando fold 4...
  🏋️ Processando dados de treino...
  🧪 Processando dados de teste...
  ✅ Treino: 3240 imagens → X(3240, 131), y(3240,)
  ✅ Teste: 810 imagens → X(810, 131), y(810,)

🎉 5 folds processados com sucesso!
📊 Total imagens classe: 50
📊 Total imagens não-classe: 400
🔄 Dividindo em 5 folds...
  Fold 0: 10 classe, 80 não-classe
  Fold 1: 10 classe, 80 não-classe
  Fold 2: 10 classe, 80 não-classe
  Fold 3: 10 classe, 80 não-classe
  Fold 4: 10 classe, 80 não-classe

🔧 Construindo fold 0...
  ✅ Treino: 40 classe + 320 não-classe = 360
  ✅ Teste: 10 classe + 80 não-classe = 90

🔧 Construindo fold 1...
  ✅ Treino: 40 classe + 320 não-classe = 360
  ✅ Teste: 10 classe + 80 não-classe = 90

🔧 Construindo fold 2...
  ✅ Treino: 40 classe + 320 não-classe = 360
  ✅ Teste: 10 classe + 80 não-classe = 90

🔧 Construindo fold 3...
  ✅ Treino: 40 classe + 320 não-classe = 360
  ✅ Teste: 10 classe + 80 não-classe = 90

🔧 Construindo fold 4...
  ✅ Treino: 40 classe + 320 não-classe = 360
  ✅ Teste: 10 classe + 80 não-classe = 90

🎉 5 folds construídos com sucesso!
🔄 Convertendo folds para formato de classificação...

📂 Processando fold 0...
  🏋️ Processando dados de treino...
  🧪 Processando dados de teste...
  ✅ Treino: 3240 imagens → X(3240, 131), y(3240,)
  ✅ Teste: 810 imagens → X(810, 131), y(810,)

📂 Processando fold 1...
  🏋️ Processando dados de treino...
  🧪 Processando dados de teste...
  ✅ Treino: 3240 imagens → X(3240, 131), y(3240,)
  ✅ Teste: 810 imagens → X(810, 131), y(810,)

📂 Processando fold 2...
  🏋️ Processando dados de treino...
  🧪 Processando dados de teste...
  ✅ Treino: 3240 imagens → X(3240, 131), y(3240,)
  ✅ Teste: 810 imagens → X(810, 131), y(810,)

📂 Processando fold 3...
  🏋️ Processando dados de treino...
  🧪 Processando dados de teste...
  ✅ Treino: 3240 imagens → X(3240, 131), y(3240,)
  ✅ Teste: 810 imagens → X(810, 131), y(810,)

📂 Processando fold 4...
  🏋️ Processando dados de treino...
  🧪 Processando dados de teste...
  ✅ Treino: 3240 imagens → X(3240, 131), y(3240,)
  ✅ Teste: 810 imagens → X(810, 131), y(810,)

🎉 5 folds processados com sucesso!
📊 Total imagens classe: 50
📊 Total imagens não-classe: 400
🔄 Dividindo em 5 folds...
  Fold 0: 10 classe, 80 não-classe
  Fold 1: 10 classe, 80 não-classe
  Fold 2: 10 classe, 80 não-classe
  Fold 3: 10 classe, 80 não-classe
  Fold 4: 10 classe, 80 não-classe

🔧 Construindo fold 0...
  ✅ Treino: 40 classe + 320 não-classe = 360
  ✅ Teste: 10 classe + 80 não-classe = 90

🔧 Construindo fold 1...
  ✅ Treino: 40 classe + 320 não-classe = 360
  ✅ Teste: 10 classe + 80 não-classe = 90

🔧 Construindo fold 2...
  ✅ Treino: 40 classe + 320 não-classe = 360
  ✅ Teste: 10 classe + 80 não-classe = 90

🔧 Construindo fold 3...
  ✅ Treino: 40 classe + 320 não-classe = 360
  ✅ Teste: 10 classe + 80 não-classe = 90

🔧 Construindo fold 4...
  ✅ Treino: 40 classe + 320 não-classe = 360
  ✅ Teste: 10 classe + 80 não-classe = 90

🎉 5 folds construídos com sucesso!
🔄 Convertendo folds para formato de classificação...

📂 Processando fold 0...
  🏋️ Processando dados de treino...
  🧪 Processando dados de teste...
  ✅ Treino: 3240 imagens → X(3240, 131), y(3240,)
  ✅ Teste: 810 imagens → X(810, 131), y(810,)

📂 Processando fold 1...
  🏋️ Processando dados de treino...
  🧪 Processando dados de teste...
  ✅ Treino: 3240 imagens → X(3240, 131), y(3240,)
  ✅ Teste: 810 imagens → X(810, 131), y(810,)

📂 Processando fold 2...
  🏋️ Processando dados de treino...
  🧪 Processando dados de teste...
  ✅ Treino: 3240 imagens → X(3240, 131), y(3240,)
  ✅ Teste: 810 imagens → X(810, 131), y(810,)

📂 Processando fold 3...
  🏋️ Processando dados de treino...
  🧪 Processando dados de teste...
  ✅ Treino: 3240 imagens → X(3240, 131), y(3240,)
  ✅ Teste: 810 imagens → X(810, 131), y(810,)

📂 Processando fold 4...
  🏋️ Processando dados de treino...
  🧪 Processando dados de teste...
  ✅ Treino: 3240 imagens → X(3240, 131), y(3240,)
  ✅ Teste: 810 imagens → X(810, 131), y(810,)

🎉 5 folds processados com sucesso!
📊 Total imagens classe: 50
📊 Total imagens não-classe: 400
🔄 Dividindo em 5 folds...
  Fold 0: 10 classe, 80 não-classe
  Fold 1: 10 classe, 80 não-classe
  Fold 2: 10 classe, 80 não-classe
  Fold 3: 10 classe, 80 não-classe
  Fold 4: 10 classe, 80 não-classe

🔧 Construindo fold 0...
  ✅ Treino: 40 classe + 320 não-classe = 360
  ✅ Teste: 10 classe + 80 não-classe = 90

🔧 Construindo fold 1...
  ✅ Treino: 40 classe + 320 não-classe = 360
  ✅ Teste: 10 classe + 80 não-classe = 90

🔧 Construindo fold 2...
  ✅ Treino: 40 classe + 320 não-classe = 360
  ✅ Teste: 10 classe + 80 não-classe = 90

🔧 Construindo fold 3...
  ✅ Treino: 40 classe + 320 não-classe = 360
  ✅ Teste: 10 classe + 80 não-classe = 90

🔧 Construindo fold 4...
  ✅ Treino: 40 classe + 320 não-classe = 360
  ✅ Teste: 10 classe + 80 não-classe = 90

🎉 5 folds construídos com sucesso!
🔄 Convertendo folds para formato de classificação...

📂 Processando fold 0...
  🏋️ Processando dados de treino...
  🧪 Processando dados de teste...
  ✅ Treino: 3240 imagens → X(3240, 131), y(3240,)
  ✅ Teste: 810 imagens → X(810, 131), y(810,)

📂 Processando fold 1...
  🏋️ Processando dados de treino...
  🧪 Processando dados de teste...
  ✅ Treino: 3240 imagens → X(3240, 131), y(3240,)
  ✅ Teste: 810 imagens → X(810, 131), y(810,)

📂 Processando fold 2...
  🏋️ Processando dados de treino...
  🧪 Processando dados de teste...
  ✅ Treino: 3240 imagens → X(3240, 131), y(3240,)
  ✅ Teste: 810 imagens → X(810, 131), y(810,)

📂 Processando fold 3...
  🏋️ Processando dados de treino...
  🧪 Processando dados de teste...
  ✅ Treino: 3240 imagens → X(3240, 131), y(3240,)
  ✅ Teste: 810 imagens → X(810, 131), y(810,)

📂 Processando fold 4...
  🏋️ Processando dados de treino...
  🧪 Processando dados de teste...
  ✅ Treino: 3240 imagens → X(3240, 131), y(3240,)
  ✅ Teste: 810 imagens → X(810, 131), y(810,)

🎉 5 folds processados com sucesso!
📊 Total imagens classe: 50
📊 Total imagens não-classe: 400
🔄 Dividindo em 5 folds...
  Fold 0: 10 classe, 80 não-classe
  Fold 1: 10 classe, 80 não-classe
  Fold 2: 10 classe, 80 não-classe
  Fold 3: 10 classe, 80 não-classe
  Fold 4: 10 classe, 80 não-classe

🔧 Construindo fold 0...
  ✅ Treino: 40 classe + 320 não-classe = 360
  ✅ Teste: 10 classe + 80 não-classe = 90

🔧 Construindo fold 1...
  ✅ Treino: 40 classe + 320 não-classe = 360
  ✅ Teste: 10 classe + 80 não-classe = 90

🔧 Construindo fold 2...
  ✅ Treino: 40 classe + 320 não-classe = 360
  ✅ Teste: 10 classe + 80 não-classe = 90

🔧 Construindo fold 3...
  ✅ Treino: 40 classe + 320 não-classe = 360
  ✅ Teste: 10 classe + 80 não-classe = 90

🔧 Construindo fold 4...
  ✅ Treino: 40 classe + 320 não-classe = 360
  ✅ Teste: 10 classe + 80 não-classe = 90

🎉 5 folds construídos com sucesso!
🔄 Convertendo folds para formato de classificação...

📂 Processando fold 0...
  🏋️ Processando dados de treino...
  🧪 Processando dados de teste...
  ✅ Treino: 3240 imagens → X(3240, 315), y(3240,)
  ✅ Teste: 810 imagens → X(810, 315), y(810,)

📂 Processando fold 1...
  🏋️ Processando dados de treino...
  🧪 Processando dados de teste...
  ✅ Treino: 3240 imagens → X(3240, 315), y(3240,)
  ✅ Teste: 810 imagens → X(810, 315), y(810,)

📂 Processando fold 2...
  🏋️ Processando dados de treino...
  🧪 Processando dados de teste...
  ✅ Treino: 3240 imagens → X(3240, 315), y(3240,)
  ✅ Teste: 810 imagens → X(810, 315), y(810,)

📂 Processando fold 3...
  🏋️ Processando dados de treino...
  🧪 Processando dados de teste...
  ✅ Treino: 3240 imagens → X(3240, 315), y(3240,)
  ✅ Teste: 810 imagens → X(810, 315), y(810,)

📂 Processando fold 4...
  🏋️ Processando dados de treino...
  🧪 Processando dados de teste...
  ✅ Treino: 3240 imagens → X(3240, 315), y(3240,)
  ✅ Teste: 810 imagens → X(810, 315), y(810,)

🎉 5 folds processados com sucesso!
📊 Total imagens classe: 50
📊 Total imagens não-classe: 400
🔄 Dividindo em 5 folds...
  Fold 0: 10 classe, 80 não-classe
  Fold 1: 10 classe, 80 não-classe
  Fold 2: 10 classe, 80 não-classe
  Fold 3: 10 classe, 80 não-classe
  Fold 4: 10 classe, 80 não-classe

🔧 Construindo fold 0...
  ✅ Treino: 40 classe + 320 não-classe = 360
  ✅ Teste: 10 classe + 80 não-classe = 90

🔧 Construindo fold 1...
  ✅ Treino: 40 classe + 320 não-classe = 360
  ✅ Teste: 10 classe + 80 não-classe = 90

🔧 Construindo fold 2...
  ✅ Treino: 40 classe + 320 não-classe = 360
  ✅ Teste: 10 classe + 80 não-classe = 90

🔧 Construindo fold 3...
  ✅ Treino: 40 classe + 320 não-classe = 360
  ✅ Teste: 10 classe + 80 não-classe = 90

🔧 Construindo fold 4...
  ✅ Treino: 40 classe + 320 não-classe = 360
  ✅ Teste: 10 classe + 80 não-classe = 90

🎉 5 folds construídos com sucesso!
🔄 Convertendo folds para formato de classificação...

📂 Processando fold 0...
  🏋️ Processando dados de treino...
  🧪 Processando dados de teste...
  ✅ Treino: 3240 imagens → X(3240, 315), y(3240,)
  ✅ Teste: 810 imagens → X(810, 315), y(810,)

📂 Processando fold 1...
  🏋️ Processando dados de treino...
  🧪 Processando dados de teste...
  ✅ Treino: 3240 imagens → X(3240, 315), y(3240,)
  ✅ Teste: 810 imagens → X(810, 315), y(810,)

📂 Processando fold 2...
  🏋️ Processando dados de treino...
  🧪 Processando dados de teste...
  ✅ Treino: 3240 imagens → X(3240, 315), y(3240,)
  ✅ Teste: 810 imagens → X(810, 315), y(810,)

📂 Processando fold 3...
  🏋️ Processando dados de treino...
  🧪 Processando dados de teste...
  ✅ Treino: 3240 imagens → X(3240, 315), y(3240,)
  ✅ Teste: 810 imagens → X(810, 315), y(810,)

📂 Processando fold 4...
  🏋️ Processando dados de treino...
  🧪 Processando dados de teste...
  ✅ Treino: 3240 imagens → X(3240, 315), y(3240,)
  ✅ Teste: 810 imagens → X(810, 315), y(810,)

🎉 5 folds processados com sucesso!
📊 Total imagens classe: 50
📊 Total imagens não-classe: 400
🔄 Dividindo em 5 folds...
  Fold 0: 10 classe, 80 não-classe
  Fold 1: 10 classe, 80 não-classe
  Fold 2: 10 classe, 80 não-classe
  Fold 3: 10 classe, 80 não-classe
  Fold 4: 10 classe, 80 não-classe

🔧 Construindo fold 0...
  ✅ Treino: 40 classe + 320 não-classe = 360
  ✅ Teste: 10 classe + 80 não-classe = 90

🔧 Construindo fold 1...
  ✅ Treino: 40 classe + 320 não-classe = 360
  ✅ Teste: 10 classe + 80 não-classe = 90

🔧 Construindo fold 2...
  ✅ Treino: 40 classe + 320 não-classe = 360
  ✅ Teste: 10 classe + 80 não-classe = 90

🔧 Construindo fold 3...
  ✅ Treino: 40 classe + 320 não-classe = 360
  ✅ Teste: 10 classe + 80 não-classe = 90

🔧 Construindo fold 4...
  ✅ Treino: 40 classe + 320 não-classe = 360
  ✅ Teste: 10 classe + 80 não-classe = 90

🎉 5 folds construídos com sucesso!
🔄 Convertendo folds para formato de classificação...

📂 Processando fold 0...
  🏋️ Processando dados de treino...
  🧪 Processando dados de teste...
  ✅ Treino: 3240 imagens → X(3240, 315), y(3240,)
  ✅ Teste: 810 imagens → X(810, 315), y(810,)

📂 Processando fold 1...
  🏋️ Processando dados de treino...
  🧪 Processando dados de teste...
  ✅ Treino: 3240 imagens → X(3240, 315), y(3240,)
  ✅ Teste: 810 imagens → X(810, 315), y(810,)

📂 Processando fold 2...
  🏋️ Processando dados de treino...
  🧪 Processando dados de teste...
  ✅ Treino: 3240 imagens → X(3240, 315), y(3240,)
  ✅ Teste: 810 imagens → X(810, 315), y(810,)

📂 Processando fold 3...
  🏋️ Processando dados de treino...
  🧪 Processando dados de teste...
  ✅ Treino: 3240 imagens → X(3240, 315), y(3240,)
  ✅ Teste: 810 imagens → X(810, 315), y(810,)

📂 Processando fold 4...
  🏋️ Processando dados de treino...
  🧪 Processando dados de teste...
  ✅ Treino: 3240 imagens → X(3240, 315), y(3240,)
  ✅ Teste: 810 imagens → X(810, 315), y(810,)

🎉 5 folds processados com sucesso!
📊 Total imagens classe: 50
📊 Total imagens não-classe: 400
🔄 Dividindo em 5 folds...
  Fold 0: 10 classe, 80 não-classe
  Fold 1: 10 classe, 80 não-classe
  Fold 2: 10 classe, 80 não-classe
  Fold 3: 10 classe, 80 não-classe
  Fold 4: 10 classe, 80 não-classe

🔧 Construindo fold 0...
  ✅ Treino: 40 classe + 320 não-classe = 360
  ✅ Teste: 10 classe + 80 não-classe = 90

🔧 Construindo fold 1...
  ✅ Treino: 40 classe + 320 não-classe = 360
  ✅ Teste: 10 classe + 80 não-classe = 90

🔧 Construindo fold 2...
  ✅ Treino: 40 classe + 320 não-classe = 360
  ✅ Teste: 10 classe + 80 não-classe = 90

🔧 Construindo fold 3...
  ✅ Treino: 40 classe + 320 não-classe = 360
  ✅ Teste: 10 classe + 80 não-classe = 90

🔧 Construindo fold 4...
  ✅ Treino: 40 classe + 320 não-classe = 360
  ✅ Teste: 10 classe + 80 não-classe = 90

🎉 5 folds construídos com sucesso!
🔄 Convertendo folds para formato de classificação...

📂 Processando fold 0...
  🏋️ Processando dados de treino...
  🧪 Processando dados de teste...
  ✅ Treino: 3240 imagens → X(3240, 315), y(3240,)
  ✅ Teste: 810 imagens → X(810, 315), y(810,)

📂 Processando fold 1...
  🏋️ Processando dados de treino...
  🧪 Processando dados de teste...
  ✅ Treino: 3240 imagens → X(3240, 315), y(3240,)
  ✅ Teste: 810 imagens → X(810, 315), y(810,)

📂 Processando fold 2...
  🏋️ Processando dados de treino...
  🧪 Processando dados de teste...
  ✅ Treino: 3240 imagens → X(3240, 315), y(3240,)
  ✅ Teste: 810 imagens → X(810, 315), y(810,)

📂 Processando fold 3...
  🏋️ Processando dados de treino...
  🧪 Processando dados de teste...
  ✅ Treino: 3240 imagens → X(3240, 315), y(3240,)
  ✅ Teste: 810 imagens → X(810, 315), y(810,)

📂 Processando fold 4...
  🏋️ Processando dados de treino...
  🧪 Processando dados de teste...
  ✅ Treino: 3240 imagens → X(3240, 315), y(3240,)
  ✅ Teste: 810 imagens → X(810, 315), y(810,)

🎉 5 folds processados com sucesso!
📊 Total imagens classe: 50
📊 Total imagens não-classe: 400
🔄 Dividindo em 5 folds...
  Fold 0: 10 classe, 80 não-classe
  Fold 1: 10 classe, 80 não-classe
  Fold 2: 10 classe, 80 não-classe
  Fold 3: 10 classe, 80 não-classe
  Fold 4: 10 classe, 80 não-classe

🔧 Construindo fold 0...
  ✅ Treino: 40 classe + 320 não-classe = 360
  ✅ Teste: 10 classe + 80 não-classe = 90

🔧 Construindo fold 1...
  ✅ Treino: 40 classe + 320 não-classe = 360
  ✅ Teste: 10 classe + 80 não-classe = 90

🔧 Construindo fold 2...
  ✅ Treino: 40 classe + 320 não-classe = 360
  ✅ Teste: 10 classe + 80 não-classe = 90

🔧 Construindo fold 3...
  ✅ Treino: 40 classe + 320 não-classe = 360
  ✅ Teste: 10 classe + 80 não-classe = 90

🔧 Construindo fold 4...
  ✅ Treino: 40 classe + 320 não-classe = 360
  ✅ Teste: 10 classe + 80 não-classe = 90

🎉 5 folds construídos com sucesso!
🔄 Convertendo folds para formato de classificação...

📂 Processando fold 0...
  🏋️ Processando dados de treino...
  🧪 Processando dados de teste...
  ✅ Treino: 3240 imagens → X(3240, 315), y(3240,)
  ✅ Teste: 810 imagens → X(810, 315), y(810,)

📂 Processando fold 1...
  🏋️ Processando dados de treino...
  🧪 Processando dados de teste...
  ✅ Treino: 3240 imagens → X(3240, 315), y(3240,)
  ✅ Teste: 810 imagens → X(810, 315), y(810,)

📂 Processando fold 2...
  🏋️ Processando dados de treino...
  🧪 Processando dados de teste...
  ✅ Treino: 3240 imagens → X(3240, 315), y(3240,)
  ✅ Teste: 810 imagens → X(810, 315), y(810,)

📂 Processando fold 3...
  🏋️ Processando dados de treino...
  🧪 Processando dados de teste...
  ✅ Treino: 3240 imagens → X(3240, 315), y(3240,)
  ✅ Teste: 810 imagens → X(810, 315), y(810,)

📂 Processando fold 4...
  🏋️ Processando dados de treino...
  🧪 Processando dados de teste...
  ✅ Treino: 3240 imagens → X(3240, 315), y(3240,)
  ✅ Teste: 810 imagens → X(810, 315), y(810,)

🎉 5 folds processados com sucesso!
📊 Total imagens classe: 50
📊 Total imagens não-classe: 400
🔄 Dividindo em 5 folds...
  Fold 0: 10 classe, 80 não-classe
  Fold 1: 10 classe, 80 não-classe
  Fold 2: 10 classe, 80 não-classe
  Fold 3: 10 classe, 80 não-classe
  Fold 4: 10 classe, 80 não-classe

🔧 Construindo fold 0...
  ✅ Treino: 40 classe + 320 não-classe = 360
  ✅ Teste: 10 classe + 80 não-classe = 90

🔧 Construindo fold 1...
  ✅ Treino: 40 classe + 320 não-classe = 360
  ✅ Teste: 10 classe + 80 não-classe = 90

🔧 Construindo fold 2...
  ✅ Treino: 40 classe + 320 não-classe = 360
  ✅ Teste: 10 classe + 80 não-classe = 90

🔧 Construindo fold 3...
  ✅ Treino: 40 classe + 320 não-classe = 360
  ✅ Teste: 10 classe + 80 não-classe = 90

🔧 Construindo fold 4...
  ✅ Treino: 40 classe + 320 não-classe = 360
  ✅ Teste: 10 classe + 80 não-classe = 90

🎉 5 folds construídos com sucesso!
🔄 Convertendo folds para formato de classificação...

📂 Processando fold 0...
  🏋️ Processando dados de treino...
  🧪 Processando dados de teste...
  ✅ Treino: 3240 imagens → X(3240, 315), y(3240,)
  ✅ Teste: 810 imagens → X(810, 315), y(810,)

📂 Processando fold 1...
  🏋️ Processando dados de treino...
  🧪 Processando dados de teste...
  ✅ Treino: 3240 imagens → X(3240, 315), y(3240,)
  ✅ Teste: 810 imagens → X(810, 315), y(810,)

📂 Processando fold 2...
  🏋️ Processando dados de treino...
  🧪 Processando dados de teste...
  ✅ Treino: 3240 imagens → X(3240, 315), y(3240,)
  ✅ Teste: 810 imagens → X(810, 315), y(810,)

📂 Processando fold 3...
  🏋️ Processando dados de treino...
  🧪 Processando dados de teste...
  ✅ Treino: 3240 imagens → X(3240, 315), y(3240,)
  ✅ Teste: 810 imagens → X(810, 315), y(810,)

📂 Processando fold 4...
  🏋️ Processando dados de treino...
  🧪 Processando dados de teste...
  ✅ Treino: 3240 imagens → X(3240, 315), y(3240,)
  ✅ Teste: 810 imagens → X(810, 315), y(810,)

🎉 5 folds processados com sucesso!
📊 Total imagens classe: 50
📊 Total imagens não-classe: 400
🔄 Dividindo em 5 folds...
  Fold 0: 10 classe, 80 não-classe
  Fold 1: 10 classe, 80 não-classe
  Fold 2: 10 classe, 80 não-classe
  Fold 3: 10 classe, 80 não-classe
  Fold 4: 10 classe, 80 não-classe

🔧 Construindo fold 0...
  ✅ Treino: 40 classe + 320 não-classe = 360
  ✅ Teste: 10 classe + 80 não-classe = 90

🔧 Construindo fold 1...
  ✅ Treino: 40 classe + 320 não-classe = 360
  ✅ Teste: 10 classe + 80 não-classe = 90

🔧 Construindo fold 2...
  ✅ Treino: 40 classe + 320 não-classe = 360
  ✅ Teste: 10 classe + 80 não-classe = 90

🔧 Construindo fold 3...
  ✅ Treino: 40 classe + 320 não-classe = 360
  ✅ Teste: 10 classe + 80 não-classe = 90

🔧 Construindo fold 4...
  ✅ Treino: 40 classe + 320 não-classe = 360
  ✅ Teste: 10 classe + 80 não-classe = 90

🎉 5 folds construídos com sucesso!
🔄 Convertendo folds para formato de classificação...

📂 Processando fold 0...
  🏋️ Processando dados de treino...
  🧪 Processando dados de teste...
  ✅ Treino: 3240 imagens → X(3240, 315), y(3240,)
  ✅ Teste: 810 imagens → X(810, 315), y(810,)

📂 Processando fold 1...
  🏋️ Processando dados de treino...
  🧪 Processando dados de teste...
  ✅ Treino: 3240 imagens → X(3240, 315), y(3240,)
  ✅ Teste: 810 imagens → X(810, 315), y(810,)

📂 Processando fold 2...
  🏋️ Processando dados de treino...
  🧪 Processando dados de teste...
  ✅ Treino: 3240 imagens → X(3240, 315), y(3240,)
  ✅ Teste: 810 imagens → X(810, 315), y(810,)

📂 Processando fold 3...
  🏋️ Processando dados de treino...
  🧪 Processando dados de teste...
  ✅ Treino: 3240 imagens → X(3240, 315), y(3240,)
  ✅ Teste: 810 imagens → X(810, 315), y(810,)

📂 Processando fold 4...
  🏋️ Processando dados de treino...
  🧪 Processando dados de teste...
  ✅ Treino: 3240 imagens → X(3240, 315), y(3240,)
  ✅ Teste: 810 imagens → X(810, 315), y(810,)

🎉 5 folds processados com sucesso!
📊 Total imagens classe: 50
📊 Total imagens não-classe: 400
🔄 Dividindo em 5 folds...
  Fold 0: 10 classe, 80 não-classe
  Fold 1: 10 classe, 80 não-classe
  Fold 2: 10 classe, 80 não-classe
  Fold 3: 10 classe, 80 não-classe
  Fold 4: 10 classe, 80 não-classe

🔧 Construindo fold 0...
  ✅ Treino: 40 classe + 320 não-classe = 360
  ✅ Teste: 10 classe + 80 não-classe = 90

🔧 Construindo fold 1...
  ✅ Treino: 40 classe + 320 não-classe = 360
  ✅ Teste: 10 classe + 80 não-classe = 90

🔧 Construindo fold 2...
  ✅ Treino: 40 classe + 320 não-classe = 360
  ✅ Teste: 10 classe + 80 não-classe = 90

🔧 Construindo fold 3...
  ✅ Treino: 40 classe + 320 não-classe = 360
  ✅ Teste: 10 classe + 80 não-classe = 90

🔧 Construindo fold 4...
  ✅ Treino: 40 classe + 320 não-classe = 360
  ✅ Teste: 10 classe + 80 não-classe = 90

🎉 5 folds construídos com sucesso!
🔄 Convertendo folds para formato de classificação...

📂 Processando fold 0...
  🏋️ Processando dados de treino...
  🧪 Processando dados de teste...
  ✅ Treino: 3240 imagens → X(3240, 315), y(3240,)
  ✅ Teste: 810 imagens → X(810, 315), y(810,)

📂 Processando fold 1...
  🏋️ Processando dados de treino...
  🧪 Processando dados de teste...
  ✅ Treino: 3240 imagens → X(3240, 315), y(3240,)
  ✅ Teste: 810 imagens → X(810, 315), y(810,)

📂 Processando fold 2...
  🏋️ Processando dados de treino...
  🧪 Processando dados de teste...
  ✅ Treino: 3240 imagens → X(3240, 315), y(3240,)
  ✅ Teste: 810 imagens → X(810, 315), y(810,)

📂 Processando fold 3...
  🏋️ Processando dados de treino...
  🧪 Processando dados de teste...
  ✅ Treino: 3240 imagens → X(3240, 315), y(3240,)
  ✅ Teste: 810 imagens → X(810, 315), y(810,)

📂 Processando fold 4...
  🏋️ Processando dados de treino...
  🧪 Processando dados de teste...
  ✅ Treino: 3240 imagens → X(3240, 315), y(3240,)
  ✅ Teste: 810 imagens → X(810, 315), y(810,)

🎉 5 folds processados com sucesso!
📊 Total imagens classe: 50
📊 Total imagens não-classe: 400
🔄 Dividindo em 5 folds...
  Fold 0: 10 classe, 80 não-classe
  Fold 1: 10 classe, 80 não-classe
  Fold 2: 10 classe, 80 não-classe
  Fold 3: 10 classe, 80 não-classe
  Fold 4: 10 classe, 80 não-classe

🔧 Construindo fold 0...
  ✅ Treino: 40 classe + 320 não-classe = 360
  ✅ Teste: 10 classe + 80 não-classe = 90

🔧 Construindo fold 1...
  ✅ Treino: 40 classe + 320 não-classe = 360
  ✅ Teste: 10 classe + 80 não-classe = 90

🔧 Construindo fold 2...
  ✅ Treino: 40 classe + 320 não-classe = 360
  ✅ Teste: 10 classe + 80 não-classe = 90

🔧 Construindo fold 3...
  ✅ Treino: 40 classe + 320 não-classe = 360
  ✅ Teste: 10 classe + 80 não-classe = 90

🔧 Construindo fold 4...
  ✅ Treino: 40 classe + 320 não-classe = 360
  ✅ Teste: 10 classe + 80 não-classe = 90

🎉 5 folds construídos com sucesso!
🔄 Convertendo folds para formato de classificação...

📂 Processando fold 0...
  🏋️ Processando dados de treino...
  🧪 Processando dados de teste...
  ✅ Treino: 3240 imagens → X(3240, 315), y(3240,)
  ✅ Teste: 810 imagens → X(810, 315), y(810,)

📂 Processando fold 1...
  🏋️ Processando dados de treino...
  🧪 Processando dados de teste...
  ✅ Treino: 3240 imagens → X(3240, 315), y(3240,)
  ✅ Teste: 810 imagens → X(810, 315), y(810,)

📂 Processando fold 2...
  🏋️ Processando dados de treino...
  🧪 Processando dados de teste...
  ✅ Treino: 3240 imagens → X(3240, 315), y(3240,)
  ✅ Teste: 810 imagens → X(810, 315), y(810,)

📂 Processando fold 3...
  🏋️ Processando dados de treino...
  🧪 Processando dados de teste...
  ✅ Treino: 3240 imagens → X(3240, 315), y(3240,)
  ✅ Teste: 810 imagens → X(810, 315), y(810,)

📂 Processando fold 4...
  🏋️ Processando dados de treino...
  🧪 Processando dados de teste...
  ✅ Treino: 3240 imagens → X(3240, 315), y(3240,)
  ✅ Teste: 810 imagens → X(810, 315), y(810,)

🎉 5 folds processados com sucesso!
📊 Total imagens classe: 50
📊 Total imagens não-classe: 400
🔄 Dividindo em 5 folds...
  Fold 0: 10 classe, 80 não-classe
  Fold 1: 10 classe, 80 não-classe
  Fold 2: 10 classe, 80 não-classe
  Fold 3: 10 classe, 80 não-classe
  Fold 4: 10 classe, 80 não-classe

🔧 Construindo fold 0...
  ✅ Treino: 40 classe + 320 não-classe = 360
  ✅ Teste: 10 classe + 80 não-classe = 90

🔧 Construindo fold 1...
  ✅ Treino: 40 classe + 320 não-classe = 360
  ✅ Teste: 10 classe + 80 não-classe = 90

🔧 Construindo fold 2...
  ✅ Treino: 40 classe + 320 não-classe = 360
  ✅ Teste: 10 classe + 80 não-classe = 90

🔧 Construindo fold 3...
  ✅ Treino: 40 classe + 320 não-classe = 360
  ✅ Teste: 10 classe + 80 não-classe = 90

🔧 Construindo fold 4...
  ✅ Treino: 40 classe + 320 não-classe = 360
  ✅ Teste: 10 classe + 80 não-classe = 90

🎉 5 folds construídos com sucesso!
🔄 Convertendo folds para formato de classificação...

📂 Processando fold 0...
  🏋️ Processando dados de treino...
  🧪 Processando dados de teste...
  ✅ Treino: 3240 imagens → X(3240, 328), y(3240,)
  ✅ Teste: 810 imagens → X(810, 328), y(810,)

📂 Processando fold 1...
  🏋️ Processando dados de treino...
  🧪 Processando dados de teste...
  ✅ Treino: 3240 imagens → X(3240, 328), y(3240,)
  ✅ Teste: 810 imagens → X(810, 328), y(810,)

📂 Processando fold 2...
  🏋️ Processando dados de treino...
  🧪 Processando dados de teste...
  ✅ Treino: 3240 imagens → X(3240, 328), y(3240,)
  ✅ Teste: 810 imagens → X(810, 328), y(810,)

📂 Processando fold 3...
  🏋️ Processando dados de treino...
  🧪 Processando dados de teste...
  ✅ Treino: 3240 imagens → X(3240, 328), y(3240,)
  ✅ Teste: 810 imagens → X(810, 328), y(810,)

📂 Processando fold 4...
  🏋️ Processando dados de treino...
  🧪 Processando dados de teste...
  ✅ Treino: 3240 imagens → X(3240, 328), y(3240,)
  ✅ Teste: 810 imagens → X(810, 328), y(810,)

🎉 5 folds processados com sucesso!
📊 Total imagens classe: 50
📊 Total imagens não-classe: 400
🔄 Dividindo em 5 folds...
  Fold 0: 10 classe, 80 não-classe
  Fold 1: 10 classe, 80 não-classe
  Fold 2: 10 classe, 80 não-classe
  Fold 3: 10 classe, 80 não-classe
  Fold 4: 10 classe, 80 não-classe

🔧 Construindo fold 0...
  ✅ Treino: 40 classe + 320 não-classe = 360
  ✅ Teste: 10 classe + 80 não-classe = 90

🔧 Construindo fold 1...
  ✅ Treino: 40 classe + 320 não-classe = 360
  ✅ Teste: 10 classe + 80 não-classe = 90

🔧 Construindo fold 2...
  ✅ Treino: 40 classe + 320 não-classe = 360
  ✅ Teste: 10 classe + 80 não-classe = 90

🔧 Construindo fold 3...
  ✅ Treino: 40 classe + 320 não-classe = 360
  ✅ Teste: 10 classe + 80 não-classe = 90

🔧 Construindo fold 4...
  ✅ Treino: 40 classe + 320 não-classe = 360
  ✅ Teste: 10 classe + 80 não-classe = 90

🎉 5 folds construídos com sucesso!
🔄 Convertendo folds para formato de classificação...

📂 Processando fold 0...
  🏋️ Processando dados de treino...
  🧪 Processando dados de teste...
  ✅ Treino: 3240 imagens → X(3240, 328), y(3240,)
  ✅ Teste: 810 imagens → X(810, 328), y(810,)

📂 Processando fold 1...
  🏋️ Processando dados de treino...
  🧪 Processando dados de teste...
  ✅ Treino: 3240 imagens → X(3240, 328), y(3240,)
  ✅ Teste: 810 imagens → X(810, 328), y(810,)

📂 Processando fold 2...
  🏋️ Processando dados de treino...
  🧪 Processando dados de teste...
  ✅ Treino: 3240 imagens → X(3240, 328), y(3240,)
  ✅ Teste: 810 imagens → X(810, 328), y(810,)

📂 Processando fold 3...
  🏋️ Processando dados de treino...
  🧪 Processando dados de teste...
  ✅ Treino: 3240 imagens → X(3240, 328), y(3240,)
  ✅ Teste: 810 imagens → X(810, 328), y(810,)

📂 Processando fold 4...
  🏋️ Processando dados de treino...
  🧪 Processando dados de teste...
  ✅ Treino: 3240 imagens → X(3240, 328), y(3240,)
  ✅ Teste: 810 imagens → X(810, 328), y(810,)

🎉 5 folds processados com sucesso!
📊 Total imagens classe: 50
📊 Total imagens não-classe: 400
🔄 Dividindo em 5 folds...
  Fold 0: 10 classe, 80 não-classe
  Fold 1: 10 classe, 80 não-classe
  Fold 2: 10 classe, 80 não-classe
  Fold 3: 10 classe, 80 não-classe
  Fold 4: 10 classe, 80 não-classe

🔧 Construindo fold 0...
  ✅ Treino: 40 classe + 320 não-classe = 360
  ✅ Teste: 10 classe + 80 não-classe = 90

🔧 Construindo fold 1...
  ✅ Treino: 40 classe + 320 não-classe = 360
  ✅ Teste: 10 classe + 80 não-classe = 90

🔧 Construindo fold 2...
  ✅ Treino: 40 classe + 320 não-classe = 360
  ✅ Teste: 10 classe + 80 não-classe = 90

🔧 Construindo fold 3...
  ✅ Treino: 40 classe + 320 não-classe = 360
  ✅ Teste: 10 classe + 80 não-classe = 90

🔧 Construindo fold 4...
  ✅ Treino: 40 classe + 320 não-classe = 360
  ✅ Teste: 10 classe + 80 não-classe = 90

🎉 5 folds construídos com sucesso!
🔄 Convertendo folds para formato de classificação...

📂 Processando fold 0...
  🏋️ Processando dados de treino...
  🧪 Processando dados de teste...
  ✅ Treino: 3240 imagens → X(3240, 328), y(3240,)
  ✅ Teste: 810 imagens → X(810, 328), y(810,)

📂 Processando fold 1...
  🏋️ Processando dados de treino...
  🧪 Processando dados de teste...
  ✅ Treino: 3240 imagens → X(3240, 328), y(3240,)
  ✅ Teste: 810 imagens → X(810, 328), y(810,)

📂 Processando fold 2...
  🏋️ Processando dados de treino...
  🧪 Processando dados de teste...
  ✅ Treino: 3240 imagens → X(3240, 328), y(3240,)
  ✅ Teste: 810 imagens → X(810, 328), y(810,)

📂 Processando fold 3...
  🏋️ Processando dados de treino...
  🧪 Processando dados de teste...
  ✅ Treino: 3240 imagens → X(3240, 328), y(3240,)
  ✅ Teste: 810 imagens → X(810, 328), y(810,)

📂 Processando fold 4...
  🏋️ Processando dados de treino...
  🧪 Processando dados de teste...
  ✅ Treino: 3240 imagens → X(3240, 328), y(3240,)
  ✅ Teste: 810 imagens → X(810, 328), y(810,)

🎉 5 folds processados com sucesso!
📊 Total imagens classe: 50
📊 Total imagens não-classe: 400
🔄 Dividindo em 5 folds...
  Fold 0: 10 classe, 80 não-classe
  Fold 1: 10 classe, 80 não-classe
  Fold 2: 10 classe, 80 não-classe
  Fold 3: 10 classe, 80 não-classe
  Fold 4: 10 classe, 80 não-classe

🔧 Construindo fold 0...
  ✅ Treino: 40 classe + 320 não-classe = 360
  ✅ Teste: 10 classe + 80 não-classe = 90

🔧 Construindo fold 1...
  ✅ Treino: 40 classe + 320 não-classe = 360
  ✅ Teste: 10 classe + 80 não-classe = 90

🔧 Construindo fold 2...
  ✅ Treino: 40 classe + 320 não-classe = 360
  ✅ Teste: 10 classe + 80 não-classe = 90

🔧 Construindo fold 3...
  ✅ Treino: 40 classe + 320 não-classe = 360
  ✅ Teste: 10 classe + 80 não-classe = 90

🔧 Construindo fold 4...
  ✅ Treino: 40 classe + 320 não-classe = 360
  ✅ Teste: 10 classe + 80 não-classe = 90

🎉 5 folds construídos com sucesso!
🔄 Convertendo folds para formato de classificação...

📂 Processando fold 0...
  🏋️ Processando dados de treino...
  🧪 Processando dados de teste...
  ✅ Treino: 3240 imagens → X(3240, 328), y(3240,)
  ✅ Teste: 810 imagens → X(810, 328), y(810,)

📂 Processando fold 1...
  🏋️ Processando dados de treino...
  🧪 Processando dados de teste...
  ✅ Treino: 3240 imagens → X(3240, 328), y(3240,)
  ✅ Teste: 810 imagens → X(810, 328), y(810,)

📂 Processando fold 2...
  🏋️ Processando dados de treino...
  🧪 Processando dados de teste...
  ✅ Treino: 3240 imagens → X(3240, 328), y(3240,)
  ✅ Teste: 810 imagens → X(810, 328), y(810,)

📂 Processando fold 3...
  🏋️ Processando dados de treino...
  🧪 Processando dados de teste...
  ✅ Treino: 3240 imagens → X(3240, 328), y(3240,)
  ✅ Teste: 810 imagens → X(810, 328), y(810,)

📂 Processando fold 4...
  🏋️ Processando dados de treino...
  🧪 Processando dados de teste...
  ✅ Treino: 3240 imagens → X(3240, 328), y(3240,)
  ✅ Teste: 810 imagens → X(810, 328), y(810,)

🎉 5 folds processados com sucesso!
📊 Total imagens classe: 50
📊 Total imagens não-classe: 400
🔄 Dividindo em 5 folds...
  Fold 0: 10 classe, 80 não-classe
  Fold 1: 10 classe, 80 não-classe
  Fold 2: 10 classe, 80 não-classe
  Fold 3: 10 classe, 80 não-classe
  Fold 4: 10 classe, 80 não-classe

🔧 Construindo fold 0...
  ✅ Treino: 40 classe + 320 não-classe = 360
  ✅ Teste: 10 classe + 80 não-classe = 90

🔧 Construindo fold 1...
  ✅ Treino: 40 classe + 320 não-classe = 360
  ✅ Teste: 10 classe + 80 não-classe = 90

🔧 Construindo fold 2...
  ✅ Treino: 40 classe + 320 não-classe = 360
  ✅ Teste: 10 classe + 80 não-classe = 90

🔧 Construindo fold 3...
  ✅ Treino: 40 classe + 320 não-classe = 360
  ✅ Teste: 10 classe + 80 não-classe = 90

🔧 Construindo fold 4...
  ✅ Treino: 40 classe + 320 não-classe = 360
  ✅ Teste: 10 classe + 80 não-classe = 90

🎉 5 folds construídos com sucesso!
🔄 Convertendo folds para formato de classificação...

📂 Processando fold 0...
  🏋️ Processando dados de treino...
  🧪 Processando dados de teste...
  ✅ Treino: 3240 imagens → X(3240, 328), y(3240,)
  ✅ Teste: 810 imagens → X(810, 328), y(810,)

📂 Processando fold 1...
  🏋️ Processando dados de treino...
  🧪 Processando dados de teste...
  ✅ Treino: 3240 imagens → X(3240, 328), y(3240,)
  ✅ Teste: 810 imagens → X(810, 328), y(810,)

📂 Processando fold 2...
  🏋️ Processando dados de treino...
  🧪 Processando dados de teste...
  ✅ Treino: 3240 imagens → X(3240, 328), y(3240,)
  ✅ Teste: 810 imagens → X(810, 328), y(810,)

📂 Processando fold 3...
  🏋️ Processando dados de treino...
  🧪 Processando dados de teste...
  ✅ Treino: 3240 imagens → X(3240, 328), y(3240,)
  ✅ Teste: 810 imagens → X(810, 328), y(810,)

📂 Processando fold 4...
  🏋️ Processando dados de treino...
  🧪 Processando dados de teste...
  ✅ Treino: 3240 imagens → X(3240, 328), y(3240,)
  ✅ Teste: 810 imagens → X(810, 328), y(810,)

🎉 5 folds processados com sucesso!
📊 Total imagens classe: 50
📊 Total imagens não-classe: 400
🔄 Dividindo em 5 folds...
  Fold 0: 10 classe, 80 não-classe
  Fold 1: 10 classe, 80 não-classe
  Fold 2: 10 classe, 80 não-classe
  Fold 3: 10 classe, 80 não-classe
  Fold 4: 10 classe, 80 não-classe

🔧 Construindo fold 0...
  ✅ Treino: 40 classe + 320 não-classe = 360
  ✅ Teste: 10 classe + 80 não-classe = 90

🔧 Construindo fold 1...
  ✅ Treino: 40 classe + 320 não-classe = 360
  ✅ Teste: 10 classe + 80 não-classe = 90

🔧 Construindo fold 2...
  ✅ Treino: 40 classe + 320 não-classe = 360
  ✅ Teste: 10 classe + 80 não-classe = 90

🔧 Construindo fold 3...
  ✅ Treino: 40 classe + 320 não-classe = 360
  ✅ Teste: 10 classe + 80 não-classe = 90

🔧 Construindo fold 4...
  ✅ Treino: 40 classe + 320 não-classe = 360
  ✅ Teste: 10 classe + 80 não-classe = 90

🎉 5 folds construídos com sucesso!
🔄 Convertendo folds para formato de classificação...

📂 Processando fold 0...
  🏋️ Processando dados de treino...
  🧪 Processando dados de teste...
  ✅ Treino: 3240 imagens → X(3240, 328), y(3240,)
  ✅ Teste: 810 imagens → X(810, 328), y(810,)

📂 Processando fold 1...
  🏋️ Processando dados de treino...
  🧪 Processando dados de teste...
  ✅ Treino: 3240 imagens → X(3240, 328), y(3240,)
  ✅ Teste: 810 imagens → X(810, 328), y(810,)

📂 Processando fold 2...
  🏋️ Processando dados de treino...
  🧪 Processando dados de teste...
  ✅ Treino: 3240 imagens → X(3240, 328), y(3240,)
  ✅ Teste: 810 imagens → X(810, 328), y(810,)

📂 Processando fold 3...
  🏋️ Processando dados de treino...
  🧪 Processando dados de teste...
  ✅ Treino: 3240 imagens → X(3240, 328), y(3240,)
  ✅ Teste: 810 imagens → X(810, 328), y(810,)

📂 Processando fold 4...
  🏋️ Processando dados de treino...
  🧪 Processando dados de teste...
  ✅ Treino: 3240 imagens → X(3240, 328), y(3240,)
  ✅ Teste: 810 imagens → X(810, 328), y(810,)

🎉 5 folds processados com sucesso!
📊 Total imagens classe: 50
📊 Total imagens não-classe: 400
🔄 Dividindo em 5 folds...
  Fold 0: 10 classe, 80 não-classe
  Fold 1: 10 classe, 80 não-classe
  Fold 2: 10 classe, 80 não-classe
  Fold 3: 10 classe, 80 não-classe
  Fold 4: 10 classe, 80 não-classe

🔧 Construindo fold 0...
  ✅ Treino: 40 classe + 320 não-classe = 360
  ✅ Teste: 10 classe + 80 não-classe = 90

🔧 Construindo fold 1...
  ✅ Treino: 40 classe + 320 não-classe = 360
  ✅ Teste: 10 classe + 80 não-classe = 90

🔧 Construindo fold 2...
  ✅ Treino: 40 classe + 320 não-classe = 360
  ✅ Teste: 10 classe + 80 não-classe = 90

🔧 Construindo fold 3...
  ✅ Treino: 40 classe + 320 não-classe = 360
  ✅ Teste: 10 classe + 80 não-classe = 90

🔧 Construindo fold 4...
  ✅ Treino: 40 classe + 320 não-classe = 360
  ✅ Teste: 10 classe + 80 não-classe = 90

🎉 5 folds construídos com sucesso!
🔄 Convertendo folds para formato de classificação...

📂 Processando fold 0...
  🏋️ Processando dados de treino...
  🧪 Processando dados de teste...
  ✅ Treino: 3240 imagens → X(3240, 328), y(3240,)
  ✅ Teste: 810 imagens → X(810, 328), y(810,)

📂 Processando fold 1...
  🏋️ Processando dados de treino...
  🧪 Processando dados de teste...
  ✅ Treino: 3240 imagens → X(3240, 328), y(3240,)
  ✅ Teste: 810 imagens → X(810, 328), y(810,)

📂 Processando fold 2...
  🏋️ Processando dados de treino...
  🧪 Processando dados de teste...
  ✅ Treino: 3240 imagens → X(3240, 328), y(3240,)
  ✅ Teste: 810 imagens → X(810, 328), y(810,)

📂 Processando fold 3...
  🏋️ Processando dados de treino...
  🧪 Processando dados de teste...
  ✅ Treino: 3240 imagens → X(3240, 328), y(3240,)
  ✅ Teste: 810 imagens → X(810, 328), y(810,)

📂 Processando fold 4...
  🏋️ Processando dados de treino...
  🧪 Processando dados de teste...
  ✅ Treino: 3240 imagens → X(3240, 328), y(3240,)
  ✅ Teste: 810 imagens → X(810, 328), y(810,)

🎉 5 folds processados com sucesso!
📊 Total imagens classe: 50
📊 Total imagens não-classe: 400
🔄 Dividindo em 5 folds...
  Fold 0: 10 classe, 80 não-classe
  Fold 1: 10 classe, 80 não-classe
  Fold 2: 10 classe, 80 não-classe
  Fold 3: 10 classe, 80 não-classe
  Fold 4: 10 classe, 80 não-classe

🔧 Construindo fold 0...
  ✅ Treino: 40 classe + 320 não-classe = 360
  ✅ Teste: 10 classe + 80 não-classe = 90

🔧 Construindo fold 1...
  ✅ Treino: 40 classe + 320 não-classe = 360
  ✅ Teste: 10 classe + 80 não-classe = 90

🔧 Construindo fold 2...
  ✅ Treino: 40 classe + 320 não-classe = 360
  ✅ Teste: 10 classe + 80 não-classe = 90

🔧 Construindo fold 3...
  ✅ Treino: 40 classe + 320 não-classe = 360
  ✅ Teste: 10 classe + 80 não-classe = 90

🔧 Construindo fold 4...
  ✅ Treino: 40 classe + 320 não-classe = 360
  ✅ Teste: 10 classe + 80 não-classe = 90

🎉 5 folds construídos com sucesso!
🔄 Convertendo folds para formato de classificação...

📂 Processando fold 0...
  🏋️ Processando dados de treino...
  🧪 Processando dados de teste...
  ✅ Treino: 3240 imagens → X(3240, 328), y(3240,)
  ✅ Teste: 810 imagens → X(810, 328), y(810,)

📂 Processando fold 1...
  🏋️ Processando dados de treino...
  🧪 Processando dados de teste...
  ✅ Treino: 3240 imagens → X(3240, 328), y(3240,)
  ✅ Teste: 810 imagens → X(810, 328), y(810,)

📂 Processando fold 2...
  🏋️ Processando dados de treino...
  🧪 Processando dados de teste...
  ✅ Treino: 3240 imagens → X(3240, 328), y(3240,)
  ✅ Teste: 810 imagens → X(810, 328), y(810,)

📂 Processando fold 3...
  🏋️ Processando dados de treino...
  🧪 Processando dados de teste...
  ✅ Treino: 3240 imagens → X(3240, 328), y(3240,)
  ✅ Teste: 810 imagens → X(810, 328), y(810,)

📂 Processando fold 4...
  🏋️ Processando dados de treino...
  🧪 Processando dados de teste...
  ✅ Treino: 3240 imagens → X(3240, 328), y(3240,)
  ✅ Teste: 810 imagens → X(810, 328), y(810,)

🎉 5 folds processados com sucesso!
📊 Total imagens classe: 50
📊 Total imagens não-classe: 400
🔄 Dividindo em 5 folds...
  Fold 0: 10 classe, 80 não-classe
  Fold 1: 10 classe, 80 não-classe
  Fold 2: 10 classe, 80 não-classe
  Fold 3: 10 classe, 80 não-classe
  Fold 4: 10 classe, 80 não-classe

🔧 Construindo fold 0...
  ✅ Treino: 40 classe + 320 não-classe = 360
  ✅ Teste: 10 classe + 80 não-classe = 90

🔧 Construindo fold 1...
  ✅ Treino: 40 classe + 320 não-classe = 360
  ✅ Teste: 10 classe + 80 não-classe = 90

🔧 Construindo fold 2...
  ✅ Treino: 40 classe + 320 não-classe = 360
  ✅ Teste: 10 classe + 80 não-classe = 90

🔧 Construindo fold 3...
  ✅ Treino: 40 classe + 320 não-classe = 360
  ✅ Teste: 10 classe + 80 não-classe = 90

🔧 Construindo fold 4...
  ✅ Treino: 40 classe + 320 não-classe = 360
  ✅ Teste: 10 classe + 80 não-classe = 90

🎉 5 folds construídos com sucesso!
🔄 Convertendo folds para formato de classificação...

📂 Processando fold 0...
  🏋️ Processando dados de treino...
  🧪 Processando dados de teste...
  ✅ Treino: 3240 imagens → X(3240, 328), y(3240,)
  ✅ Teste: 810 imagens → X(810, 328), y(810,)

📂 Processando fold 1...
  🏋️ Processando dados de treino...
  🧪 Processando dados de teste...
  ✅ Treino: 3240 imagens → X(3240, 328), y(3240,)
  ✅ Teste: 810 imagens → X(810, 328), y(810,)

📂 Processando fold 2...
  🏋️ Processando dados de treino...
  🧪 Processando dados de teste...
  ✅ Treino: 3240 imagens → X(3240, 328), y(3240,)
  ✅ Teste: 810 imagens → X(810, 328), y(810,)

📂 Processando fold 3...
  🏋️ Processando dados de treino...
  🧪 Processando dados de teste...
  ✅ Treino: 3240 imagens → X(3240, 328), y(3240,)
  ✅ Teste: 810 imagens → X(810, 328), y(810,)

📂 Processando fold 4...
  🏋️ Processando dados de treino...
  🧪 Processando dados de teste...
  ✅ Treino: 3240 imagens → X(3240, 328), y(3240,)
  ✅ Teste: 810 imagens → X(810, 328), y(810,)

🎉 5 folds processados com sucesso!
📊 Total imagens classe: 50
📊 Total imagens não-classe: 400
🔄 Dividindo em 5 folds...
  Fold 0: 10 classe, 80 não-classe
  Fold 1: 10 classe, 80 não-classe
  Fold 2: 10 classe, 80 não-classe
  Fold 3: 10 classe, 80 não-classe
  Fold 4: 10 classe, 80 não-classe

🔧 Construindo fold 0...
  ✅ Treino: 40 classe + 320 não-classe = 360
  ✅ Teste: 10 classe + 80 não-classe = 90

🔧 Construindo fold 1...
  ✅ Treino: 40 classe + 320 não-classe = 360
  ✅ Teste: 10 classe + 80 não-classe = 90

🔧 Construindo fold 2...
  ✅ Treino: 40 classe + 320 não-classe = 360
  ✅ Teste: 10 classe + 80 não-classe = 90

🔧 Construindo fold 3...
  ✅ Treino: 40 classe + 320 não-classe = 360
  ✅ Teste: 10 classe + 80 não-classe = 90

🔧 Construindo fold 4...
  ✅ Treino: 40 classe + 320 não-classe = 360
  ✅ Teste: 10 classe + 80 não-classe = 90

🎉 5 folds construídos com sucesso!
🔄 Convertendo folds para formato de classificação...

📂 Processando fold 0...
  🏋️ Processando dados de treino...
  🧪 Processando dados de teste...
  ✅ Treino: 3240 imagens → X(3240, 387), y(3240,)
  ✅ Teste: 810 imagens → X(810, 387), y(810,)

📂 Processando fold 1...
  🏋️ Processando dados de treino...
  🧪 Processando dados de teste...
  ✅ Treino: 3240 imagens → X(3240, 387), y(3240,)
  ✅ Teste: 810 imagens → X(810, 387), y(810,)

📂 Processando fold 2...
  🏋️ Processando dados de treino...
  🧪 Processando dados de teste...
  ✅ Treino: 3240 imagens → X(3240, 387), y(3240,)
  ✅ Teste: 810 imagens → X(810, 387), y(810,)

📂 Processando fold 3...
  🏋️ Processando dados de treino...
  🧪 Processando dados de teste...
  ✅ Treino: 3240 imagens → X(3240, 387), y(3240,)
  ✅ Teste: 810 imagens → X(810, 387), y(810,)

📂 Processando fold 4...
  🏋️ Processando dados de treino...
  🧪 Processando dados de teste...
  ✅ Treino: 3240 imagens → X(3240, 387), y(3240,)
  ✅ Teste: 810 imagens → X(810, 387), y(810,)

🎉 5 folds processados com sucesso!
📊 Total imagens classe: 50
📊 Total imagens não-classe: 400
🔄 Dividindo em 5 folds...
  Fold 0: 10 classe, 80 não-classe
  Fold 1: 10 classe, 80 não-classe
  Fold 2: 10 classe, 80 não-classe
  Fold 3: 10 classe, 80 não-classe
  Fold 4: 10 classe, 80 não-classe

🔧 Construindo fold 0...
  ✅ Treino: 40 classe + 320 não-classe = 360
  ✅ Teste: 10 classe + 80 não-classe = 90

🔧 Construindo fold 1...
  ✅ Treino: 40 classe + 320 não-classe = 360
  ✅ Teste: 10 classe + 80 não-classe = 90

🔧 Construindo fold 2...
  ✅ Treino: 40 classe + 320 não-classe = 360
  ✅ Teste: 10 classe + 80 não-classe = 90

🔧 Construindo fold 3...
  ✅ Treino: 40 classe + 320 não-classe = 360
  ✅ Teste: 10 classe + 80 não-classe = 90

🔧 Construindo fold 4...
  ✅ Treino: 40 classe + 320 não-classe = 360
  ✅ Teste: 10 classe + 80 não-classe = 90

🎉 5 folds construídos com sucesso!
🔄 Convertendo folds para formato de classificação...

📂 Processando fold 0...
  🏋️ Processando dados de treino...
  🧪 Processando dados de teste...
  ✅ Treino: 3240 imagens → X(3240, 387), y(3240,)
  ✅ Teste: 810 imagens → X(810, 387), y(810,)

📂 Processando fold 1...
  🏋️ Processando dados de treino...
  🧪 Processando dados de teste...
  ✅ Treino: 3240 imagens → X(3240, 387), y(3240,)
  ✅ Teste: 810 imagens → X(810, 387), y(810,)

📂 Processando fold 2...
  🏋️ Processando dados de treino...
  🧪 Processando dados de teste...
  ✅ Treino: 3240 imagens → X(3240, 387), y(3240,)
  ✅ Teste: 810 imagens → X(810, 387), y(810,)

📂 Processando fold 3...
  🏋️ Processando dados de treino...
  🧪 Processando dados de teste...
  ✅ Treino: 3240 imagens → X(3240, 387), y(3240,)
  ✅ Teste: 810 imagens → X(810, 387), y(810,)

📂 Processando fold 4...
  🏋️ Processando dados de treino...
  🧪 Processando dados de teste...
  ✅ Treino: 3240 imagens → X(3240, 387), y(3240,)
  ✅ Teste: 810 imagens → X(810, 387), y(810,)

🎉 5 folds processados com sucesso!
📊 Total imagens classe: 50
📊 Total imagens não-classe: 400
🔄 Dividindo em 5 folds...
  Fold 0: 10 classe, 80 não-classe
  Fold 1: 10 classe, 80 não-classe
  Fold 2: 10 classe, 80 não-classe
  Fold 3: 10 classe, 80 não-classe
  Fold 4: 10 classe, 80 não-classe

🔧 Construindo fold 0...
  ✅ Treino: 40 classe + 320 não-classe = 360
  ✅ Teste: 10 classe + 80 não-classe = 90

🔧 Construindo fold 1...
  ✅ Treino: 40 classe + 320 não-classe = 360
  ✅ Teste: 10 classe + 80 não-classe = 90

🔧 Construindo fold 2...
  ✅ Treino: 40 classe + 320 não-classe = 360
  ✅ Teste: 10 classe + 80 não-classe = 90

🔧 Construindo fold 3...
  ✅ Treino: 40 classe + 320 não-classe = 360
  ✅ Teste: 10 classe + 80 não-classe = 90

🔧 Construindo fold 4...
  ✅ Treino: 40 classe + 320 não-classe = 360
  ✅ Teste: 10 classe + 80 não-classe = 90

🎉 5 folds construídos com sucesso!
🔄 Convertendo folds para formato de classificação...

📂 Processando fold 0...
  🏋️ Processando dados de treino...
  🧪 Processando dados de teste...
  ✅ Treino: 3240 imagens → X(3240, 387), y(3240,)
  ✅ Teste: 810 imagens → X(810, 387), y(810,)

📂 Processando fold 1...
  🏋️ Processando dados de treino...
  🧪 Processando dados de teste...
  ✅ Treino: 3240 imagens → X(3240, 387), y(3240,)
  ✅ Teste: 810 imagens → X(810, 387), y(810,)

📂 Processando fold 2...
  🏋️ Processando dados de treino...
  🧪 Processando dados de teste...
  ✅ Treino: 3240 imagens → X(3240, 387), y(3240,)
  ✅ Teste: 810 imagens → X(810, 387), y(810,)

📂 Processando fold 3...
  🏋️ Processando dados de treino...
  🧪 Processando dados de teste...
  ✅ Treino: 3240 imagens → X(3240, 387), y(3240,)
  ✅ Teste: 810 imagens → X(810, 387), y(810,)

📂 Processando fold 4...
  🏋️ Processando dados de treino...
  🧪 Processando dados de teste...
  ✅ Treino: 3240 imagens → X(3240, 387), y(3240,)
  ✅ Teste: 810 imagens → X(810, 387), y(810,)

🎉 5 folds processados com sucesso!
📊 Total imagens classe: 50
📊 Total imagens não-classe: 400
🔄 Dividindo em 5 folds...
  Fold 0: 10 classe, 80 não-classe
  Fold 1: 10 classe, 80 não-classe
  Fold 2: 10 classe, 80 não-classe
  Fold 3: 10 classe, 80 não-classe
  Fold 4: 10 classe, 80 não-classe

🔧 Construindo fold 0...
  ✅ Treino: 40 classe + 320 não-classe = 360
  ✅ Teste: 10 classe + 80 não-classe = 90

🔧 Construindo fold 1...
  ✅ Treino: 40 classe + 320 não-classe = 360
  ✅ Teste: 10 classe + 80 não-classe = 90

🔧 Construindo fold 2...
  ✅ Treino: 40 classe + 320 não-classe = 360
  ✅ Teste: 10 classe + 80 não-classe = 90

🔧 Construindo fold 3...
  ✅ Treino: 40 classe + 320 não-classe = 360
  ✅ Teste: 10 classe + 80 não-classe = 90

🔧 Construindo fold 4...
  ✅ Treino: 40 classe + 320 não-classe = 360
  ✅ Teste: 10 classe + 80 não-classe = 90

🎉 5 folds construídos com sucesso!
🔄 Convertendo folds para formato de classificação...

📂 Processando fold 0...
  🏋️ Processando dados de treino...
  🧪 Processando dados de teste...
  ✅ Treino: 3240 imagens → X(3240, 387), y(3240,)
  ✅ Teste: 810 imagens → X(810, 387), y(810,)

📂 Processando fold 1...
  🏋️ Processando dados de treino...
  🧪 Processando dados de teste...
  ✅ Treino: 3240 imagens → X(3240, 387), y(3240,)
  ✅ Teste: 810 imagens → X(810, 387), y(810,)

📂 Processando fold 2...
  🏋️ Processando dados de treino...
  🧪 Processando dados de teste...
  ✅ Treino: 3240 imagens → X(3240, 387), y(3240,)
  ✅ Teste: 810 imagens → X(810, 387), y(810,)

📂 Processando fold 3...
  🏋️ Processando dados de treino...
  🧪 Processando dados de teste...
  ✅ Treino: 3240 imagens → X(3240, 387), y(3240,)
  ✅ Teste: 810 imagens → X(810, 387), y(810,)

📂 Processando fold 4...
  🏋️ Processando dados de treino...
  🧪 Processando dados de teste...
  ✅ Treino: 3240 imagens → X(3240, 387), y(3240,)
  ✅ Teste: 810 imagens → X(810, 387), y(810,)

🎉 5 folds processados com sucesso!
📊 Total imagens classe: 50
📊 Total imagens não-classe: 400
🔄 Dividindo em 5 folds...
  Fold 0: 10 classe, 80 não-classe
  Fold 1: 10 classe, 80 não-classe
  Fold 2: 10 classe, 80 não-classe
  Fold 3: 10 classe, 80 não-classe
  Fold 4: 10 classe, 80 não-classe

🔧 Construindo fold 0...
  ✅ Treino: 40 classe + 320 não-classe = 360
  ✅ Teste: 10 classe + 80 não-classe = 90

🔧 Construindo fold 1...
  ✅ Treino: 40 classe + 320 não-classe = 360
  ✅ Teste: 10 classe + 80 não-classe = 90

🔧 Construindo fold 2...
  ✅ Treino: 40 classe + 320 não-classe = 360
  ✅ Teste: 10 classe + 80 não-classe = 90

🔧 Construindo fold 3...
  ✅ Treino: 40 classe + 320 não-classe = 360
  ✅ Teste: 10 classe + 80 não-classe = 90

🔧 Construindo fold 4...
  ✅ Treino: 40 classe + 320 não-classe = 360
  ✅ Teste: 10 classe + 80 não-classe = 90

🎉 5 folds construídos com sucesso!
🔄 Convertendo folds para formato de classificação...

📂 Processando fold 0...
  🏋️ Processando dados de treino...
  🧪 Processando dados de teste...
  ✅ Treino: 3240 imagens → X(3240, 387), y(3240,)
  ✅ Teste: 810 imagens → X(810, 387), y(810,)

📂 Processando fold 1...
  🏋️ Processando dados de treino...
  🧪 Processando dados de teste...
  ✅ Treino: 3240 imagens → X(3240, 387), y(3240,)
  ✅ Teste: 810 imagens → X(810, 387), y(810,)

📂 Processando fold 2...
  🏋️ Processando dados de treino...
  🧪 Processando dados de teste...
  ✅ Treino: 3240 imagens → X(3240, 387), y(3240,)
  ✅ Teste: 810 imagens → X(810, 387), y(810,)

📂 Processando fold 3...
  🏋️ Processando dados de treino...
  🧪 Processando dados de teste...
  ✅ Treino: 3240 imagens → X(3240, 387), y(3240,)
  ✅ Teste: 810 imagens → X(810, 387), y(810,)

📂 Processando fold 4...
  🏋️ Processando dados de treino...
  🧪 Processando dados de teste...
  ✅ Treino: 3240 imagens → X(3240, 387), y(3240,)
  ✅ Teste: 810 imagens → X(810, 387), y(810,)

🎉 5 folds processados com sucesso!
📊 Total imagens classe: 50
📊 Total imagens não-classe: 400
🔄 Dividindo em 5 folds...
  Fold 0: 10 classe, 80 não-classe
  Fold 1: 10 classe, 80 não-classe
  Fold 2: 10 classe, 80 não-classe
  Fold 3: 10 classe, 80 não-classe
  Fold 4: 10 classe, 80 não-classe

🔧 Construindo fold 0...
  ✅ Treino: 40 classe + 320 não-classe = 360
  ✅ Teste: 10 classe + 80 não-classe = 90

🔧 Construindo fold 1...
  ✅ Treino: 40 classe + 320 não-classe = 360
  ✅ Teste: 10 classe + 80 não-classe = 90

🔧 Construindo fold 2...
  ✅ Treino: 40 classe + 320 não-classe = 360
  ✅ Teste: 10 classe + 80 não-classe = 90

🔧 Construindo fold 3...
  ✅ Treino: 40 classe + 320 não-classe = 360
  ✅ Teste: 10 classe + 80 não-classe = 90

🔧 Construindo fold 4...
  ✅ Treino: 40 classe + 320 não-classe = 360
  ✅ Teste: 10 classe + 80 não-classe = 90

🎉 5 folds construídos com sucesso!
🔄 Convertendo folds para formato de classificação...

📂 Processando fold 0...
  🏋️ Processando dados de treino...
  🧪 Processando dados de teste...
  ✅ Treino: 3240 imagens → X(3240, 387), y(3240,)
  ✅ Teste: 810 imagens → X(810, 387), y(810,)

📂 Processando fold 1...
  🏋️ Processando dados de treino...
  🧪 Processando dados de teste...
  ✅ Treino: 3240 imagens → X(3240, 387), y(3240,)
  ✅ Teste: 810 imagens → X(810, 387), y(810,)

📂 Processando fold 2...
  🏋️ Processando dados de treino...
  🧪 Processando dados de teste...
  ✅ Treino: 3240 imagens → X(3240, 387), y(3240,)
  ✅ Teste: 810 imagens → X(810, 387), y(810,)

📂 Processando fold 3...
  🏋️ Processando dados de treino...
  🧪 Processando dados de teste...
  ✅ Treino: 3240 imagens → X(3240, 387), y(3240,)
  ✅ Teste: 810 imagens → X(810, 387), y(810,)

📂 Processando fold 4...
  🏋️ Processando dados de treino...
  🧪 Processando dados de teste...
  ✅ Treino: 3240 imagens → X(3240, 387), y(3240,)
  ✅ Teste: 810 imagens → X(810, 387), y(810,)

🎉 5 folds processados com sucesso!
📊 Total imagens classe: 50
📊 Total imagens não-classe: 400
🔄 Dividindo em 5 folds...
  Fold 0: 10 classe, 80 não-classe
  Fold 1: 10 classe, 80 não-classe
  Fold 2: 10 classe, 80 não-classe
  Fold 3: 10 classe, 80 não-classe
  Fold 4: 10 classe, 80 não-classe

🔧 Construindo fold 0...
  ✅ Treino: 40 classe + 320 não-classe = 360
  ✅ Teste: 10 classe + 80 não-classe = 90

🔧 Construindo fold 1...
  ✅ Treino: 40 classe + 320 não-classe = 360
  ✅ Teste: 10 classe + 80 não-classe = 90

🔧 Construindo fold 2...
  ✅ Treino: 40 classe + 320 não-classe = 360
  ✅ Teste: 10 classe + 80 não-classe = 90

🔧 Construindo fold 3...
  ✅ Treino: 40 classe + 320 não-classe = 360
  ✅ Teste: 10 classe + 80 não-classe = 90

🔧 Construindo fold 4...
  ✅ Treino: 40 classe + 320 não-classe = 360
  ✅ Teste: 10 classe + 80 não-classe = 90

🎉 5 folds construídos com sucesso!
🔄 Convertendo folds para formato de classificação...

📂 Processando fold 0...
  🏋️ Processando dados de treino...
  🧪 Processando dados de teste...
  ✅ Treino: 3240 imagens → X(3240, 387), y(3240,)
  ✅ Teste: 810 imagens → X(810, 387), y(810,)

📂 Processando fold 1...
  🏋️ Processando dados de treino...
  🧪 Processando dados de teste...
  ✅ Treino: 3240 imagens → X(3240, 387), y(3240,)
  ✅ Teste: 810 imagens → X(810, 387), y(810,)

📂 Processando fold 2...
  🏋️ Processando dados de treino...
  🧪 Processando dados de teste...
  ✅ Treino: 3240 imagens → X(3240, 387), y(3240,)
  ✅ Teste: 810 imagens → X(810, 387), y(810,)

📂 Processando fold 3...
  🏋️ Processando dados de treino...
  🧪 Processando dados de teste...
  ✅ Treino: 3240 imagens → X(3240, 387), y(3240,)
  ✅ Teste: 810 imagens → X(810, 387), y(810,)

📂 Processando fold 4...
  🏋️ Processando dados de treino...
  🧪 Processando dados de teste...
  ✅ Treino: 3240 imagens → X(3240, 387), y(3240,)
  ✅ Teste: 810 imagens → X(810, 387), y(810,)

🎉 5 folds processados com sucesso!
📊 Total imagens classe: 50
📊 Total imagens não-classe: 400
🔄 Dividindo em 5 folds...
  Fold 0: 10 classe, 80 não-classe
  Fold 1: 10 classe, 80 não-classe
  Fold 2: 10 classe, 80 não-classe
  Fold 3: 10 classe, 80 não-classe
  Fold 4: 10 classe, 80 não-classe

🔧 Construindo fold 0...
  ✅ Treino: 40 classe + 320 não-classe = 360
  ✅ Teste: 10 classe + 80 não-classe = 90

🔧 Construindo fold 1...
  ✅ Treino: 40 classe + 320 não-classe = 360
  ✅ Teste: 10 classe + 80 não-classe = 90

🔧 Construindo fold 2...
  ✅ Treino: 40 classe + 320 não-classe = 360
  ✅ Teste: 10 classe + 80 não-classe = 90

🔧 Construindo fold 3...
  ✅ Treino: 40 classe + 320 não-classe = 360
  ✅ Teste: 10 classe + 80 não-classe = 90

🔧 Construindo fold 4...
  ✅ Treino: 40 classe + 320 não-classe = 360
  ✅ Teste: 10 classe + 80 não-classe = 90

🎉 5 folds construídos com sucesso!
🔄 Convertendo folds para formato de classificação...

📂 Processando fold 0...
  🏋️ Processando dados de treino...
  🧪 Processando dados de teste...
  ✅ Treino: 3240 imagens → X(3240, 387), y(3240,)
  ✅ Teste: 810 imagens → X(810, 387), y(810,)

📂 Processando fold 1...
  🏋️ Processando dados de treino...
  🧪 Processando dados de teste...
  ✅ Treino: 3240 imagens → X(3240, 387), y(3240,)
  ✅ Teste: 810 imagens → X(810, 387), y(810,)

📂 Processando fold 2...
  🏋️ Processando dados de treino...
  🧪 Processando dados de teste...
  ✅ Treino: 3240 imagens → X(3240, 387), y(3240,)
  ✅ Teste: 810 imagens → X(810, 387), y(810,)

📂 Processando fold 3...
  🏋️ Processando dados de treino...
  🧪 Processando dados de teste...
  ✅ Treino: 3240 imagens → X(3240, 387), y(3240,)
  ✅ Teste: 810 imagens → X(810, 387), y(810,)

📂 Processando fold 4...
  🏋️ Processando dados de treino...
  🧪 Processando dados de teste...
  ✅ Treino: 3240 imagens → X(3240, 387), y(3240,)
  ✅ Teste: 810 imagens → X(810, 387), y(810,)

🎉 5 folds processados com sucesso!
📊 Total imagens classe: 50
📊 Total imagens não-classe: 400
🔄 Dividindo em 5 folds...
  Fold 0: 10 classe, 80 não-classe
  Fold 1: 10 classe, 80 não-classe
  Fold 2: 10 classe, 80 não-classe
  Fold 3: 10 classe, 80 não-classe
  Fold 4: 10 classe, 80 não-classe

🔧 Construindo fold 0...
  ✅ Treino: 40 classe + 320 não-classe = 360
  ✅ Teste: 10 classe + 80 não-classe = 90

🔧 Construindo fold 1...
  ✅ Treino: 40 classe + 320 não-classe = 360
  ✅ Teste: 10 classe + 80 não-classe = 90

🔧 Construindo fold 2...
  ✅ Treino: 40 classe + 320 não-classe = 360
  ✅ Teste: 10 classe + 80 não-classe = 90

🔧 Construindo fold 3...
  ✅ Treino: 40 classe + 320 não-classe = 360
  ✅ Teste: 10 classe + 80 não-classe = 90

🔧 Construindo fold 4...
  ✅ Treino: 40 classe + 320 não-classe = 360
  ✅ Teste: 10 classe + 80 não-classe = 90

🎉 5 folds construídos com sucesso!
🔄 Convertendo folds para formato de classificação...

📂 Processando fold 0...
  🏋️ Processando dados de treino...
  🧪 Processando dados de teste...
  ✅ Treino: 3240 imagens → X(3240, 387), y(3240,)
  ✅ Teste: 810 imagens → X(810, 387), y(810,)

📂 Processando fold 1...
  🏋️ Processando dados de treino...
  🧪 Processando dados de teste...
  ✅ Treino: 3240 imagens → X(3240, 387), y(3240,)
  ✅ Teste: 810 imagens → X(810, 387), y(810,)

📂 Processando fold 2...
  🏋️ Processando dados de treino...
  🧪 Processando dados de teste...
  ✅ Treino: 3240 imagens → X(3240, 387), y(3240,)
  ✅ Teste: 810 imagens → X(810, 387), y(810,)

📂 Processando fold 3...
  🏋️ Processando dados de treino...
  🧪 Processando dados de teste...
  ✅ Treino: 3240 imagens → X(3240, 387), y(3240,)
  ✅ Teste: 810 imagens → X(810, 387), y(810,)

📂 Processando fold 4...
  🏋️ Processando dados de treino...
  🧪 Processando dados de teste...
  ✅ Treino: 3240 imagens → X(3240, 387), y(3240,)
  ✅ Teste: 810 imagens → X(810, 387), y(810,)

🎉 5 folds processados com sucesso!
Tunando parâmetros do KNN...
Tunando parâmetros do Random Forest...
Tunando SVM...
🚀 === CALCULANDO RELEVÂNCIA DOS MODELOS KNN ===

📊 Calculando relevância LBP...
🚀 Iniciando treinamento de especialistas KNN-LBP
   📋 9 especialistas para treinar
   🔄 Validação cruzada: 5 folds
------------------------------------------------------------

🎯 Treinando especialista 1/9: peperomia_glabella
=== Iniciando treinamento assistido: KNN-LBP-Specialist-peperomia_glabella ===
Validação cruzada: 5 folds
==================================================

~~ Fold 1 ~~
Melhores parâmetros: {'knn__metric': 'manhattan', 'knn__n_neighbors': 9}
----------------------------------------
Métricas Fold 1 - KNN-LBP-Specialist-peperomia_glabella:
   📊 Acurácia: 84.5679%
   📊 F1: 91.5024%
   📊 Recall: 93.4722%
   📊 Precision: 89.6138%
----------------------------------------
~~~~~~~~~~~~~~~~~~~~~~~~~

~~ Fold 2 ~~
Melhores parâmetros: {'knn__metric': 'manhattan', 'knn__n_neighbors': 9}
----------------------------------------
Métricas Fold 2 - KNN-LBP-Specialist-peperomia_glabella:
   📊 Acurácia: 83.2099%
   📊 F1: 90.5556%
   📊 Recall: 90.5556%
   📊 Precision: 90.5556%
----------------------------------------
~~~~~~~~~~~~~~~~~~~~~~~~~

~~ Fold 3 ~~
Melhores parâmetros: {'knn__metric': 'euclidean', 'knn__n_neighbors': 9}
----------------------------------------
Métricas Fold 3 - KNN-LBP-Specialist-peperomia_glabella:
   📊 Acurácia: 83.4568%
   📊 F1: 90.8345%
   📊 Recall: 92.2222%
   📊 Precision: 89.4879%
----------------------------------------
~~~~~~~~~~~~~~~~~~~~~~~~~

~~ Fold 4 ~~
Melhores parâmetros: {'knn__metric': 'euclidean', 'knn__n_neighbors': 9}
----------------------------------------
Métricas Fold 4 - KNN-LBP-Specialist-peperomia_glabella:
   📊 Acurácia: 84.6914%
   📊 F1: 91.4483%
   📊 Recall: 92.0833%
   📊 Precision: 90.8219%
----------------------------------------
~~~~~~~~~~~~~~~~~~~~~~~~~

~~ Fold 5 ~~
Melhores parâmetros: {'knn__metric': 'euclidean', 'knn__n_neighbors': 9}
----------------------------------------
Métricas Fold 5 - KNN-LBP-Specialist-peperomia_glabella:
   📊 Acurácia: 84.8148%
   📊 F1: 91.6610%
   📊 Recall: 93.8889%
   📊 Precision: 89.5364%
----------------------------------------
~~~~~~~~~~~~~~~~~~~~~~~~~
==================================================

🎯 Treinando especialista 2/9: peperomia_tetraphylla
=== Iniciando treinamento assistido: KNN-LBP-Specialist-peperomia_tetraphylla ===
Validação cruzada: 5 folds
==================================================

~~ Fold 1 ~~
Melhores parâmetros: {'knn__metric': 'euclidean', 'knn__n_neighbors': 9}
----------------------------------------
Métricas Fold 1 - KNN-LBP-Specialist-peperomia_tetraphylla:
   📊 Acurácia: 85.8025%
   📊 F1: 91.9972%
   📊 Recall: 91.8056%
   📊 Precision: 92.1897%
----------------------------------------
~~~~~~~~~~~~~~~~~~~~~~~~~

~~ Fold 2 ~~
Melhores parâmetros: {'knn__metric': 'euclidean', 'knn__n_neighbors': 9}
----------------------------------------
Métricas Fold 2 - KNN-LBP-Specialist-peperomia_tetraphylla:
   📊 Acurácia: 85.1852%
   📊 F1: 91.6782%
   📊 Recall: 91.8056%
   📊 Precision: 91.5512%
----------------------------------------
~~~~~~~~~~~~~~~~~~~~~~~~~

~~ Fold 3 ~~
Melhores parâmetros: {'knn__metric': 'euclidean', 'knn__n_neighbors': 9}
----------------------------------------
Métricas Fold 3 - KNN-LBP-Specialist-peperomia_tetraphylla:
   📊 Acurácia: 86.7901%
   📊 F1: 92.6561%
   📊 Recall: 93.7500%
   📊 Precision: 91.5875%
----------------------------------------
~~~~~~~~~~~~~~~~~~~~~~~~~

~~ Fold 4 ~~
Melhores parâmetros: {'knn__metric': 'euclidean', 'knn__n_neighbors': 9}
----------------------------------------
Métricas Fold 4 - KNN-LBP-Specialist-peperomia_tetraphylla:
   📊 Acurácia: 84.8148%
   📊 F1: 91.5231%
   📊 Recall: 92.2222%
   📊 Precision: 90.8345%
----------------------------------------
~~~~~~~~~~~~~~~~~~~~~~~~~

~~ Fold 5 ~~
Melhores parâmetros: {'knn__metric': 'euclidean', 'knn__n_neighbors': 9}
----------------------------------------
Métricas Fold 5 - KNN-LBP-Specialist-peperomia_tetraphylla:
   📊 Acurácia: 86.6667%
   📊 F1: 92.5926%
   📊 Recall: 93.7500%
   📊 Precision: 91.4634%
----------------------------------------
~~~~~~~~~~~~~~~~~~~~~~~~~
==================================================

🎯 Treinando especialista 3/9: peperomia_urocarpa
=== Iniciando treinamento assistido: KNN-LBP-Specialist-peperomia_urocarpa ===
Validação cruzada: 5 folds
==================================================

~~ Fold 1 ~~
Melhores parâmetros: {'knn__metric': 'euclidean', 'knn__n_neighbors': 9}
----------------------------------------
Métricas Fold 1 - KNN-LBP-Specialist-peperomia_urocarpa:
   📊 Acurácia: 83.9506%
   📊 F1: 91.0837%
   📊 Recall: 92.2222%
   📊 Precision: 89.9729%
----------------------------------------
~~~~~~~~~~~~~~~~~~~~~~~~~

~~ Fold 2 ~~
Melhores parâmetros: {'knn__metric': 'euclidean', 'knn__n_neighbors': 9}
----------------------------------------
Métricas Fold 2 - KNN-LBP-Specialist-peperomia_urocarpa:
   📊 Acurácia: 83.7037%
   📊 F1: 91.0082%
   📊 Recall: 92.7778%
   📊 Precision: 89.3048%
----------------------------------------
~~~~~~~~~~~~~~~~~~~~~~~~~

~~ Fold 3 ~~
Melhores parâmetros: {'knn__metric': 'euclidean', 'knn__n_neighbors': 9}
----------------------------------------
Métricas Fold 3 - KNN-LBP-Specialist-peperomia_urocarpa:
   📊 Acurácia: 85.3086%
   📊 F1: 91.9540%
   📊 Recall: 94.4444%
   📊 Precision: 89.5916%
----------------------------------------
~~~~~~~~~~~~~~~~~~~~~~~~~

~~ Fold 4 ~~
Melhores parâmetros: {'knn__metric': 'euclidean', 'knn__n_neighbors': 9}
----------------------------------------
Métricas Fold 4 - KNN-LBP-Specialist-peperomia_urocarpa:
   📊 Acurácia: 82.7160%
   📊 F1: 90.3978%
   📊 Recall: 91.5278%
   📊 Precision: 89.2954%
----------------------------------------
~~~~~~~~~~~~~~~~~~~~~~~~~

~~ Fold 5 ~~
Melhores parâmetros: {'knn__metric': 'manhattan', 'knn__n_neighbors': 9}
----------------------------------------
Métricas Fold 5 - KNN-LBP-Specialist-peperomia_urocarpa:
   📊 Acurácia: 84.5679%
   📊 F1: 91.5024%
   📊 Recall: 93.4722%
   📊 Precision: 89.6138%
----------------------------------------
~~~~~~~~~~~~~~~~~~~~~~~~~
==================================================

🎯 Treinando especialista 4/9: piper_amalago
=== Iniciando treinamento assistido: KNN-LBP-Specialist-piper_amalago ===
Validação cruzada: 5 folds
==================================================

~~ Fold 1 ~~
Melhores parâmetros: {'knn__metric': 'euclidean', 'knn__n_neighbors': 9}
----------------------------------------
Métricas Fold 1 - KNN-LBP-Specialist-piper_amalago:
   📊 Acurácia: 87.0370%
   📊 F1: 93.0601%
   📊 Recall: 97.7778%
   📊 Precision: 88.7768%
----------------------------------------
~~~~~~~~~~~~~~~~~~~~~~~~~

~~ Fold 2 ~~
Melhores parâmetros: {'knn__metric': 'manhattan', 'knn__n_neighbors': 9}
----------------------------------------
Métricas Fold 2 - KNN-LBP-Specialist-piper_amalago:
   📊 Acurácia: 88.7654%
   📊 F1: 94.0328%
   📊 Recall: 99.5833%
   📊 Precision: 89.0683%
----------------------------------------
~~~~~~~~~~~~~~~~~~~~~~~~~

~~ Fold 3 ~~
Melhores parâmetros: {'knn__metric': 'manhattan', 'knn__n_neighbors': 9}
----------------------------------------
Métricas Fold 3 - KNN-LBP-Specialist-piper_amalago:
   📊 Acurácia: 88.8889%
   📊 F1: 94.1022%
   📊 Recall: 99.7222%
   📊 Precision: 89.0819%
----------------------------------------
~~~~~~~~~~~~~~~~~~~~~~~~~

~~ Fold 4 ~~
Melhores parâmetros: {'knn__metric': 'manhattan', 'knn__n_neighbors': 9}
----------------------------------------
Métricas Fold 4 - KNN-LBP-Specialist-piper_amalago:
   📊 Acurácia: 88.5185%
   📊 F1: 93.9096%
   📊 Recall: 99.5833%
   📊 Precision: 88.8476%
----------------------------------------
~~~~~~~~~~~~~~~~~~~~~~~~~

~~ Fold 5 ~~
Melhores parâmetros: {'knn__metric': 'manhattan', 'knn__n_neighbors': 9}
----------------------------------------
Métricas Fold 5 - KNN-LBP-Specialist-piper_amalago:
   📊 Acurácia: 89.1358%
   📊 F1: 94.2333%
   📊 Recall: 99.8611%
   📊 Precision: 89.2060%
----------------------------------------
~~~~~~~~~~~~~~~~~~~~~~~~~
==================================================

🎯 Treinando especialista 5/9: piper_gaudichaudianum
=== Iniciando treinamento assistido: KNN-LBP-Specialist-piper_gaudichaudianum ===
Validação cruzada: 5 folds
==================================================

~~ Fold 1 ~~
Melhores parâmetros: {'knn__metric': 'euclidean', 'knn__n_neighbors': 9}
----------------------------------------
Métricas Fold 1 - KNN-LBP-Specialist-piper_gaudichaudianum:
   📊 Acurácia: 86.0494%
   📊 F1: 92.4415%
   📊 Recall: 95.9722%
   📊 Precision: 89.1613%
----------------------------------------
~~~~~~~~~~~~~~~~~~~~~~~~~

~~ Fold 2 ~~
Melhores parâmetros: {'knn__metric': 'euclidean', 'knn__n_neighbors': 9}
----------------------------------------
Métricas Fold 2 - KNN-LBP-Specialist-piper_gaudichaudianum:
   📊 Acurácia: 86.0494%
   📊 F1: 92.4415%
   📊 Recall: 95.9722%
   📊 Precision: 89.1613%
----------------------------------------
~~~~~~~~~~~~~~~~~~~~~~~~~

~~ Fold 3 ~~
Melhores parâmetros: {'knn__metric': 'euclidean', 'knn__n_neighbors': 9}
----------------------------------------
Métricas Fold 3 - KNN-LBP-Specialist-piper_gaudichaudianum:
   📊 Acurácia: 87.1605%
   📊 F1: 93.0667%
   📊 Recall: 96.9444%
   📊 Precision: 89.4872%
----------------------------------------
~~~~~~~~~~~~~~~~~~~~~~~~~

~~ Fold 4 ~~
Melhores parâmetros: {'knn__metric': 'manhattan', 'knn__n_neighbors': 9}
----------------------------------------
Métricas Fold 4 - KNN-LBP-Specialist-piper_gaudichaudianum:
   📊 Acurácia: 84.9383%
   📊 F1: 91.8449%
   📊 Recall: 95.4167%
   📊 Precision: 88.5309%
----------------------------------------
~~~~~~~~~~~~~~~~~~~~~~~~~

~~ Fold 5 ~~
Melhores parâmetros: {'knn__metric': 'euclidean', 'knn__n_neighbors': 9}
----------------------------------------
Métricas Fold 5 - KNN-LBP-Specialist-piper_gaudichaudianum:
   📊 Acurácia: 86.5432%
   📊 F1: 92.7767%
   📊 Recall: 97.2222%
   📊 Precision: 88.7199%
----------------------------------------
~~~~~~~~~~~~~~~~~~~~~~~~~
==================================================

🎯 Treinando especialista 6/9: piper_glabratum
=== Iniciando treinamento assistido: KNN-LBP-Specialist-piper_glabratum ===
Validação cruzada: 5 folds
==================================================

~~ Fold 1 ~~
Melhores parâmetros: {'knn__metric': 'euclidean', 'knn__n_neighbors': 9}
----------------------------------------
Métricas Fold 1 - KNN-LBP-Specialist-piper_glabratum:
   📊 Acurácia: 88.6420%
   📊 F1: 93.9712%
   📊 Recall: 99.5833%
   📊 Precision: 88.9578%
----------------------------------------
~~~~~~~~~~~~~~~~~~~~~~~~~

~~ Fold 2 ~~
Melhores parâmetros: {'knn__metric': 'euclidean', 'knn__n_neighbors': 9}
----------------------------------------
Métricas Fold 2 - KNN-LBP-Specialist-piper_glabratum:
   📊 Acurácia: 88.3951%
   📊 F1: 93.8401%
   📊 Recall: 99.4444%
   📊 Precision: 88.8337%
----------------------------------------
~~~~~~~~~~~~~~~~~~~~~~~~~

~~ Fold 3 ~~
Melhores parâmetros: {'knn__metric': 'euclidean', 'knn__n_neighbors': 9}
----------------------------------------
Métricas Fold 3 - KNN-LBP-Specialist-piper_glabratum:
   📊 Acurácia: 88.7654%
   📊 F1: 94.0406%
   📊 Recall: 99.7222%
   📊 Precision: 88.9715%
----------------------------------------
~~~~~~~~~~~~~~~~~~~~~~~~~

~~ Fold 4 ~~
Melhores parâmetros: {'knn__metric': 'euclidean', 'knn__n_neighbors': 9}
----------------------------------------
Métricas Fold 4 - KNN-LBP-Specialist-piper_glabratum:
   📊 Acurácia: 88.3951%
   📊 F1: 93.8401%
   📊 Recall: 99.4444%
   📊 Precision: 88.8337%
----------------------------------------
~~~~~~~~~~~~~~~~~~~~~~~~~

~~ Fold 5 ~~
Melhores parâmetros: {'knn__metric': 'euclidean', 'knn__n_neighbors': 9}
----------------------------------------
Métricas Fold 5 - KNN-LBP-Specialist-piper_glabratum:
   📊 Acurácia: 88.5185%
   📊 F1: 93.9096%
   📊 Recall: 99.5833%
   📊 Precision: 88.8476%
----------------------------------------
~~~~~~~~~~~~~~~~~~~~~~~~~
==================================================

🎯 Treinando especialista 7/9: piper_hispidum
=== Iniciando treinamento assistido: KNN-LBP-Specialist-piper_hispidum ===
Validação cruzada: 5 folds
==================================================

~~ Fold 1 ~~
Melhores parâmetros: {'knn__metric': 'euclidean', 'knn__n_neighbors': 9}
----------------------------------------
Métricas Fold 1 - KNN-LBP-Specialist-piper_hispidum:
   📊 Acurácia: 89.1358%
   📊 F1: 94.2333%
   📊 Recall: 99.8611%
   📊 Precision: 89.2060%
----------------------------------------
~~~~~~~~~~~~~~~~~~~~~~~~~

~~ Fold 2 ~~
Melhores parâmetros: {'knn__metric': 'euclidean', 'knn__n_neighbors': 9}
----------------------------------------
Métricas Fold 2 - KNN-LBP-Specialist-piper_hispidum:
   📊 Acurácia: 86.6667%
   📊 F1: 92.8477%
   📊 Recall: 97.3611%
   📊 Precision: 88.7342%
----------------------------------------
~~~~~~~~~~~~~~~~~~~~~~~~~

~~ Fold 3 ~~
Melhores parâmetros: {'knn__metric': 'manhattan', 'knn__n_neighbors': 9}
----------------------------------------
Métricas Fold 3 - KNN-LBP-Specialist-piper_hispidum:
   📊 Acurácia: 86.7901%
   📊 F1: 92.9092%
   📊 Recall: 97.3611%
   📊 Precision: 88.8466%
----------------------------------------
~~~~~~~~~~~~~~~~~~~~~~~~~

~~ Fold 4 ~~
Melhores parâmetros: {'knn__metric': 'manhattan', 'knn__n_neighbors': 9}
----------------------------------------
Métricas Fold 4 - KNN-LBP-Specialist-piper_hispidum:
   📊 Acurácia: 86.0494%
   📊 F1: 92.4917%
   📊 Recall: 96.6667%
   📊 Precision: 88.6624%
----------------------------------------
~~~~~~~~~~~~~~~~~~~~~~~~~

~~ Fold 5 ~~
Melhores parâmetros: {'knn__metric': 'manhattan', 'knn__n_neighbors': 9}
----------------------------------------
Métricas Fold 5 - KNN-LBP-Specialist-piper_hispidum:
   📊 Acurácia: 86.7901%
   📊 F1: 92.9092%
   📊 Recall: 97.3611%
   📊 Precision: 88.8466%
----------------------------------------
~~~~~~~~~~~~~~~~~~~~~~~~~
==================================================

🎯 Treinando especialista 8/9: piper_miquelianum
=== Iniciando treinamento assistido: KNN-LBP-Specialist-piper_miquelianum ===
Validação cruzada: 5 folds
==================================================

~~ Fold 1 ~~
Melhores parâmetros: {'knn__metric': 'manhattan', 'knn__n_neighbors': 9}
----------------------------------------
Métricas Fold 1 - KNN-LBP-Specialist-piper_miquelianum:
   📊 Acurácia: 86.5432%
   📊 F1: 92.7671%
   📊 Recall: 97.0833%
   📊 Precision: 88.8183%
----------------------------------------
~~~~~~~~~~~~~~~~~~~~~~~~~

~~ Fold 2 ~~
Melhores parâmetros: {'knn__metric': 'manhattan', 'knn__n_neighbors': 9}
----------------------------------------
Métricas Fold 2 - KNN-LBP-Specialist-piper_miquelianum:
   📊 Acurácia: 88.0247%
   📊 F1: 93.5974%
   📊 Recall: 98.4722%
   📊 Precision: 89.1824%
----------------------------------------
~~~~~~~~~~~~~~~~~~~~~~~~~

~~ Fold 3 ~~
Melhores parâmetros: {'knn__metric': 'euclidean', 'knn__n_neighbors': 9}
----------------------------------------
Métricas Fold 3 - KNN-LBP-Specialist-piper_miquelianum:
   📊 Acurácia: 88.7654%
   📊 F1: 94.0250%
   📊 Recall: 99.4444%
   📊 Precision: 89.1656%
----------------------------------------
~~~~~~~~~~~~~~~~~~~~~~~~~

~~ Fold 4 ~~
Melhores parâmetros: {'knn__metric': 'euclidean', 'knn__n_neighbors': 9}
----------------------------------------
Métricas Fold 4 - KNN-LBP-Specialist-piper_miquelianum:
   📊 Acurácia: 87.9012%
   📊 F1: 93.5356%
   📊 Recall: 98.4722%
   📊 Precision: 89.0704%
----------------------------------------
~~~~~~~~~~~~~~~~~~~~~~~~~

~~ Fold 5 ~~
Melhores parâmetros: {'knn__metric': 'manhattan', 'knn__n_neighbors': 9}
----------------------------------------
Métricas Fold 5 - KNN-LBP-Specialist-piper_miquelianum:
   📊 Acurácia: 86.1728%
   📊 F1: 92.5333%
   📊 Recall: 96.3889%
   📊 Precision: 88.9744%
----------------------------------------
~~~~~~~~~~~~~~~~~~~~~~~~~
==================================================

🎯 Treinando especialista 9/9: piper_xylosteoides
=== Iniciando treinamento assistido: KNN-LBP-Specialist-piper_xylosteoides ===
Validação cruzada: 5 folds
==================================================

~~ Fold 1 ~~
Melhores parâmetros: {'knn__metric': 'euclidean', 'knn__n_neighbors': 9}
----------------------------------------
Métricas Fold 1 - KNN-LBP-Specialist-piper_xylosteoides:
   📊 Acurácia: 85.4321%
   📊 F1: 92.1333%
   📊 Recall: 95.9722%
   📊 Precision: 88.5897%
----------------------------------------
~~~~~~~~~~~~~~~~~~~~~~~~~

~~ Fold 2 ~~
Melhores parâmetros: {'knn__metric': 'manhattan', 'knn__n_neighbors': 9}
----------------------------------------
Métricas Fold 2 - KNN-LBP-Specialist-piper_xylosteoides:
   📊 Acurácia: 87.4074%
   📊 F1: 93.2091%
   📊 Recall: 97.2222%
   📊 Precision: 89.5141%
----------------------------------------
~~~~~~~~~~~~~~~~~~~~~~~~~

~~ Fold 3 ~~
Melhores parâmetros: {'knn__metric': 'euclidean', 'knn__n_neighbors': 9}
----------------------------------------
Métricas Fold 3 - KNN-LBP-Specialist-piper_xylosteoides:
   📊 Acurácia: 87.6543%
   📊 F1: 93.3333%
   📊 Recall: 97.2222%
   📊 Precision: 89.7436%
----------------------------------------
~~~~~~~~~~~~~~~~~~~~~~~~~

~~ Fold 4 ~~
Melhores parâmetros: {'knn__metric': 'euclidean', 'knn__n_neighbors': 9}
----------------------------------------
Métricas Fold 4 - KNN-LBP-Specialist-piper_xylosteoides:
   📊 Acurácia: 86.1728%
   📊 F1: 92.5234%
   📊 Recall: 96.2500%
   📊 Precision: 89.0746%
----------------------------------------
~~~~~~~~~~~~~~~~~~~~~~~~~

~~ Fold 5 ~~
Melhores parâmetros: {'knn__metric': 'euclidean', 'knn__n_neighbors': 9}
----------------------------------------
Métricas Fold 5 - KNN-LBP-Specialist-piper_xylosteoides:
   📊 Acurácia: 87.2840%
   📊 F1: 93.1652%
   📊 Recall: 97.5000%
   📊 Precision: 89.1995%
----------------------------------------
~~~~~~~~~~~~~~~~~~~~~~~~~
==================================================

🎉 Treinamento de especialistas KNN-LBP concluído!
   ✅ 9 especialistas treinados com sucesso
   📦 Array retornado: raw_probabilities[i] = probabilidades do especialista da classe i
============================================================
⏱️ Tempo de execução (KNN-LBP): 55.53 s
########################################
Métricas Finais Relevância KNN LBP:
   📊 Acurácia: 34.6667%
   📊 F1: 33.5178%
   📊 Recall: 34.6667%
   📊 Precision: 34.1503%
----------------------------------------
Métricas de Treinamento dos Especialistas:
   Especialista classe 0:
      1️⃣ Acurácia Média: 84.1481% +- 0.6744%
        | Folds: 84.5679%, 83.2099%, 83.4568%, 84.6914%, 84.8148%
      2️⃣ F1 Média: 91.2003% +- 0.4277%
        | Folds: 91.5024%, 90.5556%, 90.8345%, 91.4483%, 91.6610%
      3️⃣ Recall Médio: 92.4444% +- 1.1739%
        | Folds: 93.4722%, 90.5556%, 92.2222%, 92.0833%, 93.8889%
      4️⃣ Precision Média: 90.0031% +- 0.5675%
        | Folds: 89.6138%, 90.5556%, 89.4879%, 90.8219%, 89.5364%
   Especialista classe 1:
      1️⃣ Acurácia Média: 85.8519% +- 0.7831%
        | Folds: 85.8025%, 85.1852%, 86.7901%, 84.8148%, 86.6667%
      2️⃣ F1 Média: 92.0895% +- 0.4632%
        | Folds: 91.9972%, 91.6782%, 92.6561%, 91.5231%, 92.5926%
      3️⃣ Recall Médio: 92.6667% +- 0.8975%
        | Folds: 91.8056%, 91.8056%, 93.7500%, 92.2222%, 93.7500%
      4️⃣ Precision Média: 91.5253% +- 0.4306%
        | Folds: 92.1897%, 91.5512%, 91.5875%, 90.8345%, 91.4634%
   Especialista classe 2:
      1️⃣ Acurácia Média: 84.0494% +- 0.8674%
        | Folds: 83.9506%, 83.7037%, 85.3086%, 82.7160%, 84.5679%
      2️⃣ F1 Média: 91.1892% +- 0.5202%
        | Folds: 91.0837%, 91.0082%, 91.9540%, 90.3978%, 91.5024%
      3️⃣ Recall Médio: 92.8889% +- 1.0069%
        | Folds: 92.2222%, 92.7778%, 94.4444%, 91.5278%, 93.4722%
      4️⃣ Precision Média: 89.5557% +- 0.2488%
        | Folds: 89.9729%, 89.3048%, 89.5916%, 89.2954%, 89.6138%
   Especialista classe 3:
      1️⃣ Acurácia Média: 88.4691% +- 0.7432%
        | Folds: 87.0370%, 88.7654%, 88.8889%, 88.5185%, 89.1358%
      2️⃣ F1 Média: 93.8676% +- 0.4171%
        | Folds: 93.0601%, 94.0328%, 94.1022%, 93.9096%, 94.2333%
      3️⃣ Recall Médio: 99.3056% +- 0.7708%
        | Folds: 97.7778%, 99.5833%, 99.7222%, 99.5833%, 99.8611%
      4️⃣ Precision Média: 88.9961% +- 0.1592%
        | Folds: 88.7768%, 89.0683%, 89.0819%, 88.8476%, 89.2060%
   Especialista classe 4:
      1️⃣ Acurácia Média: 86.1481% +- 0.7300%
        | Folds: 86.0494%, 86.0494%, 87.1605%, 84.9383%, 86.5432%
      2️⃣ F1 Média: 92.5142% +- 0.4081%
        | Folds: 92.4415%, 92.4415%, 93.0667%, 91.8449%, 92.7767%
      3️⃣ Recall Médio: 96.3056% +- 0.6724%
        | Folds: 95.9722%, 95.9722%, 96.9444%, 95.4167%, 97.2222%
      4️⃣ Precision Média: 89.0121% +- 0.3427%
        | Folds: 89.1613%, 89.1613%, 89.4872%, 88.5309%, 88.7199%
   Especialista classe 5:
      1️⃣ Acurácia Média: 88.5432% +- 0.1440%
        | Folds: 88.6420%, 88.3951%, 88.7654%, 88.3951%, 88.5185%
      2️⃣ F1 Média: 93.9203% +- 0.0775%
        | Folds: 93.9712%, 93.8401%, 94.0406%, 93.8401%, 93.9096%
      3️⃣ Recall Médio: 99.5556% +- 0.1039%
        | Folds: 99.5833%, 99.4444%, 99.7222%, 99.4444%, 99.5833%
      4️⃣ Precision Média: 88.8889% +- 0.0622%
        | Folds: 88.9578%, 88.8337%, 88.9715%, 88.8337%, 88.8476%
   Especialista classe 6:
      1️⃣ Acurácia Média: 87.0864% +- 1.0609%
        | Folds: 89.1358%, 86.6667%, 86.7901%, 86.0494%, 86.7901%
      2️⃣ F1 Média: 93.0782% +- 0.5981%
        | Folds: 94.2333%, 92.8477%, 92.9092%, 92.4917%, 92.9092%
      3️⃣ Recall Médio: 97.7222% +- 1.1027%
        | Folds: 99.8611%, 97.3611%, 97.3611%, 96.6667%, 97.3611%
      4️⃣ Precision Média: 88.8592% +- 0.1870%
        | Folds: 89.2060%, 88.7342%, 88.8466%, 88.6624%, 88.8466%
   Especialista classe 7:
      1️⃣ Acurácia Média: 87.4815% +- 0.9708%
        | Folds: 86.5432%, 88.0247%, 88.7654%, 87.9012%, 86.1728%
      2️⃣ F1 Média: 93.2917% +- 0.5551%
        | Folds: 92.7671%, 93.5974%, 94.0250%, 93.5356%, 92.5333%
      3️⃣ Recall Médio: 97.9722% +- 1.0922%
        | Folds: 97.0833%, 98.4722%, 99.4444%, 98.4722%, 96.3889%
      4️⃣ Precision Média: 89.0422% +- 0.1345%
        | Folds: 88.8183%, 89.1824%, 89.1656%, 89.0704%, 88.9744%
   Especialista classe 8:
      1️⃣ Acurácia Média: 86.7901% +- 0.8482%
        | Folds: 85.4321%, 87.4074%, 87.6543%, 86.1728%, 87.2840%
      2️⃣ F1 Média: 92.8729% +- 0.4647%
        | Folds: 92.1333%, 93.2091%, 93.3333%, 92.5234%, 93.1652%
      3️⃣ Recall Médio: 96.8333% +- 0.6048%
        | Folds: 95.9722%, 97.2222%, 97.2222%, 96.2500%, 97.5000%
      4️⃣ Precision Média: 89.2243% +- 0.3948%
        | Folds: 88.5897%, 89.5141%, 89.7436%, 89.0746%, 89.1995%
########################################
📊 Exportando resultados para CSV: KNN_LBP
   📁 Arquivo com os resultados: results/csv_exports/knn_lbp_results.csv
   📁 Arquivo com as métricas: results/csv_exports/knn_lbp_metrics.csv
   🎯 Imagens: 450 amostras
--------------------------------------------------
   ✅ 450 linhas escritas com sucesso
   💾 Arquivo salvo: results/csv_exports/knn_lbp_results.csv
   ✅ 55 linhas de métricas escritas com sucesso
   💾 Arquivo salvo: results/csv_exports/knn_lbp_metrics.csv
==================================================

📊 Calculando relevância GLCM...
🚀 Iniciando treinamento de especialistas KNN-GLCM
   📋 9 especialistas para treinar
   🔄 Validação cruzada: 5 folds
------------------------------------------------------------

🎯 Treinando especialista 1/9: peperomia_glabella
=== Iniciando treinamento assistido: KNN-GLCM-Specialist-peperomia_glabella ===
Validação cruzada: 5 folds
==================================================

~~ Fold 1 ~~
Melhores parâmetros: {'knn__metric': 'manhattan', 'knn__n_neighbors': 7}
----------------------------------------
Métricas Fold 1 - KNN-GLCM-Specialist-peperomia_glabella:
   📊 Acurácia: 85.1852%
   📊 F1: 91.6201%
   📊 Recall: 91.1111%
   📊 Precision: 92.1348%
----------------------------------------
~~~~~~~~~~~~~~~~~~~~~~~~~

~~ Fold 2 ~~
Melhores parâmetros: {'knn__metric': 'euclidean', 'knn__n_neighbors': 9}
----------------------------------------
Métricas Fold 2 - KNN-GLCM-Specialist-peperomia_glabella:
   📊 Acurácia: 86.4198%
   📊 F1: 92.2207%
   📊 Recall: 90.5556%
   📊 Precision: 93.9481%
----------------------------------------
~~~~~~~~~~~~~~~~~~~~~~~~~

~~ Fold 3 ~~
Melhores parâmetros: {'knn__metric': 'manhattan', 'knn__n_neighbors': 7}
----------------------------------------
Métricas Fold 3 - KNN-GLCM-Specialist-peperomia_glabella:
   📊 Acurácia: 85.0617%
   📊 F1: 91.6494%
   📊 Recall: 92.2222%
   📊 Precision: 91.0837%
----------------------------------------
~~~~~~~~~~~~~~~~~~~~~~~~~

~~ Fold 4 ~~
Melhores parâmetros: {'knn__metric': 'manhattan', 'knn__n_neighbors': 9}
----------------------------------------
Métricas Fold 4 - KNN-GLCM-Specialist-peperomia_glabella:
   📊 Acurácia: 85.3086%
   📊 F1: 91.6957%
   📊 Recall: 91.2500%
   📊 Precision: 92.1459%
----------------------------------------
~~~~~~~~~~~~~~~~~~~~~~~~~

~~ Fold 5 ~~
Melhores parâmetros: {'knn__metric': 'euclidean', 'knn__n_neighbors': 7}
----------------------------------------
Métricas Fold 5 - KNN-GLCM-Specialist-peperomia_glabella:
   📊 Acurácia: 86.9136%
   📊 F1: 92.7198%
   📊 Recall: 93.7500%
   📊 Precision: 91.7120%
----------------------------------------
~~~~~~~~~~~~~~~~~~~~~~~~~
==================================================

🎯 Treinando especialista 2/9: peperomia_tetraphylla
=== Iniciando treinamento assistido: KNN-GLCM-Specialist-peperomia_tetraphylla ===
Validação cruzada: 5 folds
==================================================

~~ Fold 1 ~~
Melhores parâmetros: {'knn__metric': 'euclidean', 'knn__n_neighbors': 9}
----------------------------------------
Métricas Fold 1 - KNN-GLCM-Specialist-peperomia_tetraphylla:
   📊 Acurácia: 87.9012%
   📊 F1: 93.2133%
   📊 Recall: 93.4722%
   📊 Precision: 92.9558%
----------------------------------------
~~~~~~~~~~~~~~~~~~~~~~~~~

~~ Fold 2 ~~
Melhores parâmetros: {'knn__metric': 'euclidean', 'knn__n_neighbors': 7}
----------------------------------------
Métricas Fold 2 - KNN-GLCM-Specialist-peperomia_tetraphylla:
   📊 Acurácia: 87.2840%
   📊 F1: 92.7922%
   📊 Recall: 92.0833%
   📊 Precision: 93.5120%
----------------------------------------
~~~~~~~~~~~~~~~~~~~~~~~~~

~~ Fold 3 ~~
Melhores parâmetros: {'knn__metric': 'euclidean', 'knn__n_neighbors': 9}
----------------------------------------
Métricas Fold 3 - KNN-GLCM-Specialist-peperomia_tetraphylla:
   📊 Acurácia: 88.7654%
   📊 F1: 93.7457%
   📊 Recall: 94.7222%
   📊 Precision: 92.7891%
----------------------------------------
~~~~~~~~~~~~~~~~~~~~~~~~~

~~ Fold 4 ~~
Melhores parâmetros: {'knn__metric': 'euclidean', 'knn__n_neighbors': 9}
----------------------------------------
Métricas Fold 4 - KNN-GLCM-Specialist-peperomia_tetraphylla:
   📊 Acurácia: 87.2840%
   📊 F1: 92.8818%
   📊 Recall: 93.3333%
   📊 Precision: 92.4347%
----------------------------------------
~~~~~~~~~~~~~~~~~~~~~~~~~

~~ Fold 5 ~~
Melhores parâmetros: {'knn__metric': 'euclidean', 'knn__n_neighbors': 9}
----------------------------------------
Métricas Fold 5 - KNN-GLCM-Specialist-peperomia_tetraphylla:
   📊 Acurácia: 88.6420%
   📊 F1: 93.7073%
   📊 Recall: 95.1389%
   📊 Precision: 92.3181%
----------------------------------------
~~~~~~~~~~~~~~~~~~~~~~~~~
==================================================

🎯 Treinando especialista 3/9: peperomia_urocarpa
=== Iniciando treinamento assistido: KNN-GLCM-Specialist-peperomia_urocarpa ===
Validação cruzada: 5 folds
==================================================

~~ Fold 1 ~~
Melhores parâmetros: {'knn__metric': 'euclidean', 'knn__n_neighbors': 9}
----------------------------------------
Métricas Fold 1 - KNN-GLCM-Specialist-peperomia_urocarpa:
   📊 Acurácia: 83.5802%
   📊 F1: 90.7958%
   📊 Recall: 91.1111%
   📊 Precision: 90.4828%
----------------------------------------
~~~~~~~~~~~~~~~~~~~~~~~~~

~~ Fold 2 ~~
Melhores parâmetros: {'knn__metric': 'euclidean', 'knn__n_neighbors': 9}
----------------------------------------
Métricas Fold 2 - KNN-GLCM-Specialist-peperomia_urocarpa:
   📊 Acurácia: 82.8395%
   📊 F1: 90.2729%
   📊 Recall: 89.5833%
   📊 Precision: 90.9732%
----------------------------------------
~~~~~~~~~~~~~~~~~~~~~~~~~

~~ Fold 3 ~~
Melhores parâmetros: {'knn__metric': 'manhattan', 'knn__n_neighbors': 7}
----------------------------------------
Métricas Fold 3 - KNN-GLCM-Specialist-peperomia_urocarpa:
   📊 Acurácia: 82.9630%
   📊 F1: 90.4696%
   📊 Recall: 90.9722%
   📊 Precision: 89.9725%
----------------------------------------
~~~~~~~~~~~~~~~~~~~~~~~~~

~~ Fold 4 ~~
Melhores parâmetros: {'knn__metric': 'euclidean', 'knn__n_neighbors': 9}
----------------------------------------
Métricas Fold 4 - KNN-GLCM-Specialist-peperomia_urocarpa:
   📊 Acurácia: 84.6914%
   📊 F1: 91.4008%
   📊 Recall: 91.5278%
   📊 Precision: 91.2742%
----------------------------------------
~~~~~~~~~~~~~~~~~~~~~~~~~

~~ Fold 5 ~~
Melhores parâmetros: {'knn__metric': 'euclidean', 'knn__n_neighbors': 9}
----------------------------------------
Métricas Fold 5 - KNN-GLCM-Specialist-peperomia_urocarpa:
   📊 Acurácia: 85.9259%
   📊 F1: 92.0613%
   📊 Recall: 91.8056%
   📊 Precision: 92.3184%
----------------------------------------
~~~~~~~~~~~~~~~~~~~~~~~~~
==================================================

🎯 Treinando especialista 4/9: piper_amalago
=== Iniciando treinamento assistido: KNN-GLCM-Specialist-piper_amalago ===
Validação cruzada: 5 folds
==================================================

~~ Fold 1 ~~
Melhores parâmetros: {'knn__metric': 'manhattan', 'knn__n_neighbors': 9}
----------------------------------------
Métricas Fold 1 - KNN-GLCM-Specialist-piper_amalago:
   📊 Acurácia: 82.2222%
   📊 F1: 90.1774%
   📊 Recall: 91.8056%
   📊 Precision: 88.6059%
----------------------------------------
~~~~~~~~~~~~~~~~~~~~~~~~~

~~ Fold 2 ~~
Melhores parâmetros: {'knn__metric': 'manhattan', 'knn__n_neighbors': 9}
----------------------------------------
Métricas Fold 2 - KNN-GLCM-Specialist-piper_amalago:
   📊 Acurácia: 83.2099%
   📊 F1: 90.6977%
   📊 Recall: 92.0833%
   📊 Precision: 89.3531%
----------------------------------------
~~~~~~~~~~~~~~~~~~~~~~~~~

~~ Fold 3 ~~
Melhores parâmetros: {'knn__metric': 'euclidean', 'knn__n_neighbors': 7}
----------------------------------------
Métricas Fold 3 - KNN-GLCM-Specialist-piper_amalago:
   📊 Acurácia: 83.5802%
   📊 F1: 90.9585%
   📊 Recall: 92.9167%
   📊 Precision: 89.0812%
----------------------------------------
~~~~~~~~~~~~~~~~~~~~~~~~~

~~ Fold 4 ~~
Melhores parâmetros: {'knn__metric': 'manhattan', 'knn__n_neighbors': 7}
----------------------------------------
Métricas Fold 4 - KNN-GLCM-Specialist-piper_amalago:
   📊 Acurácia: 83.3333%
   📊 F1: 90.8101%
   📊 Recall: 92.6389%
   📊 Precision: 89.0521%
----------------------------------------
~~~~~~~~~~~~~~~~~~~~~~~~~

~~ Fold 5 ~~
Melhores parâmetros: {'knn__metric': 'manhattan', 'knn__n_neighbors': 9}
----------------------------------------
Métricas Fold 5 - KNN-GLCM-Specialist-piper_amalago:
   📊 Acurácia: 82.4691%
   📊 F1: 90.3270%
   📊 Recall: 92.0833%
   📊 Precision: 88.6364%
----------------------------------------
~~~~~~~~~~~~~~~~~~~~~~~~~
==================================================

🎯 Treinando especialista 5/9: piper_gaudichaudianum
=== Iniciando treinamento assistido: KNN-GLCM-Specialist-piper_gaudichaudianum ===
Validação cruzada: 5 folds
==================================================

~~ Fold 1 ~~
Melhores parâmetros: {'knn__metric': 'manhattan', 'knn__n_neighbors': 9}
----------------------------------------
Métricas Fold 1 - KNN-GLCM-Specialist-piper_gaudichaudianum:
   📊 Acurácia: 83.2099%
   📊 F1: 90.7734%
   📊 Recall: 92.9167%
   📊 Precision: 88.7268%
----------------------------------------
~~~~~~~~~~~~~~~~~~~~~~~~~

~~ Fold 2 ~~
Melhores parâmetros: {'knn__metric': 'euclidean', 'knn__n_neighbors': 9}
----------------------------------------
Métricas Fold 2 - KNN-GLCM-Specialist-piper_gaudichaudianum:
   📊 Acurácia: 83.0864%
   📊 F1: 90.7119%
   📊 Recall: 92.9167%
   📊 Precision: 88.6093%
----------------------------------------
~~~~~~~~~~~~~~~~~~~~~~~~~

~~ Fold 3 ~~
Melhores parâmetros: {'knn__metric': 'euclidean', 'knn__n_neighbors': 9}
----------------------------------------
Métricas Fold 3 - KNN-GLCM-Specialist-piper_gaudichaudianum:
   📊 Acurácia: 85.0617%
   📊 F1: 91.8409%
   📊 Recall: 94.5833%
   📊 Precision: 89.2529%
----------------------------------------
~~~~~~~~~~~~~~~~~~~~~~~~~

~~ Fold 4 ~~
Melhores parâmetros: {'knn__metric': 'euclidean', 'knn__n_neighbors': 9}
----------------------------------------
Métricas Fold 4 - KNN-GLCM-Specialist-piper_gaudichaudianum:
   📊 Acurácia: 83.3333%
   📊 F1: 90.8722%
   📊 Recall: 93.3333%
   📊 Precision: 88.5375%
----------------------------------------
~~~~~~~~~~~~~~~~~~~~~~~~~

~~ Fold 5 ~~
Melhores parâmetros: {'knn__metric': 'manhattan', 'knn__n_neighbors': 9}
----------------------------------------
Métricas Fold 5 - KNN-GLCM-Specialist-piper_gaudichaudianum:
   📊 Acurácia: 83.0864%
   📊 F1: 90.6739%
   📊 Recall: 92.5000%
   📊 Precision: 88.9186%
----------------------------------------
~~~~~~~~~~~~~~~~~~~~~~~~~
==================================================

🎯 Treinando especialista 6/9: piper_glabratum
=== Iniciando treinamento assistido: KNN-GLCM-Specialist-piper_glabratum ===
Validação cruzada: 5 folds
==================================================

~~ Fold 1 ~~
Melhores parâmetros: {'knn__metric': 'manhattan', 'knn__n_neighbors': 9}
----------------------------------------
Métricas Fold 1 - KNN-GLCM-Specialist-piper_glabratum:
   📊 Acurácia: 81.6049%
   📊 F1: 89.8432%
   📊 Recall: 91.5278%
   📊 Precision: 88.2195%
----------------------------------------
~~~~~~~~~~~~~~~~~~~~~~~~~

~~ Fold 2 ~~
Melhores parâmetros: {'knn__metric': 'manhattan', 'knn__n_neighbors': 9}
----------------------------------------
Métricas Fold 2 - KNN-GLCM-Specialist-piper_glabratum:
   📊 Acurácia: 80.8642%
   📊 F1: 89.3908%
   📊 Recall: 90.6944%
   📊 Precision: 88.1242%
----------------------------------------
~~~~~~~~~~~~~~~~~~~~~~~~~

~~ Fold 3 ~~
Melhores parâmetros: {'knn__metric': 'euclidean', 'knn__n_neighbors': 9}
----------------------------------------
Métricas Fold 3 - KNN-GLCM-Specialist-piper_glabratum:
   📊 Acurácia: 83.9506%
   📊 F1: 91.2399%
   📊 Recall: 94.0278%
   📊 Precision: 88.6126%
----------------------------------------
~~~~~~~~~~~~~~~~~~~~~~~~~

~~ Fold 4 ~~
Melhores parâmetros: {'knn__metric': 'manhattan', 'knn__n_neighbors': 9}
----------------------------------------
Métricas Fold 4 - KNN-GLCM-Specialist-piper_glabratum:
   📊 Acurácia: 82.3457%
   📊 F1: 90.2655%
   📊 Recall: 92.0833%
   📊 Precision: 88.5180%
----------------------------------------
~~~~~~~~~~~~~~~~~~~~~~~~~

~~ Fold 5 ~~
Melhores parâmetros: {'knn__metric': 'manhattan', 'knn__n_neighbors': 9}
----------------------------------------
Métricas Fold 5 - KNN-GLCM-Specialist-piper_glabratum:
   📊 Acurácia: 81.7284%
   📊 F1: 89.9183%
   📊 Recall: 91.6667%
   📊 Precision: 88.2353%
----------------------------------------
~~~~~~~~~~~~~~~~~~~~~~~~~
==================================================

🎯 Treinando especialista 7/9: piper_hispidum
=== Iniciando treinamento assistido: KNN-GLCM-Specialist-piper_hispidum ===
Validação cruzada: 5 folds
==================================================

~~ Fold 1 ~~
Melhores parâmetros: {'knn__metric': 'euclidean', 'knn__n_neighbors': 9}
----------------------------------------
Métricas Fold 1 - KNN-GLCM-Specialist-piper_hispidum:
   📊 Acurácia: 82.3457%
   📊 F1: 90.1853%
   📊 Recall: 91.2500%
   📊 Precision: 89.1452%
----------------------------------------
~~~~~~~~~~~~~~~~~~~~~~~~~

~~ Fold 2 ~~
Melhores parâmetros: {'knn__metric': 'euclidean', 'knn__n_neighbors': 9}
----------------------------------------
Métricas Fold 2 - KNN-GLCM-Specialist-piper_hispidum:
   📊 Acurácia: 82.5926%
   📊 F1: 90.4277%
   📊 Recall: 92.5000%
   📊 Precision: 88.4462%
----------------------------------------
~~~~~~~~~~~~~~~~~~~~~~~~~

~~ Fold 3 ~~
Melhores parâmetros: {'knn__metric': 'euclidean', 'knn__n_neighbors': 9}
----------------------------------------
Métricas Fold 3 - KNN-GLCM-Specialist-piper_hispidum:
   📊 Acurácia: 83.4568%
   📊 F1: 90.9091%
   📊 Recall: 93.0556%
   📊 Precision: 88.8594%
----------------------------------------
~~~~~~~~~~~~~~~~~~~~~~~~~

~~ Fold 4 ~~
Melhores parâmetros: {'knn__metric': 'euclidean', 'knn__n_neighbors': 9}
----------------------------------------
Métricas Fold 4 - KNN-GLCM-Specialist-piper_hispidum:
   📊 Acurácia: 82.0988%
   📊 F1: 90.1024%
   📊 Recall: 91.6667%
   📊 Precision: 88.5906%
----------------------------------------
~~~~~~~~~~~~~~~~~~~~~~~~~

~~ Fold 5 ~~
Melhores parâmetros: {'knn__metric': 'euclidean', 'knn__n_neighbors': 9}
----------------------------------------
Métricas Fold 5 - KNN-GLCM-Specialist-piper_hispidum:
   📊 Acurácia: 82.3457%
   📊 F1: 90.2655%
   📊 Recall: 92.0833%
   📊 Precision: 88.5180%
----------------------------------------
~~~~~~~~~~~~~~~~~~~~~~~~~
==================================================

🎯 Treinando especialista 8/9: piper_miquelianum
=== Iniciando treinamento assistido: KNN-GLCM-Specialist-piper_miquelianum ===
Validação cruzada: 5 folds
==================================================

~~ Fold 1 ~~
Melhores parâmetros: {'knn__metric': 'euclidean', 'knn__n_neighbors': 9}
----------------------------------------
Métricas Fold 1 - KNN-GLCM-Specialist-piper_miquelianum:
   📊 Acurácia: 82.5926%
   📊 F1: 90.1605%
   📊 Recall: 89.7222%
   📊 Precision: 90.6031%
----------------------------------------
~~~~~~~~~~~~~~~~~~~~~~~~~

~~ Fold 2 ~~
Melhores parâmetros: {'knn__metric': 'manhattan', 'knn__n_neighbors': 9}
----------------------------------------
Métricas Fold 2 - KNN-GLCM-Specialist-piper_miquelianum:
   📊 Acurácia: 86.0494%
   📊 F1: 92.2015%
   📊 Recall: 92.7778%
   📊 Precision: 91.6324%
----------------------------------------
~~~~~~~~~~~~~~~~~~~~~~~~~

~~ Fold 3 ~~
Melhores parâmetros: {'knn__metric': 'euclidean', 'knn__n_neighbors': 7}
----------------------------------------
Métricas Fold 3 - KNN-GLCM-Specialist-piper_miquelianum:
   📊 Acurácia: 85.6790%
   📊 F1: 92.0439%
   📊 Recall: 93.1944%
   📊 Precision: 90.9214%
----------------------------------------
~~~~~~~~~~~~~~~~~~~~~~~~~

~~ Fold 4 ~~
Melhores parâmetros: {'knn__metric': 'euclidean', 'knn__n_neighbors': 9}
----------------------------------------
Métricas Fold 4 - KNN-GLCM-Specialist-piper_miquelianum:
   📊 Acurácia: 83.8272%
   📊 F1: 90.9842%
   📊 Recall: 91.8056%
   📊 Precision: 90.1774%
----------------------------------------
~~~~~~~~~~~~~~~~~~~~~~~~~

~~ Fold 5 ~~
Melhores parâmetros: {'knn__metric': 'euclidean', 'knn__n_neighbors': 5}
----------------------------------------
Métricas Fold 5 - KNN-GLCM-Specialist-piper_miquelianum:
   📊 Acurácia: 82.3457%
   📊 F1: 89.9367%
   📊 Recall: 88.7500%
   📊 Precision: 91.1555%
----------------------------------------
~~~~~~~~~~~~~~~~~~~~~~~~~
==================================================

🎯 Treinando especialista 9/9: piper_xylosteoides
=== Iniciando treinamento assistido: KNN-GLCM-Specialist-piper_xylosteoides ===
Validação cruzada: 5 folds
==================================================

~~ Fold 1 ~~
Melhores parâmetros: {'knn__metric': 'euclidean', 'knn__n_neighbors': 9}
----------------------------------------
Métricas Fold 1 - KNN-GLCM-Specialist-piper_xylosteoides:
   📊 Acurácia: 83.0864%
   📊 F1: 90.6357%
   📊 Recall: 92.0833%
   📊 Precision: 89.2328%
----------------------------------------
~~~~~~~~~~~~~~~~~~~~~~~~~

~~ Fold 2 ~~
Melhores parâmetros: {'knn__metric': 'manhattan', 'knn__n_neighbors': 9}
----------------------------------------
Métricas Fold 2 - KNN-GLCM-Specialist-piper_xylosteoides:
   📊 Acurácia: 82.9630%
   📊 F1: 90.5609%
   📊 Recall: 91.9444%
   📊 Precision: 89.2183%
----------------------------------------
~~~~~~~~~~~~~~~~~~~~~~~~~

~~ Fold 3 ~~
Melhores parâmetros: {'knn__metric': 'manhattan', 'knn__n_neighbors': 9}
----------------------------------------
Métricas Fold 3 - KNN-GLCM-Specialist-piper_xylosteoides:
   📊 Acurácia: 84.8148%
   📊 F1: 91.6383%
   📊 Recall: 93.6111%
   📊 Precision: 89.7470%
----------------------------------------
~~~~~~~~~~~~~~~~~~~~~~~~~

~~ Fold 4 ~~
Melhores parâmetros: {'knn__metric': 'manhattan', 'knn__n_neighbors': 9}
----------------------------------------
Métricas Fold 4 - KNN-GLCM-Specialist-piper_xylosteoides:
   📊 Acurácia: 83.3333%
   📊 F1: 90.7089%
   📊 Recall: 91.5278%
   📊 Precision: 89.9045%
----------------------------------------
~~~~~~~~~~~~~~~~~~~~~~~~~

~~ Fold 5 ~~
Melhores parâmetros: {'knn__metric': 'euclidean', 'knn__n_neighbors': 9}
----------------------------------------
Métricas Fold 5 - KNN-GLCM-Specialist-piper_xylosteoides:
   📊 Acurácia: 82.4691%
   📊 F1: 90.3138%
   📊 Recall: 91.9444%
   📊 Precision: 88.7399%
----------------------------------------
~~~~~~~~~~~~~~~~~~~~~~~~~
==================================================

🎉 Treinamento de especialistas KNN-GLCM concluído!
   ✅ 9 especialistas treinados com sucesso
   📦 Array retornado: raw_probabilities[i] = probabilidades do especialista da classe i
============================================================
⏱️ Tempo de execução (KNN-GLCM): 1m 6.09s
########################################
Métricas Finais Relevância KNN GLCM:
   📊 Acurácia: 50.2222%
   📊 F1: 47.9167%
   📊 Recall: 50.2222%
   📊 Precision: 48.3317%
----------------------------------------
Métricas de Treinamento dos Especialistas:
   Especialista classe 0:
      1️⃣ Acurácia Média: 85.7778% +- 0.7465%
        | Folds: 85.1852%, 86.4198%, 85.0617%, 85.3086%, 86.9136%
      2️⃣ F1 Média: 91.9811% +- 0.4301%
        | Folds: 91.6201%, 92.2207%, 91.6494%, 91.6957%, 92.7198%
      3️⃣ Recall Médio: 91.7778% +- 1.1229%
        | Folds: 91.1111%, 90.5556%, 92.2222%, 91.2500%, 93.7500%
      4️⃣ Precision Média: 92.2049% +- 0.9537%
        | Folds: 92.1348%, 93.9481%, 91.0837%, 92.1459%, 91.7120%
   Especialista classe 1:
      1️⃣ Acurácia Média: 87.9753% +- 0.6372%
        | Folds: 87.9012%, 87.2840%, 88.7654%, 87.2840%, 88.6420%
      2️⃣ F1 Média: 93.2680% +- 0.3999%
        | Folds: 93.2133%, 92.7922%, 93.7457%, 92.8818%, 93.7073%
      3️⃣ Recall Médio: 93.7500% +- 1.0865%
        | Folds: 93.4722%, 92.0833%, 94.7222%, 93.3333%, 95.1389%
      4️⃣ Precision Média: 92.8019% +- 0.4236%
        | Folds: 92.9558%, 93.5120%, 92.7891%, 92.4347%, 92.3181%
   Especialista classe 2:
      1️⃣ Acurácia Média: 84.0000% +- 1.1650%
        | Folds: 83.5802%, 82.8395%, 82.9630%, 84.6914%, 85.9259%
      2️⃣ F1 Média: 91.0001% +- 0.6540%
        | Folds: 90.7958%, 90.2729%, 90.4696%, 91.4008%, 92.0613%
      3️⃣ Recall Médio: 91.0000% +- 0.7678%
        | Folds: 91.1111%, 89.5833%, 90.9722%, 91.5278%, 91.8056%
      4️⃣ Precision Média: 91.0042% +- 0.7921%
        | Folds: 90.4828%, 90.9732%, 89.9725%, 91.2742%, 92.3184%
   Especialista classe 3:
      1️⃣ Acurácia Média: 82.9630% +- 0.5238%
        | Folds: 82.2222%, 83.2099%, 83.5802%, 83.3333%, 82.4691%
      2️⃣ F1 Média: 90.5941% +- 0.2950%
        | Folds: 90.1774%, 90.6977%, 90.9585%, 90.8101%, 90.3270%
      3️⃣ Recall Médio: 92.3056% +- 0.4082%
        | Folds: 91.8056%, 92.0833%, 92.9167%, 92.6389%, 92.0833%
      4️⃣ Precision Média: 88.9457% +- 0.2852%
        | Folds: 88.6059%, 89.3531%, 89.0812%, 89.0521%, 88.6364%
   Especialista classe 4:
      1️⃣ Acurácia Média: 83.5556% +- 0.7586%
        | Folds: 83.2099%, 83.0864%, 85.0617%, 83.3333%, 83.0864%
      2️⃣ F1 Média: 90.9745% +- 0.4384%
        | Folds: 90.7734%, 90.7119%, 91.8409%, 90.8722%, 90.6739%
      3️⃣ Recall Médio: 93.2500% +- 0.7169%
        | Folds: 92.9167%, 92.9167%, 94.5833%, 93.3333%, 92.5000%
      4️⃣ Precision Média: 88.8090% +- 0.2567%
        | Folds: 88.7268%, 88.6093%, 89.2529%, 88.5375%, 88.9186%
   Especialista classe 5:
      1️⃣ Acurácia Média: 82.0988% +- 1.0388%
        | Folds: 81.6049%, 80.8642%, 83.9506%, 82.3457%, 81.7284%
      2️⃣ F1 Média: 90.1315% +- 0.6203%
        | Folds: 89.8432%, 89.3908%, 91.2399%, 90.2655%, 89.9183%
      3️⃣ Recall Médio: 92.0000% +- 1.1097%
        | Folds: 91.5278%, 90.6944%, 94.0278%, 92.0833%, 91.6667%
      4️⃣ Precision Média: 88.3419% +- 0.1887%
        | Folds: 88.2195%, 88.1242%, 88.6126%, 88.5180%, 88.2353%
   Especialista classe 6:
      1️⃣ Acurácia Média: 82.5679% +- 0.4711%
        | Folds: 82.3457%, 82.5926%, 83.4568%, 82.0988%, 82.3457%
      2️⃣ F1 Média: 90.3780% +- 0.2865%
        | Folds: 90.1853%, 90.4277%, 90.9091%, 90.1024%, 90.2655%
      3️⃣ Recall Médio: 92.1111% +- 0.6298%
        | Folds: 91.2500%, 92.5000%, 93.0556%, 91.6667%, 92.0833%
      4️⃣ Precision Média: 88.7119% +- 0.2578%
        | Folds: 89.1452%, 88.4462%, 88.8594%, 88.5906%, 88.5180%
   Especialista classe 7:
      1️⃣ Acurácia Média: 84.0988% +- 1.5309%
        | Folds: 82.5926%, 86.0494%, 85.6790%, 83.8272%, 82.3457%
      2️⃣ F1 Média: 91.0654% +- 0.9325%
        | Folds: 90.1605%, 92.2015%, 92.0439%, 90.9842%, 89.9367%
      3️⃣ Recall Médio: 91.2500% +- 1.7325%
        | Folds: 89.7222%, 92.7778%, 93.1944%, 91.8056%, 88.7500%
      4️⃣ Precision Média: 90.8979% +- 0.4924%
        | Folds: 90.6031%, 91.6324%, 90.9214%, 90.1774%, 91.1555%
   Especialista classe 8:
      1️⃣ Acurácia Média: 83.3333% +- 0.7924%
        | Folds: 83.0864%, 82.9630%, 84.8148%, 83.3333%, 82.4691%
      2️⃣ F1 Média: 90.7715% +- 0.4534%
        | Folds: 90.6357%, 90.5609%, 91.6383%, 90.7089%, 90.3138%
      3️⃣ Recall Médio: 92.2222% +- 0.7190%
        | Folds: 92.0833%, 91.9444%, 93.6111%, 91.5278%, 91.9444%
      4️⃣ Precision Média: 89.3685% +- 0.4163%
        | Folds: 89.2328%, 89.2183%, 89.7470%, 89.9045%, 88.7399%
########################################
📊 Exportando resultados para CSV: KNN_GLCM
   📁 Arquivo com os resultados: results/csv_exports/knn_glcm_results.csv
   📁 Arquivo com as métricas: results/csv_exports/knn_glcm_metrics.csv
   🎯 Imagens: 450 amostras
--------------------------------------------------
   ✅ 450 linhas escritas com sucesso
   💾 Arquivo salvo: results/csv_exports/knn_glcm_results.csv
   ✅ 55 linhas de métricas escritas com sucesso
   💾 Arquivo salvo: results/csv_exports/knn_glcm_metrics.csv
==================================================

📊 Calculando relevância LPQ...
🚀 Iniciando treinamento de especialistas KNN-LPQ
   📋 9 especialistas para treinar
   🔄 Validação cruzada: 5 folds
------------------------------------------------------------

🎯 Treinando especialista 1/9: peperomia_glabella
=== Iniciando treinamento assistido: KNN-LPQ-Specialist-peperomia_glabella ===
Validação cruzada: 5 folds
==================================================

~~ Fold 1 ~~
Melhores parâmetros: {'knn__metric': 'euclidean', 'knn__n_neighbors': 9}
----------------------------------------
Métricas Fold 1 - KNN-LPQ-Specialist-peperomia_glabella:
   📊 Acurácia: 84.3210%
   📊 F1: 91.1867%
   📊 Recall: 91.2500%
   📊 Precision: 91.1234%
----------------------------------------
~~~~~~~~~~~~~~~~~~~~~~~~~

~~ Fold 2 ~~
Melhores parâmetros: {'knn__metric': 'euclidean', 'knn__n_neighbors': 9}
----------------------------------------
Métricas Fold 2 - KNN-LPQ-Specialist-peperomia_glabella:
   📊 Acurácia: 84.6914%
   📊 F1: 91.4008%
   📊 Recall: 91.5278%
   📊 Precision: 91.2742%
----------------------------------------
~~~~~~~~~~~~~~~~~~~~~~~~~

~~ Fold 3 ~~
Melhores parâmetros: {'knn__metric': 'euclidean', 'knn__n_neighbors': 7}
----------------------------------------
Métricas Fold 3 - KNN-LPQ-Specialist-peperomia_glabella:
   📊 Acurácia: 84.0741%
   📊 F1: 91.0850%
   📊 Recall: 91.5278%
   📊 Precision: 90.6465%
----------------------------------------
~~~~~~~~~~~~~~~~~~~~~~~~~

~~ Fold 4 ~~
Melhores parâmetros: {'knn__metric': 'euclidean', 'knn__n_neighbors': 7}
----------------------------------------
Métricas Fold 4 - KNN-LPQ-Specialist-peperomia_glabella:
   📊 Acurácia: 84.1975%
   📊 F1: 91.0987%
   📊 Recall: 90.9722%
   📊 Precision: 91.2256%
----------------------------------------
~~~~~~~~~~~~~~~~~~~~~~~~~

~~ Fold 5 ~~
Melhores parâmetros: {'knn__metric': 'euclidean', 'knn__n_neighbors': 7}
----------------------------------------
Métricas Fold 5 - KNN-LPQ-Specialist-peperomia_glabella:
   📊 Acurácia: 84.1975%
   📊 F1: 91.1846%
   📊 Recall: 91.9444%
   📊 Precision: 90.4372%
----------------------------------------
~~~~~~~~~~~~~~~~~~~~~~~~~
==================================================

🎯 Treinando especialista 2/9: peperomia_tetraphylla
=== Iniciando treinamento assistido: KNN-LPQ-Specialist-peperomia_tetraphylla ===
Validação cruzada: 5 folds
==================================================

~~ Fold 1 ~~
Melhores parâmetros: {'knn__metric': 'euclidean', 'knn__n_neighbors': 9}
----------------------------------------
Métricas Fold 1 - KNN-LPQ-Specialist-peperomia_tetraphylla:
   📊 Acurácia: 86.7901%
   📊 F1: 92.4167%
   📊 Recall: 90.5556%
   📊 Precision: 94.3560%
----------------------------------------
~~~~~~~~~~~~~~~~~~~~~~~~~

~~ Fold 2 ~~
Melhores parâmetros: {'knn__metric': 'euclidean', 'knn__n_neighbors': 9}
----------------------------------------
Métricas Fold 2 - KNN-LPQ-Specialist-peperomia_tetraphylla:
   📊 Acurácia: 86.1728%
   📊 F1: 92.0114%
   📊 Recall: 89.5833%
   📊 Precision: 94.5748%
----------------------------------------
~~~~~~~~~~~~~~~~~~~~~~~~~

~~ Fold 3 ~~
Melhores parâmetros: {'knn__metric': 'euclidean', 'knn__n_neighbors': 9}
----------------------------------------
Métricas Fold 3 - KNN-LPQ-Specialist-peperomia_tetraphylla:
   📊 Acurácia: 89.1358%
   📊 F1: 93.8804%
   📊 Recall: 93.7500%
   📊 Precision: 94.0111%
----------------------------------------
~~~~~~~~~~~~~~~~~~~~~~~~~

~~ Fold 4 ~~
Melhores parâmetros: {'knn__metric': 'euclidean', 'knn__n_neighbors': 7}
----------------------------------------
Métricas Fold 4 - KNN-LPQ-Specialist-peperomia_tetraphylla:
   📊 Acurácia: 85.0617%
   📊 F1: 91.4123%
   📊 Recall: 89.4444%
   📊 Precision: 93.4688%
----------------------------------------
~~~~~~~~~~~~~~~~~~~~~~~~~

~~ Fold 5 ~~
Melhores parâmetros: {'knn__metric': 'euclidean', 'knn__n_neighbors': 7}
----------------------------------------
Métricas Fold 5 - KNN-LPQ-Specialist-peperomia_tetraphylla:
   📊 Acurácia: 88.2716%
   📊 F1: 93.3427%
   📊 Recall: 92.5000%
   📊 Precision: 94.2008%
----------------------------------------
~~~~~~~~~~~~~~~~~~~~~~~~~
==================================================

🎯 Treinando especialista 3/9: peperomia_urocarpa
=== Iniciando treinamento assistido: KNN-LPQ-Specialist-peperomia_urocarpa ===
Validação cruzada: 5 folds
==================================================

~~ Fold 1 ~~
Melhores parâmetros: {'knn__metric': 'euclidean', 'knn__n_neighbors': 9}
----------------------------------------
Métricas Fold 1 - KNN-LPQ-Specialist-peperomia_urocarpa:
   📊 Acurácia: 81.1111%
   📊 F1: 89.3676%
   📊 Recall: 89.3056%
   📊 Precision: 89.4298%
----------------------------------------
~~~~~~~~~~~~~~~~~~~~~~~~~

~~ Fold 2 ~~
Melhores parâmetros: {'knn__metric': 'manhattan', 'knn__n_neighbors': 9}
----------------------------------------
Métricas Fold 2 - KNN-LPQ-Specialist-peperomia_urocarpa:
   📊 Acurácia: 80.7407%
   📊 F1: 89.0141%
   📊 Recall: 87.7778%
   📊 Precision: 90.2857%
----------------------------------------
~~~~~~~~~~~~~~~~~~~~~~~~~

~~ Fold 3 ~~
Melhores parâmetros: {'knn__metric': 'euclidean', 'knn__n_neighbors': 9}
----------------------------------------
Métricas Fold 3 - KNN-LPQ-Specialist-peperomia_urocarpa:
   📊 Acurácia: 83.0864%
   📊 F1: 90.6100%
   📊 Recall: 91.8056%
   📊 Precision: 89.4452%
----------------------------------------
~~~~~~~~~~~~~~~~~~~~~~~~~

~~ Fold 4 ~~
Melhores parâmetros: {'knn__metric': 'manhattan', 'knn__n_neighbors': 9}
----------------------------------------
Métricas Fold 4 - KNN-LPQ-Specialist-peperomia_urocarpa:
   📊 Acurácia: 82.7160%
   📊 F1: 90.2371%
   📊 Recall: 89.8611%
   📊 Precision: 90.6162%
----------------------------------------
~~~~~~~~~~~~~~~~~~~~~~~~~

~~ Fold 5 ~~
Melhores parâmetros: {'knn__metric': 'euclidean', 'knn__n_neighbors': 9}
----------------------------------------
Métricas Fold 5 - KNN-LPQ-Specialist-peperomia_urocarpa:
   📊 Acurácia: 82.2222%
   📊 F1: 90.0552%
   📊 Recall: 90.5556%
   📊 Precision: 89.5604%
----------------------------------------
~~~~~~~~~~~~~~~~~~~~~~~~~
==================================================

🎯 Treinando especialista 4/9: piper_amalago
=== Iniciando treinamento assistido: KNN-LPQ-Specialist-piper_amalago ===
Validação cruzada: 5 folds
==================================================

~~ Fold 1 ~~
Melhores parâmetros: {'knn__metric': 'euclidean', 'knn__n_neighbors': 7}
----------------------------------------
Métricas Fold 1 - KNN-LPQ-Specialist-piper_amalago:
   📊 Acurácia: 81.6049%
   📊 F1: 89.7595%
   📊 Recall: 90.6944%
   📊 Precision: 88.8435%
----------------------------------------
~~~~~~~~~~~~~~~~~~~~~~~~~

~~ Fold 2 ~~
Melhores parâmetros: {'knn__metric': 'euclidean', 'knn__n_neighbors': 7}
----------------------------------------
Métricas Fold 2 - KNN-LPQ-Specialist-piper_amalago:
   📊 Acurácia: 82.0988%
   📊 F1: 90.0480%
   📊 Recall: 91.1111%
   📊 Precision: 89.0095%
----------------------------------------
~~~~~~~~~~~~~~~~~~~~~~~~~

~~ Fold 3 ~~
Melhores parâmetros: {'knn__metric': 'euclidean', 'knn__n_neighbors': 7}
----------------------------------------
Métricas Fold 3 - KNN-LPQ-Specialist-piper_amalago:
   📊 Acurácia: 83.2099%
   📊 F1: 90.7609%
   📊 Recall: 92.7778%
   📊 Precision: 88.8298%
----------------------------------------
~~~~~~~~~~~~~~~~~~~~~~~~~

~~ Fold 4 ~~
Melhores parâmetros: {'knn__metric': 'manhattan', 'knn__n_neighbors': 9}
----------------------------------------
Métricas Fold 4 - KNN-LPQ-Specialist-piper_amalago:
   📊 Acurácia: 82.0988%
   📊 F1: 90.1024%
   📊 Recall: 91.6667%
   📊 Precision: 88.5906%
----------------------------------------
~~~~~~~~~~~~~~~~~~~~~~~~~

~~ Fold 5 ~~
Melhores parâmetros: {'knn__metric': 'euclidean', 'knn__n_neighbors': 7}
----------------------------------------
Métricas Fold 5 - KNN-LPQ-Specialist-piper_amalago:
   📊 Acurácia: 81.9753%
   📊 F1: 90.0137%
   📊 Recall: 91.3889%
   📊 Precision: 88.6792%
----------------------------------------
~~~~~~~~~~~~~~~~~~~~~~~~~
==================================================

🎯 Treinando especialista 5/9: piper_gaudichaudianum
=== Iniciando treinamento assistido: KNN-LPQ-Specialist-piper_gaudichaudianum ===
Validação cruzada: 5 folds
==================================================

~~ Fold 1 ~~
Melhores parâmetros: {'knn__metric': 'euclidean', 'knn__n_neighbors': 7}
----------------------------------------
Métricas Fold 1 - KNN-LPQ-Specialist-piper_gaudichaudianum:
   📊 Acurácia: 82.7160%
   📊 F1: 90.4762%
   📊 Recall: 92.3611%
   📊 Precision: 88.6667%
----------------------------------------
~~~~~~~~~~~~~~~~~~~~~~~~~

~~ Fold 2 ~~
Melhores parâmetros: {'knn__metric': 'euclidean', 'knn__n_neighbors': 7}
----------------------------------------
Métricas Fold 2 - KNN-LPQ-Specialist-piper_gaudichaudianum:
   📊 Acurácia: 83.2099%
   📊 F1: 90.7483%
   📊 Recall: 92.6389%
   📊 Precision: 88.9333%
----------------------------------------
~~~~~~~~~~~~~~~~~~~~~~~~~

~~ Fold 3 ~~
Melhores parâmetros: {'knn__metric': 'euclidean', 'knn__n_neighbors': 9}
----------------------------------------
Métricas Fold 3 - KNN-LPQ-Specialist-piper_gaudichaudianum:
   📊 Acurácia: 84.8148%
   📊 F1: 91.6610%
   📊 Recall: 93.8889%
   📊 Precision: 89.5364%
----------------------------------------
~~~~~~~~~~~~~~~~~~~~~~~~~

~~ Fold 4 ~~
Melhores parâmetros: {'knn__metric': 'euclidean', 'knn__n_neighbors': 7}
----------------------------------------
Métricas Fold 4 - KNN-LPQ-Specialist-piper_gaudichaudianum:
   📊 Acurácia: 82.4691%
   📊 F1: 90.3401%
   📊 Recall: 92.2222%
   📊 Precision: 88.5333%
----------------------------------------
~~~~~~~~~~~~~~~~~~~~~~~~~

~~ Fold 5 ~~
Melhores parâmetros: {'knn__metric': 'euclidean', 'knn__n_neighbors': 7}
----------------------------------------
Métricas Fold 5 - KNN-LPQ-Specialist-piper_gaudichaudianum:
   📊 Acurácia: 81.4815%
   📊 F1: 89.6978%
   📊 Recall: 90.6944%
   📊 Precision: 88.7228%
----------------------------------------
~~~~~~~~~~~~~~~~~~~~~~~~~
==================================================

🎯 Treinando especialista 6/9: piper_glabratum
=== Iniciando treinamento assistido: KNN-LPQ-Specialist-piper_glabratum ===
Validação cruzada: 5 folds
==================================================

~~ Fold 1 ~~
Melhores parâmetros: {'knn__metric': 'euclidean', 'knn__n_neighbors': 9}
----------------------------------------
Métricas Fold 1 - KNN-LPQ-Specialist-piper_glabratum:
   📊 Acurácia: 81.2346%
   📊 F1: 89.6033%
   📊 Recall: 90.9722%
   📊 Precision: 88.2749%
----------------------------------------
~~~~~~~~~~~~~~~~~~~~~~~~~

~~ Fold 2 ~~
Melhores parâmetros: {'knn__metric': 'euclidean', 'knn__n_neighbors': 9}
----------------------------------------
Métricas Fold 2 - KNN-LPQ-Specialist-piper_glabratum:
   📊 Acurácia: 82.2222%
   📊 F1: 90.2174%
   📊 Recall: 92.2222%
   📊 Precision: 88.2979%
----------------------------------------
~~~~~~~~~~~~~~~~~~~~~~~~~

~~ Fold 3 ~~
Melhores parâmetros: {'knn__metric': 'euclidean', 'knn__n_neighbors': 9}
----------------------------------------
Métricas Fold 3 - KNN-LPQ-Specialist-piper_glabratum:
   📊 Acurácia: 83.3333%
   📊 F1: 90.8722%
   📊 Recall: 93.3333%
   📊 Precision: 88.5375%
----------------------------------------
~~~~~~~~~~~~~~~~~~~~~~~~~

~~ Fold 4 ~~
Melhores parâmetros: {'knn__metric': 'euclidean', 'knn__n_neighbors': 9}
----------------------------------------
Métricas Fold 4 - KNN-LPQ-Specialist-piper_glabratum:
   📊 Acurácia: 82.7160%
   📊 F1: 90.4502%
   📊 Recall: 92.0833%
   📊 Precision: 88.8740%
----------------------------------------
~~~~~~~~~~~~~~~~~~~~~~~~~

~~ Fold 5 ~~
Melhores parâmetros: {'knn__metric': 'euclidean', 'knn__n_neighbors': 9}
----------------------------------------
Métricas Fold 5 - KNN-LPQ-Specialist-piper_glabratum:
   📊 Acurácia: 81.2346%
   📊 F1: 89.6033%
   📊 Recall: 90.9722%
   📊 Precision: 88.2749%
----------------------------------------
~~~~~~~~~~~~~~~~~~~~~~~~~
==================================================

🎯 Treinando especialista 7/9: piper_hispidum
=== Iniciando treinamento assistido: KNN-LPQ-Specialist-piper_hispidum ===
Validação cruzada: 5 folds
==================================================

~~ Fold 1 ~~
Melhores parâmetros: {'knn__metric': 'euclidean', 'knn__n_neighbors': 9}
----------------------------------------
Métricas Fold 1 - KNN-LPQ-Specialist-piper_hispidum:
   📊 Acurácia: 82.2222%
   📊 F1: 90.1099%
   📊 Recall: 91.1111%
   📊 Precision: 89.1304%
----------------------------------------
~~~~~~~~~~~~~~~~~~~~~~~~~

~~ Fold 2 ~~
Melhores parâmetros: {'knn__metric': 'euclidean', 'knn__n_neighbors': 9}
----------------------------------------
Métricas Fold 2 - KNN-LPQ-Specialist-piper_hispidum:
   📊 Acurácia: 83.2099%
   📊 F1: 90.7859%
   📊 Recall: 93.0556%
   📊 Precision: 88.6243%
----------------------------------------
~~~~~~~~~~~~~~~~~~~~~~~~~

~~ Fold 3 ~~
Melhores parâmetros: {'knn__metric': 'euclidean', 'knn__n_neighbors': 9}
----------------------------------------
Métricas Fold 3 - KNN-LPQ-Specialist-piper_hispidum:
   📊 Acurácia: 83.5802%
   📊 F1: 91.0074%
   📊 Recall: 93.4722%
   📊 Precision: 88.6693%
----------------------------------------
~~~~~~~~~~~~~~~~~~~~~~~~~

~~ Fold 4 ~~
Melhores parâmetros: {'knn__metric': 'euclidean', 'knn__n_neighbors': 9}
----------------------------------------
Métricas Fold 4 - KNN-LPQ-Specialist-piper_hispidum:
   📊 Acurácia: 82.2222%
   📊 F1: 90.2174%
   📊 Recall: 92.2222%
   📊 Precision: 88.2979%
----------------------------------------
~~~~~~~~~~~~~~~~~~~~~~~~~

~~ Fold 5 ~~
Melhores parâmetros: {'knn__metric': 'euclidean', 'knn__n_neighbors': 7}
----------------------------------------
Métricas Fold 5 - KNN-LPQ-Specialist-piper_hispidum:
   📊 Acurácia: 81.6049%
   📊 F1: 89.7875%
   📊 Recall: 90.9722%
   📊 Precision: 88.6333%
----------------------------------------
~~~~~~~~~~~~~~~~~~~~~~~~~
==================================================

🎯 Treinando especialista 8/9: piper_miquelianum
=== Iniciando treinamento assistido: KNN-LPQ-Specialist-piper_miquelianum ===
Validação cruzada: 5 folds
==================================================

~~ Fold 1 ~~
Melhores parâmetros: {'knn__metric': 'euclidean', 'knn__n_neighbors': 7}
----------------------------------------
Métricas Fold 1 - KNN-LPQ-Specialist-piper_miquelianum:
   📊 Acurácia: 82.8395%
   📊 F1: 90.5119%
   📊 Recall: 92.0833%
   📊 Precision: 88.9933%
----------------------------------------
~~~~~~~~~~~~~~~~~~~~~~~~~

~~ Fold 2 ~~
Melhores parâmetros: {'knn__metric': 'euclidean', 'knn__n_neighbors': 7}
----------------------------------------
Métricas Fold 2 - KNN-LPQ-Specialist-piper_miquelianum:
   📊 Acurácia: 83.9506%
   📊 F1: 91.1565%
   📊 Recall: 93.0556%
   📊 Precision: 89.3333%
----------------------------------------
~~~~~~~~~~~~~~~~~~~~~~~~~

~~ Fold 3 ~~
Melhores parâmetros: {'knn__metric': 'euclidean', 'knn__n_neighbors': 9}
----------------------------------------
Métricas Fold 3 - KNN-LPQ-Specialist-piper_miquelianum:
   📊 Acurácia: 84.4444%
   📊 F1: 91.4286%
   📊 Recall: 93.3333%
   📊 Precision: 89.6000%
----------------------------------------
~~~~~~~~~~~~~~~~~~~~~~~~~

~~ Fold 4 ~~
Melhores parâmetros: {'knn__metric': 'euclidean', 'knn__n_neighbors': 9}
----------------------------------------
Métricas Fold 4 - KNN-LPQ-Specialist-piper_miquelianum:
   📊 Acurácia: 81.9753%
   📊 F1: 90.0680%
   📊 Recall: 91.9444%
   📊 Precision: 88.2667%
----------------------------------------
~~~~~~~~~~~~~~~~~~~~~~~~~

~~ Fold 5 ~~
Melhores parâmetros: {'knn__metric': 'euclidean', 'knn__n_neighbors': 9}
----------------------------------------
Métricas Fold 5 - KNN-LPQ-Specialist-piper_miquelianum:
   📊 Acurácia: 81.7284%
   📊 F1: 89.8630%
   📊 Recall: 91.1111%
   📊 Precision: 88.6486%
----------------------------------------
~~~~~~~~~~~~~~~~~~~~~~~~~
==================================================

🎯 Treinando especialista 9/9: piper_xylosteoides
=== Iniciando treinamento assistido: KNN-LPQ-Specialist-piper_xylosteoides ===
Validação cruzada: 5 folds
==================================================

~~ Fold 1 ~~
Melhores parâmetros: {'knn__metric': 'euclidean', 'knn__n_neighbors': 9}
----------------------------------------
Métricas Fold 1 - KNN-LPQ-Specialist-piper_xylosteoides:
   📊 Acurácia: 82.4691%
   📊 F1: 90.3401%
   📊 Recall: 92.2222%
   📊 Precision: 88.5333%
----------------------------------------
~~~~~~~~~~~~~~~~~~~~~~~~~

~~ Fold 2 ~~
Melhores parâmetros: {'knn__metric': 'euclidean', 'knn__n_neighbors': 7}
----------------------------------------
Métricas Fold 2 - KNN-LPQ-Specialist-piper_xylosteoides:
   📊 Acurácia: 83.8272%
   📊 F1: 91.0335%
   📊 Recall: 92.3611%
   📊 Precision: 89.7436%
----------------------------------------
~~~~~~~~~~~~~~~~~~~~~~~~~

~~ Fold 3 ~~
Melhores parâmetros: {'knn__metric': 'euclidean', 'knn__n_neighbors': 5}
----------------------------------------
Métricas Fold 3 - KNN-LPQ-Specialist-piper_xylosteoides:
   📊 Acurácia: 83.9506%
   📊 F1: 91.1081%
   📊 Recall: 92.5000%
   📊 Precision: 89.7574%
----------------------------------------
~~~~~~~~~~~~~~~~~~~~~~~~~

~~ Fold 4 ~~
Melhores parâmetros: {'knn__metric': 'euclidean', 'knn__n_neighbors': 7}
----------------------------------------
Métricas Fold 4 - KNN-LPQ-Specialist-piper_xylosteoides:
   📊 Acurácia: 82.9630%
   📊 F1: 90.5479%
   📊 Recall: 91.8056%
   📊 Precision: 89.3243%
----------------------------------------
~~~~~~~~~~~~~~~~~~~~~~~~~

~~ Fold 5 ~~
Melhores parâmetros: {'knn__metric': 'euclidean', 'knn__n_neighbors': 9}
----------------------------------------
Métricas Fold 5 - KNN-LPQ-Specialist-piper_xylosteoides:
   📊 Acurácia: 82.3457%
   📊 F1: 90.2389%
   📊 Recall: 91.8056%
   📊 Precision: 88.7248%
----------------------------------------
~~~~~~~~~~~~~~~~~~~~~~~~~
==================================================

🎉 Treinamento de especialistas KNN-LPQ concluído!
   ✅ 9 especialistas treinados com sucesso
   📦 Array retornado: raw_probabilities[i] = probabilidades do especialista da classe i
============================================================
⏱️ Tempo de execução (KNN-LPQ): 1m 50.42s
########################################
Métricas Finais Relevância KNN LPQ:
   📊 Acurácia: 41.5556%
   📊 F1: 39.8984%
   📊 Recall: 41.5556%
   📊 Precision: 40.9898%
----------------------------------------
Métricas de Treinamento dos Especialistas:
   Especialista classe 0:
      1️⃣ Acurácia Média: 84.2963% +- 0.2124%
        | Folds: 84.3210%, 84.6914%, 84.0741%, 84.1975%, 84.1975%
      2️⃣ F1 Média: 91.1912% +- 0.1130%
        | Folds: 91.1867%, 91.4008%, 91.0850%, 91.0987%, 91.1846%
      3️⃣ Recall Médio: 91.4444% +- 0.3239%
        | Folds: 91.2500%, 91.5278%, 91.5278%, 90.9722%, 91.9444%
      4️⃣ Precision Média: 90.9414% +- 0.3364%
        | Folds: 91.1234%, 91.2742%, 90.6465%, 91.2256%, 90.4372%
   Especialista classe 1:
      1️⃣ Acurácia Média: 87.0864% +- 1.4578%
        | Folds: 86.7901%, 86.1728%, 89.1358%, 85.0617%, 88.2716%
      2️⃣ F1 Média: 92.6127% +- 0.8923%
        | Folds: 92.4167%, 92.0114%, 93.8804%, 91.4123%, 93.3427%
      3️⃣ Recall Médio: 91.1667% +- 1.6910%
        | Folds: 90.5556%, 89.5833%, 93.7500%, 89.4444%, 92.5000%
      4️⃣ Precision Média: 94.1223% +- 0.3755%
        | Folds: 94.3560%, 94.5748%, 94.0111%, 93.4688%, 94.2008%
   Especialista classe 2:
      1️⃣ Acurácia Média: 81.9753% +- 0.9072%
        | Folds: 81.1111%, 80.7407%, 83.0864%, 82.7160%, 82.2222%
      2️⃣ F1 Média: 89.8568% +- 0.5832%
        | Folds: 89.3676%, 89.0141%, 90.6100%, 90.2371%, 90.0552%
      3️⃣ Recall Médio: 89.8611% +- 1.3351%
        | Folds: 89.3056%, 87.7778%, 91.8056%, 89.8611%, 90.5556%
      4️⃣ Precision Média: 89.8675% +- 0.4898%
        | Folds: 89.4298%, 90.2857%, 89.4452%, 90.6162%, 89.5604%
   Especialista classe 3:
      1️⃣ Acurácia Média: 82.1975% +- 0.5376%
        | Folds: 81.6049%, 82.0988%, 83.2099%, 82.0988%, 81.9753%
      2️⃣ F1 Média: 90.1369% +- 0.3335%
        | Folds: 89.7595%, 90.0480%, 90.7609%, 90.1024%, 90.0137%
      3️⃣ Recall Médio: 91.5278% +- 0.7027%
        | Folds: 90.6944%, 91.1111%, 92.7778%, 91.6667%, 91.3889%
      4️⃣ Precision Média: 88.7905% +- 0.1447%
        | Folds: 88.8435%, 89.0095%, 88.8298%, 88.5906%, 88.6792%
   Especialista classe 4:
      1️⃣ Acurácia Média: 82.9383% +- 1.0942%
        | Folds: 82.7160%, 83.2099%, 84.8148%, 82.4691%, 81.4815%
      2️⃣ F1 Média: 90.5847% +- 0.6393%
        | Folds: 90.4762%, 90.7483%, 91.6610%, 90.3401%, 89.6978%
      3️⃣ Recall Médio: 92.3611% +- 1.0206%
        | Folds: 92.3611%, 92.6389%, 93.8889%, 92.2222%, 90.6944%
      4️⃣ Precision Média: 88.8785% +- 0.3533%
        | Folds: 88.6667%, 88.9333%, 89.5364%, 88.5333%, 88.7228%
   Especialista classe 5:
      1️⃣ Acurácia Média: 82.1481% +- 0.8249%
        | Folds: 81.2346%, 82.2222%, 83.3333%, 82.7160%, 81.2346%
      2️⃣ F1 Média: 90.1493% +- 0.4928%
        | Folds: 89.6033%, 90.2174%, 90.8722%, 90.4502%, 89.6033%
      3️⃣ Recall Médio: 91.9167% +- 0.8845%
        | Folds: 90.9722%, 92.2222%, 93.3333%, 92.0833%, 90.9722%
      4️⃣ Precision Média: 88.4519% +- 0.2332%
        | Folds: 88.2749%, 88.2979%, 88.5375%, 88.8740%, 88.2749%
   Especialista classe 6:
      1️⃣ Acurácia Média: 82.5679% +- 0.7216%
        | Folds: 82.2222%, 83.2099%, 83.5802%, 82.2222%, 81.6049%
      2️⃣ F1 Média: 90.3816% +- 0.4492%
        | Folds: 90.1099%, 90.7859%, 91.0074%, 90.2174%, 89.7875%
      3️⃣ Recall Médio: 92.1667% +- 1.0039%
        | Folds: 91.1111%, 93.0556%, 93.4722%, 92.2222%, 90.9722%
      4️⃣ Precision Média: 88.6710% +- 0.2660%
        | Folds: 89.1304%, 88.6243%, 88.6693%, 88.2979%, 88.6333%
   Especialista classe 7:
      1️⃣ Acurácia Média: 82.9877% +- 1.0660%
        | Folds: 82.8395%, 83.9506%, 84.4444%, 81.9753%, 81.7284%
      2️⃣ F1 Média: 90.6056% +- 0.6050%
        | Folds: 90.5119%, 91.1565%, 91.4286%, 90.0680%, 89.8630%
      3️⃣ Recall Médio: 92.3056% +- 0.8032%
        | Folds: 92.0833%, 93.0556%, 93.3333%, 91.9444%, 91.1111%
      4️⃣ Precision Média: 88.9684% +- 0.4748%
        | Folds: 88.9933%, 89.3333%, 89.6000%, 88.2667%, 88.6486%
   Especialista classe 8:
      1️⃣ Acurácia Média: 83.1111% +- 0.6689%
        | Folds: 82.4691%, 83.8272%, 83.9506%, 82.9630%, 82.3457%
      2️⃣ F1 Média: 90.6537% +- 0.3556%
        | Folds: 90.3401%, 91.0335%, 91.1081%, 90.5479%, 90.2389%
      3️⃣ Recall Médio: 92.1389% +- 0.2860%
        | Folds: 92.2222%, 92.3611%, 92.5000%, 91.8056%, 91.8056%
      4️⃣ Precision Média: 89.2167% +- 0.5080%
        | Folds: 88.5333%, 89.7436%, 89.7574%, 89.3243%, 88.7248%
########################################
📊 Exportando resultados para CSV: KNN_LPQ
   📁 Arquivo com os resultados: results/csv_exports/knn_lpq_results.csv
   📁 Arquivo com as métricas: results/csv_exports/knn_lpq_metrics.csv
   🎯 Imagens: 450 amostras
--------------------------------------------------
   ✅ 450 linhas escritas com sucesso
   💾 Arquivo salvo: results/csv_exports/knn_lpq_results.csv
   ✅ 55 linhas de métricas escritas com sucesso
   💾 Arquivo salvo: results/csv_exports/knn_lpq_metrics.csv
==================================================

📊 Calculando relevância LBP+GLCM...
🚀 Iniciando treinamento de especialistas KNN-LBP+GLCM
   📋 9 especialistas para treinar
   🔄 Validação cruzada: 5 folds
------------------------------------------------------------

🎯 Treinando especialista 1/9: peperomia_glabella
=== Iniciando treinamento assistido: KNN-LBP+GLCM-Specialist-peperomia_glabella ===
Validação cruzada: 5 folds
==================================================

~~ Fold 1 ~~
Melhores parâmetros: {'knn__metric': 'manhattan', 'knn__n_neighbors': 9}
----------------------------------------
Métricas Fold 1 - KNN-LBP+GLCM-Specialist-peperomia_glabella:
   📊 Acurácia: 87.2840%
   📊 F1: 92.9404%
   📊 Recall: 94.1667%
   📊 Precision: 91.7456%
----------------------------------------
~~~~~~~~~~~~~~~~~~~~~~~~~

~~ Fold 2 ~~
Melhores parâmetros: {'knn__metric': 'euclidean', 'knn__n_neighbors': 9}
----------------------------------------
Métricas Fold 2 - KNN-LBP+GLCM-Specialist-peperomia_glabella:
   📊 Acurácia: 85.4321%
   📊 F1: 91.7135%
   📊 Recall: 90.6944%
   📊 Precision: 92.7557%
----------------------------------------
~~~~~~~~~~~~~~~~~~~~~~~~~

~~ Fold 3 ~~
Melhores parâmetros: {'knn__metric': 'manhattan', 'knn__n_neighbors': 9}
----------------------------------------
Métricas Fold 3 - KNN-LBP+GLCM-Specialist-peperomia_glabella:
   📊 Acurácia: 84.9383%
   📊 F1: 91.6324%
   📊 Recall: 92.7778%
   📊 Precision: 90.5149%
----------------------------------------
~~~~~~~~~~~~~~~~~~~~~~~~~

~~ Fold 4 ~~
Melhores parâmetros: {'knn__metric': 'manhattan', 'knn__n_neighbors': 9}
----------------------------------------
Métricas Fold 4 - KNN-LBP+GLCM-Specialist-peperomia_glabella:
   📊 Acurácia: 85.1852%
   📊 F1: 91.6551%
   📊 Recall: 91.5278%
   📊 Precision: 91.7827%
----------------------------------------
~~~~~~~~~~~~~~~~~~~~~~~~~

~~ Fold 5 ~~
Melhores parâmetros: {'knn__metric': 'euclidean', 'knn__n_neighbors': 9}
----------------------------------------
Métricas Fold 5 - KNN-LBP+GLCM-Specialist-peperomia_glabella:
   📊 Acurácia: 87.0370%
   📊 F1: 92.8425%
   📊 Recall: 94.5833%
   📊 Precision: 91.1647%
----------------------------------------
~~~~~~~~~~~~~~~~~~~~~~~~~
==================================================

🎯 Treinando especialista 2/9: peperomia_tetraphylla
=== Iniciando treinamento assistido: KNN-LBP+GLCM-Specialist-peperomia_tetraphylla ===
Validação cruzada: 5 folds
==================================================

~~ Fold 1 ~~
Melhores parâmetros: {'knn__metric': 'euclidean', 'knn__n_neighbors': 9}
----------------------------------------
Métricas Fold 1 - KNN-LBP+GLCM-Specialist-peperomia_tetraphylla:
   📊 Acurácia: 87.4074%
   📊 F1: 92.9265%
   📊 Recall: 93.0556%
   📊 Precision: 92.7978%
----------------------------------------
~~~~~~~~~~~~~~~~~~~~~~~~~

~~ Fold 2 ~~
Melhores parâmetros: {'knn__metric': 'euclidean', 'knn__n_neighbors': 9}
----------------------------------------
Métricas Fold 2 - KNN-LBP+GLCM-Specialist-peperomia_tetraphylla:
   📊 Acurácia: 87.9012%
   📊 F1: 93.1755%
   📊 Recall: 92.9167%
   📊 Precision: 93.4358%
----------------------------------------
~~~~~~~~~~~~~~~~~~~~~~~~~

~~ Fold 3 ~~
Melhores parâmetros: {'knn__metric': 'euclidean', 'knn__n_neighbors': 9}
----------------------------------------
Métricas Fold 3 - KNN-LBP+GLCM-Specialist-peperomia_tetraphylla:
   📊 Acurácia: 88.2716%
   📊 F1: 93.4528%
   📊 Recall: 94.1667%
   📊 Precision: 92.7497%
----------------------------------------
~~~~~~~~~~~~~~~~~~~~~~~~~

~~ Fold 4 ~~
Melhores parâmetros: {'knn__metric': 'euclidean', 'knn__n_neighbors': 9}
----------------------------------------
Métricas Fold 4 - KNN-LBP+GLCM-Specialist-peperomia_tetraphylla:
   📊 Acurácia: 86.4198%
   📊 F1: 92.3717%
   📊 Recall: 92.5000%
   📊 Precision: 92.2438%
----------------------------------------
~~~~~~~~~~~~~~~~~~~~~~~~~

~~ Fold 5 ~~
Melhores parâmetros: {'knn__metric': 'manhattan', 'knn__n_neighbors': 9}
----------------------------------------
Métricas Fold 5 - KNN-LBP+GLCM-Specialist-peperomia_tetraphylla:
   📊 Acurácia: 88.0247%
   📊 F1: 93.3425%
   📊 Recall: 94.4444%
   📊 Precision: 92.2659%
----------------------------------------
~~~~~~~~~~~~~~~~~~~~~~~~~
==================================================

🎯 Treinando especialista 3/9: peperomia_urocarpa
=== Iniciando treinamento assistido: KNN-LBP+GLCM-Specialist-peperomia_urocarpa ===
Validação cruzada: 5 folds
==================================================

~~ Fold 1 ~~
Melhores parâmetros: {'knn__metric': 'euclidean', 'knn__n_neighbors': 9}
----------------------------------------
Métricas Fold 1 - KNN-LBP+GLCM-Specialist-peperomia_urocarpa:
   📊 Acurácia: 85.9259%
   📊 F1: 92.1596%
   📊 Recall: 93.0556%
   📊 Precision: 91.2807%
----------------------------------------
~~~~~~~~~~~~~~~~~~~~~~~~~

~~ Fold 2 ~~
Melhores parâmetros: {'knn__metric': 'euclidean', 'knn__n_neighbors': 9}
----------------------------------------
Métricas Fold 2 - KNN-LBP+GLCM-Specialist-peperomia_urocarpa:
   📊 Acurácia: 85.3086%
   📊 F1: 91.8660%
   📊 Recall: 93.3333%
   📊 Precision: 90.4441%
----------------------------------------
~~~~~~~~~~~~~~~~~~~~~~~~~

~~ Fold 3 ~~
Melhores parâmetros: {'knn__metric': 'euclidean', 'knn__n_neighbors': 9}
----------------------------------------
Métricas Fold 3 - KNN-LBP+GLCM-Specialist-peperomia_urocarpa:
   📊 Acurácia: 86.1728%
   📊 F1: 92.3182%
   📊 Recall: 93.4722%
   📊 Precision: 91.1924%
----------------------------------------
~~~~~~~~~~~~~~~~~~~~~~~~~

~~ Fold 4 ~~
Melhores parâmetros: {'knn__metric': 'manhattan', 'knn__n_neighbors': 9}
----------------------------------------
Métricas Fold 4 - KNN-LBP+GLCM-Specialist-peperomia_urocarpa:
   📊 Acurácia: 85.5556%
   📊 F1: 91.8467%
   📊 Recall: 91.5278%
   📊 Precision: 92.1678%
----------------------------------------
~~~~~~~~~~~~~~~~~~~~~~~~~

~~ Fold 5 ~~
Melhores parâmetros: {'knn__metric': 'euclidean', 'knn__n_neighbors': 9}
----------------------------------------
Métricas Fold 5 - KNN-LBP+GLCM-Specialist-peperomia_urocarpa:
   📊 Acurácia: 86.5432%
   📊 F1: 92.5597%
   📊 Recall: 94.1667%
   📊 Precision: 91.0067%
----------------------------------------
~~~~~~~~~~~~~~~~~~~~~~~~~
==================================================

🎯 Treinando especialista 4/9: piper_amalago
=== Iniciando treinamento assistido: KNN-LBP+GLCM-Specialist-piper_amalago ===
Validação cruzada: 5 folds
==================================================

~~ Fold 1 ~~
Melhores parâmetros: {'knn__metric': 'euclidean', 'knn__n_neighbors': 9}
----------------------------------------
Métricas Fold 1 - KNN-LBP+GLCM-Specialist-piper_amalago:
   📊 Acurácia: 86.5432%
   📊 F1: 92.7862%
   📊 Recall: 97.3611%
   📊 Precision: 88.6220%
----------------------------------------
~~~~~~~~~~~~~~~~~~~~~~~~~

~~ Fold 2 ~~
Melhores parâmetros: {'knn__metric': 'euclidean', 'knn__n_neighbors': 9}
----------------------------------------
Métricas Fold 2 - KNN-LBP+GLCM-Specialist-piper_amalago:
   📊 Acurácia: 88.3951%
   📊 F1: 93.8076%
   📊 Recall: 98.8889%
   📊 Precision: 89.2231%
----------------------------------------
~~~~~~~~~~~~~~~~~~~~~~~~~

~~ Fold 3 ~~
Melhores parâmetros: {'knn__metric': 'manhattan', 'knn__n_neighbors': 9}
----------------------------------------
Métricas Fold 3 - KNN-LBP+GLCM-Specialist-piper_amalago:
   📊 Acurácia: 88.7654%
   📊 F1: 94.0250%
   📊 Recall: 99.4444%
   📊 Precision: 89.1656%
----------------------------------------
~~~~~~~~~~~~~~~~~~~~~~~~~

~~ Fold 4 ~~
Melhores parâmetros: {'knn__metric': 'manhattan', 'knn__n_neighbors': 9}
----------------------------------------
Métricas Fold 4 - KNN-LBP+GLCM-Specialist-piper_amalago:
   📊 Acurácia: 89.1358%
   📊 F1: 94.2257%
   📊 Recall: 99.7222%
   📊 Precision: 89.3035%
----------------------------------------
~~~~~~~~~~~~~~~~~~~~~~~~~

~~ Fold 5 ~~
Melhores parâmetros: {'knn__metric': 'euclidean', 'knn__n_neighbors': 9}
----------------------------------------
Métricas Fold 5 - KNN-LBP+GLCM-Specialist-piper_amalago:
   📊 Acurácia: 89.0123%
   📊 F1: 94.1563%
   📊 Recall: 99.5833%
   📊 Precision: 89.2902%
----------------------------------------
~~~~~~~~~~~~~~~~~~~~~~~~~
==================================================

🎯 Treinando especialista 5/9: piper_gaudichaudianum
=== Iniciando treinamento assistido: KNN-LBP+GLCM-Specialist-piper_gaudichaudianum ===
Validação cruzada: 5 folds
==================================================

~~ Fold 1 ~~
Melhores parâmetros: {'knn__metric': 'euclidean', 'knn__n_neighbors': 9}
----------------------------------------
Métricas Fold 1 - KNN-LBP+GLCM-Specialist-piper_gaudichaudianum:
   📊 Acurácia: 85.5556%
   📊 F1: 92.1844%
   📊 Recall: 95.8333%
   📊 Precision: 88.8031%
----------------------------------------
~~~~~~~~~~~~~~~~~~~~~~~~~

~~ Fold 2 ~~
Melhores parâmetros: {'knn__metric': 'manhattan', 'knn__n_neighbors': 9}
----------------------------------------
Métricas Fold 2 - KNN-LBP+GLCM-Specialist-piper_gaudichaudianum:
   📊 Acurácia: 85.8025%
   📊 F1: 92.3180%
   📊 Recall: 95.9722%
   📊 Precision: 88.9318%
----------------------------------------
~~~~~~~~~~~~~~~~~~~~~~~~~

~~ Fold 3 ~~
Melhores parâmetros: {'knn__metric': 'euclidean', 'knn__n_neighbors': 9}
----------------------------------------
Métricas Fold 3 - KNN-LBP+GLCM-Specialist-piper_gaudichaudianum:
   📊 Acurácia: 87.0370%
   📊 F1: 93.0140%
   📊 Recall: 97.0833%
   📊 Precision: 89.2720%
----------------------------------------
~~~~~~~~~~~~~~~~~~~~~~~~~

~~ Fold 4 ~~
Melhores parâmetros: {'knn__metric': 'manhattan', 'knn__n_neighbors': 9}
----------------------------------------
Métricas Fold 4 - KNN-LBP+GLCM-Specialist-piper_gaudichaudianum:
   📊 Acurácia: 85.5556%
   📊 F1: 92.2052%
   📊 Recall: 96.1111%
   📊 Precision: 88.6044%
----------------------------------------
~~~~~~~~~~~~~~~~~~~~~~~~~

~~ Fold 5 ~~
Melhores parâmetros: {'knn__metric': 'euclidean', 'knn__n_neighbors': 9}
----------------------------------------
Métricas Fold 5 - KNN-LBP+GLCM-Specialist-piper_gaudichaudianum:
   📊 Acurácia: 87.0370%
   📊 F1: 93.0601%
   📊 Recall: 97.7778%
   📊 Precision: 88.7768%
----------------------------------------
~~~~~~~~~~~~~~~~~~~~~~~~~
==================================================

🎯 Treinando especialista 6/9: piper_glabratum
=== Iniciando treinamento assistido: KNN-LBP+GLCM-Specialist-piper_glabratum ===
Validação cruzada: 5 folds
==================================================

~~ Fold 1 ~~
Melhores parâmetros: {'knn__metric': 'euclidean', 'knn__n_neighbors': 9}
----------------------------------------
Métricas Fold 1 - KNN-LBP+GLCM-Specialist-piper_glabratum:
   📊 Acurácia: 88.1481%
   📊 F1: 93.7008%
   📊 Recall: 99.1667%
   📊 Precision: 88.8060%
----------------------------------------
~~~~~~~~~~~~~~~~~~~~~~~~~

~~ Fold 2 ~~
Melhores parâmetros: {'knn__metric': 'manhattan', 'knn__n_neighbors': 9}
----------------------------------------
Métricas Fold 2 - KNN-LBP+GLCM-Specialist-piper_glabratum:
   📊 Acurácia: 88.0247%
   📊 F1: 93.6310%
   📊 Recall: 99.0278%
   📊 Precision: 88.7920%
----------------------------------------
~~~~~~~~~~~~~~~~~~~~~~~~~

~~ Fold 3 ~~
Melhores parâmetros: {'knn__metric': 'manhattan', 'knn__n_neighbors': 9}
----------------------------------------
Métricas Fold 3 - KNN-LBP+GLCM-Specialist-piper_glabratum:
   📊 Acurácia: 88.6420%
   📊 F1: 93.9791%
   📊 Recall: 99.7222%
   📊 Precision: 88.8614%
----------------------------------------
~~~~~~~~~~~~~~~~~~~~~~~~~

~~ Fold 4 ~~
Melhores parâmetros: {'knn__metric': 'euclidean', 'knn__n_neighbors': 9}
----------------------------------------
Métricas Fold 4 - KNN-LBP+GLCM-Specialist-piper_glabratum:
   📊 Acurácia: 88.7654%
   📊 F1: 94.0406%
   📊 Recall: 99.7222%
   📊 Precision: 88.9715%
----------------------------------------
~~~~~~~~~~~~~~~~~~~~~~~~~

~~ Fold 5 ~~
Melhores parâmetros: {'knn__metric': 'euclidean', 'knn__n_neighbors': 9}
----------------------------------------
Métricas Fold 5 - KNN-LBP+GLCM-Specialist-piper_glabratum:
   📊 Acurácia: 88.1481%
   📊 F1: 93.6925%
   📊 Recall: 99.0278%
   📊 Precision: 88.9027%
----------------------------------------
~~~~~~~~~~~~~~~~~~~~~~~~~
==================================================

🎯 Treinando especialista 7/9: piper_hispidum
=== Iniciando treinamento assistido: KNN-LBP+GLCM-Specialist-piper_hispidum ===
Validação cruzada: 5 folds
==================================================

~~ Fold 1 ~~
Melhores parâmetros: {'knn__metric': 'euclidean', 'knn__n_neighbors': 9}
----------------------------------------
Métricas Fold 1 - KNN-LBP+GLCM-Specialist-piper_hispidum:
   📊 Acurácia: 88.8889%
   📊 F1: 94.1022%
   📊 Recall: 99.7222%
   📊 Precision: 89.0819%
----------------------------------------
~~~~~~~~~~~~~~~~~~~~~~~~~

~~ Fold 2 ~~
Melhores parâmetros: {'knn__metric': 'euclidean', 'knn__n_neighbors': 9}
----------------------------------------
Métricas Fold 2 - KNN-LBP+GLCM-Specialist-piper_hispidum:
   📊 Acurácia: 86.6667%
   📊 F1: 92.8477%
   📊 Recall: 97.3611%
   📊 Precision: 88.7342%
----------------------------------------
~~~~~~~~~~~~~~~~~~~~~~~~~

~~ Fold 3 ~~
Melhores parâmetros: {'knn__metric': 'euclidean', 'knn__n_neighbors': 9}
----------------------------------------
Métricas Fold 3 - KNN-LBP+GLCM-Specialist-piper_hispidum:
   📊 Acurácia: 87.1605%
   📊 F1: 93.1217%
   📊 Recall: 97.7778%
   📊 Precision: 88.8889%
----------------------------------------
~~~~~~~~~~~~~~~~~~~~~~~~~

~~ Fold 4 ~~
Melhores parâmetros: {'knn__metric': 'euclidean', 'knn__n_neighbors': 9}
----------------------------------------
Métricas Fold 4 - KNN-LBP+GLCM-Specialist-piper_hispidum:
   📊 Acurácia: 85.9259%
   📊 F1: 92.4202%
   📊 Recall: 96.5278%
   📊 Precision: 88.6480%
----------------------------------------
~~~~~~~~~~~~~~~~~~~~~~~~~

~~ Fold 5 ~~
Melhores parâmetros: {'knn__metric': 'euclidean', 'knn__n_neighbors': 9}
----------------------------------------
Métricas Fold 5 - KNN-LBP+GLCM-Specialist-piper_hispidum:
   📊 Acurácia: 87.2840%
   📊 F1: 93.1743%
   📊 Recall: 97.6389%
   📊 Precision: 89.1001%
----------------------------------------
~~~~~~~~~~~~~~~~~~~~~~~~~
==================================================

🎯 Treinando especialista 8/9: piper_miquelianum
=== Iniciando treinamento assistido: KNN-LBP+GLCM-Specialist-piper_miquelianum ===
Validação cruzada: 5 folds
==================================================

~~ Fold 1 ~~
Melhores parâmetros: {'knn__metric': 'manhattan', 'knn__n_neighbors': 9}
----------------------------------------
Métricas Fold 1 - KNN-LBP+GLCM-Specialist-piper_miquelianum:
   📊 Acurácia: 87.2840%
   📊 F1: 93.0919%
   📊 Recall: 96.3889%
   📊 Precision: 90.0130%
----------------------------------------
~~~~~~~~~~~~~~~~~~~~~~~~~

~~ Fold 2 ~~
Melhores parâmetros: {'knn__metric': 'manhattan', 'knn__n_neighbors': 9}
----------------------------------------
Métricas Fold 2 - KNN-LBP+GLCM-Specialist-piper_miquelianum:
   📊 Acurácia: 89.2593%
   📊 F1: 94.1884%
   📊 Recall: 97.9167%
   📊 Precision: 90.7336%
----------------------------------------
~~~~~~~~~~~~~~~~~~~~~~~~~

~~ Fold 3 ~~
Melhores parâmetros: {'knn__metric': 'manhattan', 'knn__n_neighbors': 9}
----------------------------------------
Métricas Fold 3 - KNN-LBP+GLCM-Specialist-piper_miquelianum:
   📊 Acurácia: 89.3827%
   📊 F1: 94.3122%
   📊 Recall: 99.0278%
   📊 Precision: 90.0253%
----------------------------------------
~~~~~~~~~~~~~~~~~~~~~~~~~

~~ Fold 4 ~~
Melhores parâmetros: {'knn__metric': 'manhattan', 'knn__n_neighbors': 9}
----------------------------------------
Métricas Fold 4 - KNN-LBP+GLCM-Specialist-piper_miquelianum:
   📊 Acurácia: 88.8889%
   📊 F1: 93.9920%
   📊 Recall: 97.7778%
   📊 Precision: 90.4884%
----------------------------------------
~~~~~~~~~~~~~~~~~~~~~~~~~

~~ Fold 5 ~~
Melhores parâmetros: {'knn__metric': 'manhattan', 'knn__n_neighbors': 9}
----------------------------------------
Métricas Fold 5 - KNN-LBP+GLCM-Specialist-piper_miquelianum:
   📊 Acurácia: 87.7778%
   📊 F1: 93.3063%
   📊 Recall: 95.8333%
   📊 Precision: 90.9091%
----------------------------------------
~~~~~~~~~~~~~~~~~~~~~~~~~
==================================================

🎯 Treinando especialista 9/9: piper_xylosteoides
=== Iniciando treinamento assistido: KNN-LBP+GLCM-Specialist-piper_xylosteoides ===
Validação cruzada: 5 folds
==================================================

~~ Fold 1 ~~
Melhores parâmetros: {'knn__metric': 'euclidean', 'knn__n_neighbors': 9}
----------------------------------------
Métricas Fold 1 - KNN-LBP+GLCM-Specialist-piper_xylosteoides:
   📊 Acurácia: 85.5556%
   📊 F1: 92.1844%
   📊 Recall: 95.8333%
   📊 Precision: 88.8031%
----------------------------------------
~~~~~~~~~~~~~~~~~~~~~~~~~

~~ Fold 2 ~~
Melhores parâmetros: {'knn__metric': 'manhattan', 'knn__n_neighbors': 9}
----------------------------------------
Métricas Fold 2 - KNN-LBP+GLCM-Specialist-piper_xylosteoides:
   📊 Acurácia: 87.5309%
   📊 F1: 93.2622%
   📊 Recall: 97.0833%
   📊 Precision: 89.7304%
----------------------------------------
~~~~~~~~~~~~~~~~~~~~~~~~~

~~ Fold 3 ~~
Melhores parâmetros: {'knn__metric': 'manhattan', 'knn__n_neighbors': 9}
----------------------------------------
Métricas Fold 3 - KNN-LBP+GLCM-Specialist-piper_xylosteoides:
   📊 Acurácia: 87.2840%
   📊 F1: 93.1011%
   📊 Recall: 96.5278%
   📊 Precision: 89.9094%
----------------------------------------
~~~~~~~~~~~~~~~~~~~~~~~~~

~~ Fold 4 ~~
Melhores parâmetros: {'knn__metric': 'manhattan', 'knn__n_neighbors': 9}
----------------------------------------
Métricas Fold 4 - KNN-LBP+GLCM-Specialist-piper_xylosteoides:
   📊 Acurácia: 85.8025%
   📊 F1: 92.3077%
   📊 Recall: 95.8333%
   📊 Precision: 89.0323%
----------------------------------------
~~~~~~~~~~~~~~~~~~~~~~~~~

~~ Fold 5 ~~
Melhores parâmetros: {'knn__metric': 'manhattan', 'knn__n_neighbors': 9}
----------------------------------------
Métricas Fold 5 - KNN-LBP+GLCM-Specialist-piper_xylosteoides:
   📊 Acurácia: 87.0370%
   📊 F1: 93.0417%
   📊 Recall: 97.5000%
   📊 Precision: 88.9734%
----------------------------------------
~~~~~~~~~~~~~~~~~~~~~~~~~
==================================================

🎉 Treinamento de especialistas KNN-LBP+GLCM concluído!
   ✅ 9 especialistas treinados com sucesso
   📦 Array retornado: raw_probabilities[i] = probabilidades do especialista da classe i
============================================================
⏱️ Tempo de execução (KNN-LBP+GLCM): 1m 23.49s
########################################
Métricas Finais Relevância KNN LBP+GLCM:
   📊 Acurácia: 51.3333%
   📊 F1: 48.2218%
   📊 Recall: 51.3333%
   📊 Precision: 49.0324%
----------------------------------------
Métricas de Treinamento dos Especialistas:
   Especialista classe 0:
      1️⃣ Acurácia Média: 85.9753% +- 0.9833%
        | Folds: 87.2840%, 85.4321%, 84.9383%, 85.1852%, 87.0370%
      2️⃣ F1 Média: 92.1568% +- 0.6012%
        | Folds: 92.9404%, 91.7135%, 91.6324%, 91.6551%, 92.8425%
      3️⃣ Recall Médio: 92.7500% +- 1.4892%
        | Folds: 94.1667%, 90.6944%, 92.7778%, 91.5278%, 94.5833%
      4️⃣ Precision Média: 91.5927% +- 0.7425%
        | Folds: 91.7456%, 92.7557%, 90.5149%, 91.7827%, 91.1647%
   Especialista classe 1:
      1️⃣ Acurácia Média: 87.6049% +- 0.6561%
        | Folds: 87.4074%, 87.9012%, 88.2716%, 86.4198%, 88.0247%
      2️⃣ F1 Média: 93.0538% +- 0.3844%
        | Folds: 92.9265%, 93.1755%, 93.4528%, 92.3717%, 93.3425%
      3️⃣ Recall Médio: 93.4167% +- 0.7536%
        | Folds: 93.0556%, 92.9167%, 94.1667%, 92.5000%, 94.4444%
      4️⃣ Precision Média: 92.6986% +- 0.4359%
        | Folds: 92.7978%, 93.4358%, 92.7497%, 92.2438%, 92.2659%
   Especialista classe 2:
      1️⃣ Acurácia Média: 85.9012% +- 0.4375%
        | Folds: 85.9259%, 85.3086%, 86.1728%, 85.5556%, 86.5432%
      2️⃣ F1 Média: 92.1500% +- 0.2716%
        | Folds: 92.1596%, 91.8660%, 92.3182%, 91.8467%, 92.5597%
      3️⃣ Recall Médio: 93.1111% +- 0.8722%
        | Folds: 93.0556%, 93.3333%, 93.4722%, 91.5278%, 94.1667%
      4️⃣ Precision Média: 91.2184% +- 0.5568%
        | Folds: 91.2807%, 90.4441%, 91.1924%, 92.1678%, 91.0067%
   Especialista classe 3:
      1️⃣ Acurácia Média: 88.3704% +- 0.9480%
        | Folds: 86.5432%, 88.3951%, 88.7654%, 89.1358%, 89.0123%
      2️⃣ F1 Média: 93.8002% +- 0.5266%
        | Folds: 92.7862%, 93.8076%, 94.0250%, 94.2257%, 94.1563%
      3️⃣ Recall Médio: 99.0000% +- 0.8669%
        | Folds: 97.3611%, 98.8889%, 99.4444%, 99.7222%, 99.5833%
      4️⃣ Precision Média: 89.1209% +- 0.2543%
        | Folds: 88.6220%, 89.2231%, 89.1656%, 89.3035%, 89.2902%
   Especialista classe 4:
      1️⃣ Acurácia Média: 86.1975% +- 0.6914%
        | Folds: 85.5556%, 85.8025%, 87.0370%, 85.5556%, 87.0370%
      2️⃣ F1 Média: 92.5563% +- 0.3954%
        | Folds: 92.1844%, 92.3180%, 93.0140%, 92.2052%, 93.0601%
      3️⃣ Recall Médio: 96.5556% +- 0.7526%
        | Folds: 95.8333%, 95.9722%, 97.0833%, 96.1111%, 97.7778%
      4️⃣ Precision Média: 88.8776% +- 0.2231%
        | Folds: 88.8031%, 88.9318%, 89.2720%, 88.6044%, 88.7768%
   Especialista classe 5:
      1️⃣ Acurácia Média: 88.3457% +- 0.2983%
        | Folds: 88.1481%, 88.0247%, 88.6420%, 88.7654%, 88.1481%
      2️⃣ F1 Média: 93.8088% +- 0.1670%
        | Folds: 93.7008%, 93.6310%, 93.9791%, 94.0406%, 93.6925%
      3️⃣ Recall Médio: 99.3333% +- 0.3216%
        | Folds: 99.1667%, 99.0278%, 99.7222%, 99.7222%, 99.0278%
      4️⃣ Precision Média: 88.8667% +- 0.0657%
        | Folds: 88.8060%, 88.7920%, 88.8614%, 88.9715%, 88.9027%
   Especialista classe 6:
      1️⃣ Acurácia Média: 87.1852% +- 0.9765%
        | Folds: 88.8889%, 86.6667%, 87.1605%, 85.9259%, 87.2840%
      2️⃣ F1 Média: 93.1332% +- 0.5533%
        | Folds: 94.1022%, 92.8477%, 93.1217%, 92.4202%, 93.1743%
      3️⃣ Recall Médio: 97.8056% +- 1.0519%
        | Folds: 99.7222%, 97.3611%, 97.7778%, 96.5278%, 97.6389%
      4️⃣ Precision Média: 88.8906% +- 0.1810%
        | Folds: 89.0819%, 88.7342%, 88.8889%, 88.6480%, 89.1001%
   Especialista classe 7:
      1️⃣ Acurácia Média: 88.5185% +- 0.8373%
        | Folds: 87.2840%, 89.2593%, 89.3827%, 88.8889%, 87.7778%
      2️⃣ F1 Média: 93.7781% +- 0.4884%
        | Folds: 93.0919%, 94.1884%, 94.3122%, 93.9920%, 93.3063%
      3️⃣ Recall Médio: 97.3889% +- 1.1433%
        | Folds: 96.3889%, 97.9167%, 99.0278%, 97.7778%, 95.8333%
      4️⃣ Precision Média: 90.4339% +- 0.3641%
        | Folds: 90.0130%, 90.7336%, 90.0253%, 90.4884%, 90.9091%
   Especialista classe 8:
      1️⃣ Acurácia Média: 86.6420% +- 0.8054%
        | Folds: 85.5556%, 87.5309%, 87.2840%, 85.8025%, 87.0370%
      2️⃣ F1 Média: 92.7794% +- 0.4432%
        | Folds: 92.1844%, 93.2622%, 93.1011%, 92.3077%, 93.0417%
      3️⃣ Recall Médio: 96.5556% +- 0.6655%
        | Folds: 95.8333%, 97.0833%, 96.5278%, 95.8333%, 97.5000%
      4️⃣ Precision Média: 89.2897% +- 0.4430%
        | Folds: 88.8031%, 89.7304%, 89.9094%, 89.0323%, 88.9734%
########################################
📊 Exportando resultados para CSV: KNN_LBP_GLCM
   📁 Arquivo com os resultados: results/csv_exports/knn_lbp_glcm_results.csv
   📁 Arquivo com as métricas: results/csv_exports/knn_lbp_glcm_metrics.csv
   🎯 Imagens: 450 amostras
--------------------------------------------------
   ✅ 450 linhas escritas com sucesso
   💾 Arquivo salvo: results/csv_exports/knn_lbp_glcm_results.csv
   ✅ 55 linhas de métricas escritas com sucesso
   💾 Arquivo salvo: results/csv_exports/knn_lbp_glcm_metrics.csv
==================================================

📊 Calculando relevância LBP+LPQ...
🚀 Iniciando treinamento de especialistas KNN-LBP+LPQ
   📋 9 especialistas para treinar
   🔄 Validação cruzada: 5 folds
------------------------------------------------------------

🎯 Treinando especialista 1/9: peperomia_glabella
=== Iniciando treinamento assistido: KNN-LBP+LPQ-Specialist-peperomia_glabella ===
Validação cruzada: 5 folds
==================================================

~~ Fold 1 ~~
Melhores parâmetros: {'knn__metric': 'euclidean', 'knn__n_neighbors': 9}
----------------------------------------
Métricas Fold 1 - KNN-LBP+LPQ-Specialist-peperomia_glabella:
   📊 Acurácia: 85.6790%
   📊 F1: 92.1196%
   📊 Recall: 94.1667%
   📊 Precision: 90.1596%
----------------------------------------
~~~~~~~~~~~~~~~~~~~~~~~~~

~~ Fold 2 ~~
Melhores parâmetros: {'knn__metric': 'euclidean', 'knn__n_neighbors': 9}
----------------------------------------
Métricas Fold 2 - KNN-LBP+LPQ-Specialist-peperomia_glabella:
   📊 Acurácia: 83.9506%
   📊 F1: 90.9972%
   📊 Recall: 91.2500%
   📊 Precision: 90.7459%
----------------------------------------
~~~~~~~~~~~~~~~~~~~~~~~~~

~~ Fold 3 ~~
Melhores parâmetros: {'knn__metric': 'manhattan', 'knn__n_neighbors': 9}
----------------------------------------
Métricas Fold 3 - KNN-LBP+LPQ-Specialist-peperomia_glabella:
   📊 Acurácia: 84.5679%
   📊 F1: 91.4207%
   📊 Recall: 92.5000%
   📊 Precision: 90.3664%
----------------------------------------
~~~~~~~~~~~~~~~~~~~~~~~~~

~~ Fold 4 ~~
Melhores parâmetros: {'knn__metric': 'manhattan', 'knn__n_neighbors': 9}
----------------------------------------
Métricas Fold 4 - KNN-LBP+LPQ-Specialist-peperomia_glabella:
   📊 Acurácia: 84.4444%
   📊 F1: 91.2983%
   📊 Recall: 91.8056%
   📊 Precision: 90.7967%
----------------------------------------
~~~~~~~~~~~~~~~~~~~~~~~~~

~~ Fold 5 ~~
Melhores parâmetros: {'knn__metric': 'euclidean', 'knn__n_neighbors': 9}
----------------------------------------
Métricas Fold 5 - KNN-LBP+LPQ-Specialist-peperomia_glabella:
   📊 Acurácia: 84.6914%
   📊 F1: 91.5185%
   📊 Recall: 92.9167%
   📊 Precision: 90.1617%
----------------------------------------
~~~~~~~~~~~~~~~~~~~~~~~~~
==================================================

🎯 Treinando especialista 2/9: peperomia_tetraphylla
=== Iniciando treinamento assistido: KNN-LBP+LPQ-Specialist-peperomia_tetraphylla ===
Validação cruzada: 5 folds
==================================================

~~ Fold 1 ~~
Melhores parâmetros: {'knn__metric': 'euclidean', 'knn__n_neighbors': 9}
----------------------------------------
Métricas Fold 1 - KNN-LBP+LPQ-Specialist-peperomia_tetraphylla:
   📊 Acurácia: 86.9136%
   📊 F1: 92.4929%
   📊 Recall: 90.6944%
   📊 Precision: 94.3642%
----------------------------------------
~~~~~~~~~~~~~~~~~~~~~~~~~

~~ Fold 2 ~~
Melhores parâmetros: {'knn__metric': 'manhattan', 'knn__n_neighbors': 9}
----------------------------------------
Métricas Fold 2 - KNN-LBP+LPQ-Specialist-peperomia_tetraphylla:
   📊 Acurácia: 86.9136%
   📊 F1: 92.4501%
   📊 Recall: 90.1389%
   📊 Precision: 94.8830%
----------------------------------------
~~~~~~~~~~~~~~~~~~~~~~~~~

~~ Fold 3 ~~
Melhores parâmetros: {'knn__metric': 'euclidean', 'knn__n_neighbors': 9}
----------------------------------------
Métricas Fold 3 - KNN-LBP+LPQ-Specialist-peperomia_tetraphylla:
   📊 Acurácia: 89.1358%
   📊 F1: 93.9058%
   📊 Recall: 94.1667%
   📊 Precision: 93.6464%
----------------------------------------
~~~~~~~~~~~~~~~~~~~~~~~~~

~~ Fold 4 ~~
Melhores parâmetros: {'knn__metric': 'euclidean', 'knn__n_neighbors': 9}
----------------------------------------
Métricas Fold 4 - KNN-LBP+LPQ-Specialist-peperomia_tetraphylla:
   📊 Acurácia: 84.8148%
   📊 F1: 91.3074%
   📊 Recall: 89.7222%
   📊 Precision: 92.9496%
----------------------------------------
~~~~~~~~~~~~~~~~~~~~~~~~~

~~ Fold 5 ~~
Melhores parâmetros: {'knn__metric': 'euclidean', 'knn__n_neighbors': 9}
----------------------------------------
Métricas Fold 5 - KNN-LBP+LPQ-Specialist-peperomia_tetraphylla:
   📊 Acurácia: 89.1358%
   📊 F1: 93.8462%
   📊 Recall: 93.1944%
   📊 Precision: 94.5070%
----------------------------------------
~~~~~~~~~~~~~~~~~~~~~~~~~
==================================================

🎯 Treinando especialista 3/9: peperomia_urocarpa
=== Iniciando treinamento assistido: KNN-LBP+LPQ-Specialist-peperomia_urocarpa ===
Validação cruzada: 5 folds
==================================================

~~ Fold 1 ~~
Melhores parâmetros: {'knn__metric': 'euclidean', 'knn__n_neighbors': 9}
----------------------------------------
Métricas Fold 1 - KNN-LBP+LPQ-Specialist-peperomia_urocarpa:
   📊 Acurácia: 83.7037%
   📊 F1: 90.9091%
   📊 Recall: 91.6667%
   📊 Precision: 90.1639%
----------------------------------------
~~~~~~~~~~~~~~~~~~~~~~~~~

~~ Fold 2 ~~
Melhores parâmetros: {'knn__metric': 'manhattan', 'knn__n_neighbors': 9}
----------------------------------------
Métricas Fold 2 - KNN-LBP+LPQ-Specialist-peperomia_urocarpa:
   📊 Acurácia: 83.4568%
   📊 F1: 90.7586%
   📊 Recall: 91.3889%
   📊 Precision: 90.1370%
----------------------------------------
~~~~~~~~~~~~~~~~~~~~~~~~~

~~ Fold 3 ~~
Melhores parâmetros: {'knn__metric': 'manhattan', 'knn__n_neighbors': 9}
----------------------------------------
Métricas Fold 3 - KNN-LBP+LPQ-Specialist-peperomia_urocarpa:
   📊 Acurácia: 85.3086%
   📊 F1: 91.9431%
   📊 Recall: 94.3056%
   📊 Precision: 89.6962%
----------------------------------------
~~~~~~~~~~~~~~~~~~~~~~~~~

~~ Fold 4 ~~
Melhores parâmetros: {'knn__metric': 'euclidean', 'knn__n_neighbors': 9}
----------------------------------------
Métricas Fold 4 - KNN-LBP+LPQ-Specialist-peperomia_urocarpa:
   📊 Acurácia: 84.6914%
   📊 F1: 91.4601%
   📊 Recall: 92.2222%
   📊 Precision: 90.7104%
----------------------------------------
~~~~~~~~~~~~~~~~~~~~~~~~~

~~ Fold 5 ~~
Melhores parâmetros: {'knn__metric': 'manhattan', 'knn__n_neighbors': 9}
----------------------------------------
Métricas Fold 5 - KNN-LBP+LPQ-Specialist-peperomia_urocarpa:
   📊 Acurácia: 85.0617%
   📊 F1: 91.7743%
   📊 Recall: 93.7500%
   📊 Precision: 89.8802%
----------------------------------------
~~~~~~~~~~~~~~~~~~~~~~~~~
==================================================

🎯 Treinando especialista 4/9: piper_amalago
=== Iniciando treinamento assistido: KNN-LBP+LPQ-Specialist-piper_amalago ===
Validação cruzada: 5 folds
==================================================

~~ Fold 1 ~~
Melhores parâmetros: {'knn__metric': 'manhattan', 'knn__n_neighbors': 9}
----------------------------------------
Métricas Fold 1 - KNN-LBP+LPQ-Specialist-piper_amalago:
   📊 Acurácia: 86.7901%
   📊 F1: 92.9092%
   📊 Recall: 97.3611%
   📊 Precision: 88.8466%
----------------------------------------
~~~~~~~~~~~~~~~~~~~~~~~~~

~~ Fold 2 ~~
Melhores parâmetros: {'knn__metric': 'manhattan', 'knn__n_neighbors': 9}
----------------------------------------
Métricas Fold 2 - KNN-LBP+LPQ-Specialist-piper_amalago:
   📊 Acurácia: 88.7654%
   📊 F1: 94.0328%
   📊 Recall: 99.5833%
   📊 Precision: 89.0683%
----------------------------------------
~~~~~~~~~~~~~~~~~~~~~~~~~

~~ Fold 3 ~~
Melhores parâmetros: {'knn__metric': 'manhattan', 'knn__n_neighbors': 9}
----------------------------------------
Métricas Fold 3 - KNN-LBP+LPQ-Specialist-piper_amalago:
   📊 Acurácia: 88.0247%
   📊 F1: 93.6226%
   📊 Recall: 98.8889%
   📊 Precision: 88.8889%
----------------------------------------
~~~~~~~~~~~~~~~~~~~~~~~~~

~~ Fold 4 ~~
Melhores parâmetros: {'knn__metric': 'euclidean', 'knn__n_neighbors': 9}
----------------------------------------
Métricas Fold 4 - KNN-LBP+LPQ-Specialist-piper_amalago:
   📊 Acurácia: 88.8889%
   📊 F1: 94.1099%
   📊 Recall: 99.8611%
   📊 Precision: 88.9851%
----------------------------------------
~~~~~~~~~~~~~~~~~~~~~~~~~

~~ Fold 5 ~~
Melhores parâmetros: {'knn__metric': 'manhattan', 'knn__n_neighbors': 9}
----------------------------------------
Métricas Fold 5 - KNN-LBP+LPQ-Specialist-piper_amalago:
   📊 Acurácia: 88.5185%
   📊 F1: 93.9016%
   📊 Recall: 99.4444%
   📊 Precision: 88.9441%
----------------------------------------
~~~~~~~~~~~~~~~~~~~~~~~~~
==================================================

🎯 Treinando especialista 5/9: piper_gaudichaudianum
=== Iniciando treinamento assistido: KNN-LBP+LPQ-Specialist-piper_gaudichaudianum ===
Validação cruzada: 5 folds
==================================================

~~ Fold 1 ~~
Melhores parâmetros: {'knn__metric': 'euclidean', 'knn__n_neighbors': 9}
----------------------------------------
Métricas Fold 1 - KNN-LBP+LPQ-Specialist-piper_gaudichaudianum:
   📊 Acurácia: 85.1852%
   📊 F1: 91.9679%
   📊 Recall: 95.4167%
   📊 Precision: 88.7597%
----------------------------------------
~~~~~~~~~~~~~~~~~~~~~~~~~

~~ Fold 2 ~~
Melhores parâmetros: {'knn__metric': 'manhattan', 'knn__n_neighbors': 9}
----------------------------------------
Métricas Fold 2 - KNN-LBP+LPQ-Specialist-piper_gaudichaudianum:
   📊 Acurácia: 85.8025%
   📊 F1: 92.2974%
   📊 Recall: 95.6944%
   📊 Precision: 89.1332%
----------------------------------------
~~~~~~~~~~~~~~~~~~~~~~~~~

~~ Fold 3 ~~
Melhores parâmetros: {'knn__metric': 'euclidean', 'knn__n_neighbors': 9}
----------------------------------------
Métricas Fold 3 - KNN-LBP+LPQ-Specialist-piper_gaudichaudianum:
   📊 Acurácia: 87.0370%
   📊 F1: 92.9860%
   📊 Recall: 96.6667%
   📊 Precision: 89.5753%
----------------------------------------
~~~~~~~~~~~~~~~~~~~~~~~~~

~~ Fold 4 ~~
Melhores parâmetros: {'knn__metric': 'manhattan', 'knn__n_neighbors': 9}
----------------------------------------
Métricas Fold 4 - KNN-LBP+LPQ-Specialist-piper_gaudichaudianum:
   📊 Acurácia: 84.6914%
   📊 F1: 91.7001%
   📊 Recall: 95.1389%
   📊 Precision: 88.5013%
----------------------------------------
~~~~~~~~~~~~~~~~~~~~~~~~~

~~ Fold 5 ~~
Melhores parâmetros: {'knn__metric': 'manhattan', 'knn__n_neighbors': 9}
----------------------------------------
Métricas Fold 5 - KNN-LBP+LPQ-Specialist-piper_gaudichaudianum:
   📊 Acurácia: 86.9136%
   📊 F1: 92.9894%
   📊 Recall: 97.6389%
   📊 Precision: 88.7626%
----------------------------------------
~~~~~~~~~~~~~~~~~~~~~~~~~
==================================================

🎯 Treinando especialista 6/9: piper_glabratum
=== Iniciando treinamento assistido: KNN-LBP+LPQ-Specialist-piper_glabratum ===
Validação cruzada: 5 folds
==================================================

~~ Fold 1 ~~
Melhores parâmetros: {'knn__metric': 'manhattan', 'knn__n_neighbors': 9}
----------------------------------------
Métricas Fold 1 - KNN-LBP+LPQ-Specialist-piper_glabratum:
   📊 Acurácia: 88.7654%
   📊 F1: 94.0328%
   📊 Recall: 99.5833%
   📊 Precision: 89.0683%
----------------------------------------
~~~~~~~~~~~~~~~~~~~~~~~~~

~~ Fold 2 ~~
Melhores parâmetros: {'knn__metric': 'euclidean', 'knn__n_neighbors': 9}
----------------------------------------
Métricas Fold 2 - KNN-LBP+LPQ-Specialist-piper_glabratum:
   📊 Acurácia: 88.8889%
   📊 F1: 94.1022%
   📊 Recall: 99.7222%
   📊 Precision: 89.0819%
----------------------------------------
~~~~~~~~~~~~~~~~~~~~~~~~~

~~ Fold 3 ~~
Melhores parâmetros: {'knn__metric': 'manhattan', 'knn__n_neighbors': 9}
----------------------------------------
Métricas Fold 3 - KNN-LBP+LPQ-Specialist-piper_glabratum:
   📊 Acurácia: 88.5185%
   📊 F1: 93.9096%
   📊 Recall: 99.5833%
   📊 Precision: 88.8476%
----------------------------------------
~~~~~~~~~~~~~~~~~~~~~~~~~

~~ Fold 4 ~~
Melhores parâmetros: {'knn__metric': 'manhattan', 'knn__n_neighbors': 9}
----------------------------------------
Métricas Fold 4 - KNN-LBP+LPQ-Specialist-piper_glabratum:
   📊 Acurácia: 88.5185%
   📊 F1: 93.9016%
   📊 Recall: 99.4444%
   📊 Precision: 88.9441%
----------------------------------------
~~~~~~~~~~~~~~~~~~~~~~~~~

~~ Fold 5 ~~
Melhores parâmetros: {'knn__metric': 'manhattan', 'knn__n_neighbors': 9}
----------------------------------------
Métricas Fold 5 - KNN-LBP+LPQ-Specialist-piper_glabratum:
   📊 Acurácia: 88.3951%
   📊 F1: 93.8320%
   📊 Recall: 99.3056%
   📊 Precision: 88.9303%
----------------------------------------
~~~~~~~~~~~~~~~~~~~~~~~~~
==================================================

🎯 Treinando especialista 7/9: piper_hispidum
=== Iniciando treinamento assistido: KNN-LBP+LPQ-Specialist-piper_hispidum ===
Validação cruzada: 5 folds
==================================================

~~ Fold 1 ~~
Melhores parâmetros: {'knn__metric': 'euclidean', 'knn__n_neighbors': 9}
----------------------------------------
Métricas Fold 1 - KNN-LBP+LPQ-Specialist-piper_hispidum:
   📊 Acurácia: 88.6420%
   📊 F1: 93.9474%
   📊 Recall: 99.1667%
   📊 Precision: 89.2500%
----------------------------------------
~~~~~~~~~~~~~~~~~~~~~~~~~

~~ Fold 2 ~~
Melhores parâmetros: {'knn__metric': 'manhattan', 'knn__n_neighbors': 9}
----------------------------------------
Métricas Fold 2 - KNN-LBP+LPQ-Specialist-piper_hispidum:
   📊 Acurácia: 86.2963%
   📊 F1: 92.6148%
   📊 Recall: 96.6667%
   📊 Precision: 88.8889%
----------------------------------------
~~~~~~~~~~~~~~~~~~~~~~~~~

~~ Fold 3 ~~
Melhores parâmetros: {'knn__metric': 'euclidean', 'knn__n_neighbors': 9}
----------------------------------------
Métricas Fold 3 - KNN-LBP+LPQ-Specialist-piper_hispidum:
   📊 Acurácia: 87.1605%
   📊 F1: 93.1217%
   📊 Recall: 97.7778%
   📊 Precision: 88.8889%
----------------------------------------
~~~~~~~~~~~~~~~~~~~~~~~~~

~~ Fold 4 ~~
Melhores parâmetros: {'knn__metric': 'manhattan', 'knn__n_neighbors': 9}
----------------------------------------
Métricas Fold 4 - KNN-LBP+LPQ-Specialist-piper_hispidum:
   📊 Acurácia: 85.1852%
   📊 F1: 91.9893%
   📊 Recall: 95.6944%
   📊 Precision: 88.5604%
----------------------------------------
~~~~~~~~~~~~~~~~~~~~~~~~~

~~ Fold 5 ~~
Melhores parâmetros: {'knn__metric': 'euclidean', 'knn__n_neighbors': 9}
----------------------------------------
Métricas Fold 5 - KNN-LBP+LPQ-Specialist-piper_hispidum:
   📊 Acurácia: 86.6667%
   📊 F1: 92.8382%
   📊 Recall: 97.2222%
   📊 Precision: 88.8325%
----------------------------------------
~~~~~~~~~~~~~~~~~~~~~~~~~
==================================================

🎯 Treinando especialista 8/9: piper_miquelianum
=== Iniciando treinamento assistido: KNN-LBP+LPQ-Specialist-piper_miquelianum ===
Validação cruzada: 5 folds
==================================================

~~ Fold 1 ~~
Melhores parâmetros: {'knn__metric': 'manhattan', 'knn__n_neighbors': 9}
----------------------------------------
Métricas Fold 1 - KNN-LBP+LPQ-Specialist-piper_miquelianum:
   📊 Acurácia: 87.0370%
   📊 F1: 93.0510%
   📊 Recall: 97.6389%
   📊 Precision: 88.8748%
----------------------------------------
~~~~~~~~~~~~~~~~~~~~~~~~~

~~ Fold 2 ~~
Melhores parâmetros: {'knn__metric': 'euclidean', 'knn__n_neighbors': 9}
----------------------------------------
Métricas Fold 2 - KNN-LBP+LPQ-Specialist-piper_miquelianum:
   📊 Acurácia: 87.9012%
   📊 F1: 93.5356%
   📊 Recall: 98.4722%
   📊 Precision: 89.0704%
----------------------------------------
~~~~~~~~~~~~~~~~~~~~~~~~~

~~ Fold 3 ~~
Melhores parâmetros: {'knn__metric': 'manhattan', 'knn__n_neighbors': 9}
----------------------------------------
Métricas Fold 3 - KNN-LBP+LPQ-Specialist-piper_miquelianum:
   📊 Acurácia: 89.1358%
   📊 F1: 94.2257%
   📊 Recall: 99.7222%
   📊 Precision: 89.3035%
----------------------------------------
~~~~~~~~~~~~~~~~~~~~~~~~~

~~ Fold 4 ~~
Melhores parâmetros: {'knn__metric': 'manhattan', 'knn__n_neighbors': 9}
----------------------------------------
Métricas Fold 4 - KNN-LBP+LPQ-Specialist-piper_miquelianum:
   📊 Acurácia: 87.5309%
   📊 F1: 93.3333%
   📊 Recall: 98.1944%
   📊 Precision: 88.9308%
----------------------------------------
~~~~~~~~~~~~~~~~~~~~~~~~~

~~ Fold 5 ~~
Melhores parâmetros: {'knn__metric': 'euclidean', 'knn__n_neighbors': 9}
----------------------------------------
Métricas Fold 5 - KNN-LBP+LPQ-Specialist-piper_miquelianum:
   📊 Acurácia: 86.0494%
   📊 F1: 92.4516%
   📊 Recall: 96.1111%
   📊 Precision: 89.0605%
----------------------------------------
~~~~~~~~~~~~~~~~~~~~~~~~~
==================================================

🎯 Treinando especialista 9/9: piper_xylosteoides
=== Iniciando treinamento assistido: KNN-LBP+LPQ-Specialist-piper_xylosteoides ===
Validação cruzada: 5 folds
==================================================

~~ Fold 1 ~~
Melhores parâmetros: {'knn__metric': 'euclidean', 'knn__n_neighbors': 9}
----------------------------------------
Métricas Fold 1 - KNN-LBP+LPQ-Specialist-piper_xylosteoides:
   📊 Acurácia: 85.3086%
   📊 F1: 92.0295%
   📊 Recall: 95.4167%
   📊 Precision: 88.8745%
----------------------------------------
~~~~~~~~~~~~~~~~~~~~~~~~~

~~ Fold 2 ~~
Melhores parâmetros: {'knn__metric': 'manhattan', 'knn__n_neighbors': 9}
----------------------------------------
Métricas Fold 2 - KNN-LBP+LPQ-Specialist-piper_xylosteoides:
   📊 Acurácia: 86.7901%
   📊 F1: 92.8524%
   📊 Recall: 96.5278%
   📊 Precision: 89.4466%
----------------------------------------
~~~~~~~~~~~~~~~~~~~~~~~~~

~~ Fold 3 ~~
Melhores parâmetros: {'knn__metric': 'euclidean', 'knn__n_neighbors': 9}
----------------------------------------
Métricas Fold 3 - KNN-LBP+LPQ-Specialist-piper_xylosteoides:
   📊 Acurácia: 86.6667%
   📊 F1: 92.7807%
   📊 Recall: 96.3889%
   📊 Precision: 89.4330%
----------------------------------------
~~~~~~~~~~~~~~~~~~~~~~~~~

~~ Fold 4 ~~
Melhores parâmetros: {'knn__metric': 'manhattan', 'knn__n_neighbors': 9}
----------------------------------------
Métricas Fold 4 - KNN-LBP+LPQ-Specialist-piper_xylosteoides:
   📊 Acurácia: 86.1728%
   📊 F1: 92.5134%
   📊 Recall: 96.1111%
   📊 Precision: 89.1753%
----------------------------------------
~~~~~~~~~~~~~~~~~~~~~~~~~

~~ Fold 5 ~~
Melhores parâmetros: {'knn__metric': 'euclidean', 'knn__n_neighbors': 9}
----------------------------------------
Métricas Fold 5 - KNN-LBP+LPQ-Specialist-piper_xylosteoides:
   📊 Acurácia: 87.5309%
   📊 F1: 93.3157%
   📊 Recall: 97.9167%
   📊 Precision: 89.1277%
----------------------------------------
~~~~~~~~~~~~~~~~~~~~~~~~~
==================================================

🎉 Treinamento de especialistas KNN-LBP+LPQ concluído!
   ✅ 9 especialistas treinados com sucesso
   📦 Array retornado: raw_probabilities[i] = probabilidades do especialista da classe i
============================================================
⏱️ Tempo de execução (KNN-LBP+LPQ): 2m 19.86s
########################################
Métricas Finais Relevância KNN LBP+LPQ:
   📊 Acurácia: 45.3333%
   📊 F1: 43.3656%
   📊 Recall: 45.3333%
   📊 Precision: 44.9747%
----------------------------------------
Métricas de Treinamento dos Especialistas:
   Especialista classe 0:
      1️⃣ Acurácia Média: 84.6667% +- 0.5652%
        | Folds: 85.6790%, 83.9506%, 84.5679%, 84.4444%, 84.6914%
      2️⃣ F1 Média: 91.4709% +- 0.3687%
        | Folds: 92.1196%, 90.9972%, 91.4207%, 91.2983%, 91.5185%
      3️⃣ Recall Médio: 92.5278% +- 0.9992%
        | Folds: 94.1667%, 91.2500%, 92.5000%, 91.8056%, 92.9167%
      4️⃣ Precision Média: 90.4460% +- 0.2764%
        | Folds: 90.1596%, 90.7459%, 90.3664%, 90.7967%, 90.1617%
   Especialista classe 1:
      1️⃣ Acurácia Média: 87.3827% +- 1.6236%
        | Folds: 86.9136%, 86.9136%, 89.1358%, 84.8148%, 89.1358%
      2️⃣ F1 Média: 92.8005% +- 0.9759%
        | Folds: 92.4929%, 92.4501%, 93.9058%, 91.3074%, 93.8462%
      3️⃣ Recall Médio: 91.5833% +- 1.7669%
        | Folds: 90.6944%, 90.1389%, 94.1667%, 89.7222%, 93.1944%
      4️⃣ Precision Média: 94.0701% +- 0.6889%
        | Folds: 94.3642%, 94.8830%, 93.6464%, 92.9496%, 94.5070%
   Especialista classe 2:
      1️⃣ Acurácia Média: 84.4444% +- 0.7366%
        | Folds: 83.7037%, 83.4568%, 85.3086%, 84.6914%, 85.0617%
      2️⃣ F1 Média: 91.3690% +- 0.4661%
        | Folds: 90.9091%, 90.7586%, 91.9431%, 91.4601%, 91.7743%
      3️⃣ Recall Médio: 92.6667% +- 1.1567%
        | Folds: 91.6667%, 91.3889%, 94.3056%, 92.2222%, 93.7500%
      4️⃣ Precision Média: 90.1175% +- 0.3429%
        | Folds: 90.1639%, 90.1370%, 89.6962%, 90.7104%, 89.8802%
   Especialista classe 3:
      1️⃣ Acurácia Média: 88.1975% +- 0.7634%
        | Folds: 86.7901%, 88.7654%, 88.0247%, 88.8889%, 88.5185%
      2️⃣ F1 Média: 93.7152% +- 0.4358%
        | Folds: 92.9092%, 94.0328%, 93.6226%, 94.1099%, 93.9016%
      3️⃣ Recall Médio: 99.0278% +- 0.8915%
        | Folds: 97.3611%, 99.5833%, 98.8889%, 99.8611%, 99.4444%
      4️⃣ Precision Média: 88.9466% +- 0.0770%
        | Folds: 88.8466%, 89.0683%, 88.8889%, 88.9851%, 88.9441%
   Especialista classe 4:
      1️⃣ Acurácia Média: 85.9259% +- 0.9272%
        | Folds: 85.1852%, 85.8025%, 87.0370%, 84.6914%, 86.9136%
      2️⃣ F1 Média: 92.3882% +- 0.5248%
        | Folds: 91.9679%, 92.2974%, 92.9860%, 91.7001%, 92.9894%
      3️⃣ Recall Médio: 96.1111% +- 0.9213%
        | Folds: 95.4167%, 95.6944%, 96.6667%, 95.1389%, 97.6389%
      4️⃣ Precision Média: 88.9464% +- 0.3734%
        | Folds: 88.7597%, 89.1332%, 89.5753%, 88.5013%, 88.7626%
   Especialista classe 5:
      1️⃣ Acurácia Média: 88.6173% +- 0.1814%
        | Folds: 88.7654%, 88.8889%, 88.5185%, 88.5185%, 88.3951%
      2️⃣ F1 Média: 93.9557% +- 0.0977%
        | Folds: 94.0328%, 94.1022%, 93.9096%, 93.9016%, 93.8320%
      3️⃣ Recall Médio: 99.5278% +- 0.1416%
        | Folds: 99.5833%, 99.7222%, 99.5833%, 99.4444%, 99.3056%
      4️⃣ Precision Média: 88.9744% +- 0.0887%
        | Folds: 89.0683%, 89.0819%, 88.8476%, 88.9441%, 88.9303%
   Especialista classe 6:
      1️⃣ Acurácia Média: 86.7901% +- 1.1315%
        | Folds: 88.6420%, 86.2963%, 87.1605%, 85.1852%, 86.6667%
      2️⃣ F1 Média: 92.9023% +- 0.6420%
        | Folds: 93.9474%, 92.6148%, 93.1217%, 91.9893%, 92.8382%
      3️⃣ Recall Médio: 97.3056% +- 1.1574%
        | Folds: 99.1667%, 96.6667%, 97.7778%, 95.6944%, 97.2222%
      4️⃣ Precision Média: 88.8841% +- 0.2197%
        | Folds: 89.2500%, 88.8889%, 88.8889%, 88.5604%, 88.8325%
   Especialista classe 7:
      1️⃣ Acurácia Média: 87.5309% +- 1.0151%
        | Folds: 87.0370%, 87.9012%, 89.1358%, 87.5309%, 86.0494%
      2️⃣ F1 Média: 93.3194% +- 0.5820%
        | Folds: 93.0510%, 93.5356%, 94.2257%, 93.3333%, 92.4516%
      3️⃣ Recall Médio: 98.0278% +- 1.1765%
        | Folds: 97.6389%, 98.4722%, 99.7222%, 98.1944%, 96.1111%
      4️⃣ Precision Média: 89.0480% +- 0.1481%
        | Folds: 88.8748%, 89.0704%, 89.3035%, 88.9308%, 89.0605%
   Especialista classe 8:
      1️⃣ Acurácia Média: 86.4938% +- 0.7350%
        | Folds: 85.3086%, 86.7901%, 86.6667%, 86.1728%, 87.5309%
      2️⃣ F1 Média: 92.6983% +- 0.4227%
        | Folds: 92.0295%, 92.8524%, 92.7807%, 92.5134%, 93.3157%
      3️⃣ Recall Médio: 96.4722% +- 0.8174%
        | Folds: 95.4167%, 96.5278%, 96.3889%, 96.1111%, 97.9167%
      4️⃣ Precision Média: 89.2114% +- 0.2127%
        | Folds: 88.8745%, 89.4466%, 89.4330%, 89.1753%, 89.1277%
########################################
📊 Exportando resultados para CSV: KNN_LBP_LPQ
   📁 Arquivo com os resultados: results/csv_exports/knn_lbp_lpq_results.csv
   📁 Arquivo com as métricas: results/csv_exports/knn_lbp_lpq_metrics.csv
   🎯 Imagens: 450 amostras
--------------------------------------------------
   ✅ 450 linhas escritas com sucesso
   💾 Arquivo salvo: results/csv_exports/knn_lbp_lpq_results.csv
   ✅ 55 linhas de métricas escritas com sucesso
   💾 Arquivo salvo: results/csv_exports/knn_lbp_lpq_metrics.csv
==================================================

📊 Calculando relevância GLCM+LPQ...
🚀 Iniciando treinamento de especialistas KNN-GLCM+LPQ
   📋 9 especialistas para treinar
   🔄 Validação cruzada: 5 folds
------------------------------------------------------------

🎯 Treinando especialista 1/9: peperomia_glabella
=== Iniciando treinamento assistido: KNN-GLCM+LPQ-Specialist-peperomia_glabella ===
Validação cruzada: 5 folds
==================================================

~~ Fold 1 ~~
Melhores parâmetros: {'knn__metric': 'euclidean', 'knn__n_neighbors': 9}
----------------------------------------
Métricas Fold 1 - KNN-GLCM+LPQ-Specialist-peperomia_glabella:
   📊 Acurácia: 84.9383%
   📊 F1: 91.5512%
   📊 Recall: 91.8056%
   📊 Precision: 91.2983%
----------------------------------------
~~~~~~~~~~~~~~~~~~~~~~~~~

~~ Fold 2 ~~
Melhores parâmetros: {'knn__metric': 'euclidean', 'knn__n_neighbors': 9}
----------------------------------------
Métricas Fold 2 - KNN-GLCM+LPQ-Specialist-peperomia_glabella:
   📊 Acurácia: 85.5556%
   📊 F1: 91.8467%
   📊 Recall: 91.5278%
   📊 Precision: 92.1678%
----------------------------------------
~~~~~~~~~~~~~~~~~~~~~~~~~

~~ Fold 3 ~~
Melhores parâmetros: {'knn__metric': 'euclidean', 'knn__n_neighbors': 9}
----------------------------------------
Métricas Fold 3 - KNN-GLCM+LPQ-Specialist-peperomia_glabella:
   📊 Acurácia: 85.1852%
   📊 F1: 91.7695%
   📊 Recall: 92.9167%
   📊 Precision: 90.6504%
----------------------------------------
~~~~~~~~~~~~~~~~~~~~~~~~~

~~ Fold 4 ~~
Melhores parâmetros: {'knn__metric': 'euclidean', 'knn__n_neighbors': 9}
----------------------------------------
Métricas Fold 4 - KNN-GLCM+LPQ-Specialist-peperomia_glabella:
   📊 Acurácia: 85.9259%
   📊 F1: 92.0833%
   📊 Recall: 92.0833%
   📊 Precision: 92.0833%
----------------------------------------
~~~~~~~~~~~~~~~~~~~~~~~~~

~~ Fold 5 ~~
Melhores parâmetros: {'knn__metric': 'euclidean', 'knn__n_neighbors': 7}
----------------------------------------
Métricas Fold 5 - KNN-GLCM+LPQ-Specialist-peperomia_glabella:
   📊 Acurácia: 86.5432%
   📊 F1: 92.5597%
   📊 Recall: 94.1667%
   📊 Precision: 91.0067%
----------------------------------------
~~~~~~~~~~~~~~~~~~~~~~~~~
==================================================

🎯 Treinando especialista 2/9: peperomia_tetraphylla
=== Iniciando treinamento assistido: KNN-GLCM+LPQ-Specialist-peperomia_tetraphylla ===
Validação cruzada: 5 folds
==================================================

~~ Fold 1 ~~
Melhores parâmetros: {'knn__metric': 'euclidean', 'knn__n_neighbors': 9}
----------------------------------------
Métricas Fold 1 - KNN-GLCM+LPQ-Specialist-peperomia_tetraphylla:
   📊 Acurácia: 88.8889%
   📊 F1: 93.6709%
   📊 Recall: 92.5000%
   📊 Precision: 94.8718%
----------------------------------------
~~~~~~~~~~~~~~~~~~~~~~~~~

~~ Fold 2 ~~
Melhores parâmetros: {'knn__metric': 'euclidean', 'knn__n_neighbors': 9}
----------------------------------------
Métricas Fold 2 - KNN-GLCM+LPQ-Specialist-peperomia_tetraphylla:
   📊 Acurácia: 88.7654%
   📊 F1: 93.5507%
   📊 Recall: 91.6667%
   📊 Precision: 95.5137%
----------------------------------------
~~~~~~~~~~~~~~~~~~~~~~~~~

~~ Fold 3 ~~
Melhores parâmetros: {'knn__metric': 'manhattan', 'knn__n_neighbors': 9}
----------------------------------------
Métricas Fold 3 - KNN-GLCM+LPQ-Specialist-peperomia_tetraphylla:
   📊 Acurácia: 89.6296%
   📊 F1: 94.1667%
   📊 Recall: 94.1667%
   📊 Precision: 94.1667%
----------------------------------------
~~~~~~~~~~~~~~~~~~~~~~~~~

~~ Fold 4 ~~
Melhores parâmetros: {'knn__metric': 'euclidean', 'knn__n_neighbors': 9}
----------------------------------------
Métricas Fold 4 - KNN-GLCM+LPQ-Specialist-peperomia_tetraphylla:
   📊 Acurácia: 86.6667%
   📊 F1: 92.4157%
   📊 Recall: 91.3889%
   📊 Precision: 93.4659%
----------------------------------------
~~~~~~~~~~~~~~~~~~~~~~~~~

~~ Fold 5 ~~
Melhores parâmetros: {'knn__metric': 'manhattan', 'knn__n_neighbors': 7}
----------------------------------------
Métricas Fold 5 - KNN-GLCM+LPQ-Specialist-peperomia_tetraphylla:
   📊 Acurácia: 89.6296%
   📊 F1: 94.1423%
   📊 Recall: 93.7500%
   📊 Precision: 94.5378%
----------------------------------------
~~~~~~~~~~~~~~~~~~~~~~~~~
==================================================

🎯 Treinando especialista 3/9: peperomia_urocarpa
=== Iniciando treinamento assistido: KNN-GLCM+LPQ-Specialist-peperomia_urocarpa ===
Validação cruzada: 5 folds
==================================================

~~ Fold 1 ~~
Melhores parâmetros: {'knn__metric': 'manhattan', 'knn__n_neighbors': 9}
----------------------------------------
Métricas Fold 1 - KNN-GLCM+LPQ-Specialist-peperomia_urocarpa:
   📊 Acurácia: 83.4568%
   📊 F1: 90.6944%
   📊 Recall: 90.6944%
   📊 Precision: 90.6944%
----------------------------------------
~~~~~~~~~~~~~~~~~~~~~~~~~

~~ Fold 2 ~~
Melhores parâmetros: {'knn__metric': 'manhattan', 'knn__n_neighbors': 9}
----------------------------------------
Métricas Fold 2 - KNN-GLCM+LPQ-Specialist-peperomia_urocarpa:
   📊 Acurácia: 81.7284%
   📊 F1: 89.5921%
   📊 Recall: 88.4722%
   📊 Precision: 90.7407%
----------------------------------------
~~~~~~~~~~~~~~~~~~~~~~~~~

~~ Fold 3 ~~
Melhores parâmetros: {'knn__metric': 'euclidean', 'knn__n_neighbors': 9}
----------------------------------------
Métricas Fold 3 - KNN-GLCM+LPQ-Specialist-peperomia_urocarpa:
   📊 Acurácia: 84.4444%
   📊 F1: 91.2621%
   📊 Recall: 91.3889%
   📊 Precision: 91.1357%
----------------------------------------
~~~~~~~~~~~~~~~~~~~~~~~~~

~~ Fold 4 ~~
Melhores parâmetros: {'knn__metric': 'manhattan', 'knn__n_neighbors': 9}
----------------------------------------
Métricas Fold 4 - KNN-GLCM+LPQ-Specialist-peperomia_urocarpa:
   📊 Acurácia: 84.9383%
   📊 F1: 91.4804%
   📊 Recall: 90.9722%
   📊 Precision: 91.9944%
----------------------------------------
~~~~~~~~~~~~~~~~~~~~~~~~~

~~ Fold 5 ~~
Melhores parâmetros: {'knn__metric': 'euclidean', 'knn__n_neighbors': 9}
----------------------------------------
Métricas Fold 5 - KNN-GLCM+LPQ-Specialist-peperomia_urocarpa:
   📊 Acurácia: 84.6914%
   📊 F1: 91.4127%
   📊 Recall: 91.6667%
   📊 Precision: 91.1602%
----------------------------------------
~~~~~~~~~~~~~~~~~~~~~~~~~
==================================================

🎯 Treinando especialista 4/9: piper_amalago
=== Iniciando treinamento assistido: KNN-GLCM+LPQ-Specialist-piper_amalago ===
Validação cruzada: 5 folds
==================================================

~~ Fold 1 ~~
Melhores parâmetros: {'knn__metric': 'euclidean', 'knn__n_neighbors': 9}
----------------------------------------
Métricas Fold 1 - KNN-GLCM+LPQ-Specialist-piper_amalago:
   📊 Acurácia: 82.3457%
   📊 F1: 90.2787%
   📊 Recall: 92.2222%
   📊 Precision: 88.4154%
----------------------------------------
~~~~~~~~~~~~~~~~~~~~~~~~~

~~ Fold 2 ~~
Melhores parâmetros: {'knn__metric': 'manhattan', 'knn__n_neighbors': 9}
----------------------------------------
Métricas Fold 2 - KNN-GLCM+LPQ-Specialist-piper_amalago:
   📊 Acurácia: 82.3457%
   📊 F1: 90.2522%
   📊 Recall: 91.9444%
   📊 Precision: 88.6212%
----------------------------------------
~~~~~~~~~~~~~~~~~~~~~~~~~

~~ Fold 3 ~~
Melhores parâmetros: {'knn__metric': 'euclidean', 'knn__n_neighbors': 9}
----------------------------------------
Métricas Fold 3 - KNN-GLCM+LPQ-Specialist-piper_amalago:
   📊 Acurácia: 83.7037%
   📊 F1: 91.0931%
   📊 Recall: 93.7500%
   📊 Precision: 88.5827%
----------------------------------------
~~~~~~~~~~~~~~~~~~~~~~~~~

~~ Fold 4 ~~
Melhores parâmetros: {'knn__metric': 'euclidean', 'knn__n_neighbors': 9}
----------------------------------------
Métricas Fold 4 - KNN-GLCM+LPQ-Specialist-piper_amalago:
   📊 Acurácia: 82.9630%
   📊 F1: 90.6122%
   📊 Recall: 92.5000%
   📊 Precision: 88.8000%
----------------------------------------
~~~~~~~~~~~~~~~~~~~~~~~~~

~~ Fold 5 ~~
Melhores parâmetros: {'knn__metric': 'euclidean', 'knn__n_neighbors': 9}
----------------------------------------
Métricas Fold 5 - KNN-GLCM+LPQ-Specialist-piper_amalago:
   📊 Acurácia: 82.7160%
   📊 F1: 90.4632%
   📊 Recall: 92.2222%
   📊 Precision: 88.7701%
----------------------------------------
~~~~~~~~~~~~~~~~~~~~~~~~~
==================================================

🎯 Treinando especialista 5/9: piper_gaudichaudianum
=== Iniciando treinamento assistido: KNN-GLCM+LPQ-Specialist-piper_gaudichaudianum ===
Validação cruzada: 5 folds
==================================================

~~ Fold 1 ~~
Melhores parâmetros: {'knn__metric': 'euclidean', 'knn__n_neighbors': 9}
----------------------------------------
Métricas Fold 1 - KNN-GLCM+LPQ-Specialist-piper_gaudichaudianum:
   📊 Acurácia: 83.3333%
   📊 F1: 90.8599%
   📊 Recall: 93.1944%
   📊 Precision: 88.6394%
----------------------------------------
~~~~~~~~~~~~~~~~~~~~~~~~~

~~ Fold 2 ~~
Melhores parâmetros: {'knn__metric': 'manhattan', 'knn__n_neighbors': 9}
----------------------------------------
Métricas Fold 2 - KNN-GLCM+LPQ-Specialist-piper_gaudichaudianum:
   📊 Acurácia: 82.7160%
   📊 F1: 90.4762%
   📊 Recall: 92.3611%
   📊 Precision: 88.6667%
----------------------------------------
~~~~~~~~~~~~~~~~~~~~~~~~~

~~ Fold 3 ~~
Melhores parâmetros: {'knn__metric': 'euclidean', 'knn__n_neighbors': 7}
----------------------------------------
Métricas Fold 3 - KNN-GLCM+LPQ-Specialist-piper_gaudichaudianum:
   📊 Acurácia: 84.6914%
   📊 F1: 91.5989%
   📊 Recall: 93.8889%
   📊 Precision: 89.4180%
----------------------------------------
~~~~~~~~~~~~~~~~~~~~~~~~~

~~ Fold 4 ~~
Melhores parâmetros: {'knn__metric': 'manhattan', 'knn__n_neighbors': 7}
----------------------------------------
Métricas Fold 4 - KNN-GLCM+LPQ-Specialist-piper_gaudichaudianum:
   📊 Acurácia: 83.3333%
   📊 F1: 90.8350%
   📊 Recall: 92.9167%
   📊 Precision: 88.8446%
----------------------------------------
~~~~~~~~~~~~~~~~~~~~~~~~~

~~ Fold 5 ~~
Melhores parâmetros: {'knn__metric': 'euclidean', 'knn__n_neighbors': 9}
----------------------------------------
Métricas Fold 5 - KNN-GLCM+LPQ-Specialist-piper_gaudichaudianum:
   📊 Acurácia: 82.8395%
   📊 F1: 90.5378%
   📊 Recall: 92.3611%
   📊 Precision: 88.7850%
----------------------------------------
~~~~~~~~~~~~~~~~~~~~~~~~~
==================================================

🎯 Treinando especialista 6/9: piper_glabratum
=== Iniciando treinamento assistido: KNN-GLCM+LPQ-Specialist-piper_glabratum ===
Validação cruzada: 5 folds
==================================================

~~ Fold 1 ~~
Melhores parâmetros: {'knn__metric': 'euclidean', 'knn__n_neighbors': 9}
----------------------------------------
Métricas Fold 1 - KNN-GLCM+LPQ-Specialist-piper_glabratum:
   📊 Acurácia: 82.4691%
   📊 F1: 90.3533%
   📊 Recall: 92.3611%
   📊 Precision: 88.4309%
----------------------------------------
~~~~~~~~~~~~~~~~~~~~~~~~~

~~ Fold 2 ~~
Melhores parâmetros: {'knn__metric': 'euclidean', 'knn__n_neighbors': 9}
----------------------------------------
Métricas Fold 2 - KNN-GLCM+LPQ-Specialist-piper_glabratum:
   📊 Acurácia: 82.3457%
   📊 F1: 90.2919%
   📊 Recall: 92.3611%
   📊 Precision: 88.3134%
----------------------------------------
~~~~~~~~~~~~~~~~~~~~~~~~~

~~ Fold 3 ~~
Melhores parâmetros: {'knn__metric': 'euclidean', 'knn__n_neighbors': 9}
----------------------------------------
Métricas Fold 3 - KNN-GLCM+LPQ-Specialist-piper_glabratum:
   📊 Acurácia: 83.8272%
   📊 F1: 91.1666%
   📊 Recall: 93.8889%
   📊 Precision: 88.5976%
----------------------------------------
~~~~~~~~~~~~~~~~~~~~~~~~~

~~ Fold 4 ~~
Melhores parâmetros: {'knn__metric': 'euclidean', 'knn__n_neighbors': 9}
----------------------------------------
Métricas Fold 4 - KNN-GLCM+LPQ-Specialist-piper_glabratum:
   📊 Acurácia: 82.8395%
   📊 F1: 90.5506%
   📊 Recall: 92.5000%
   📊 Precision: 88.6818%
----------------------------------------
~~~~~~~~~~~~~~~~~~~~~~~~~

~~ Fold 5 ~~
Melhores parâmetros: {'knn__metric': 'euclidean', 'knn__n_neighbors': 9}
----------------------------------------
Métricas Fold 5 - KNN-GLCM+LPQ-Specialist-piper_glabratum:
   📊 Acurácia: 81.9753%
   📊 F1: 90.0680%
   📊 Recall: 91.9444%
   📊 Precision: 88.2667%
----------------------------------------
~~~~~~~~~~~~~~~~~~~~~~~~~
==================================================

🎯 Treinando especialista 7/9: piper_hispidum
=== Iniciando treinamento assistido: KNN-GLCM+LPQ-Specialist-piper_hispidum ===
Validação cruzada: 5 folds
==================================================

~~ Fold 1 ~~
Melhores parâmetros: {'knn__metric': 'manhattan', 'knn__n_neighbors': 9}
----------------------------------------
Métricas Fold 1 - KNN-GLCM+LPQ-Specialist-piper_hispidum:
   📊 Acurácia: 82.5926%
   📊 F1: 90.3885%
   📊 Recall: 92.0833%
   📊 Precision: 88.7550%
----------------------------------------
~~~~~~~~~~~~~~~~~~~~~~~~~

~~ Fold 2 ~~
Melhores parâmetros: {'knn__metric': 'manhattan', 'knn__n_neighbors': 9}
----------------------------------------
Métricas Fold 2 - KNN-GLCM+LPQ-Specialist-piper_hispidum:
   📊 Acurácia: 82.8395%
   📊 F1: 90.5635%
   📊 Recall: 92.6389%
   📊 Precision: 88.5790%
----------------------------------------
~~~~~~~~~~~~~~~~~~~~~~~~~

~~ Fold 3 ~~
Melhores parâmetros: {'knn__metric': 'manhattan', 'knn__n_neighbors': 9}
----------------------------------------
Métricas Fold 3 - KNN-GLCM+LPQ-Specialist-piper_hispidum:
   📊 Acurácia: 83.9506%
   📊 F1: 91.2162%
   📊 Recall: 93.7500%
   📊 Precision: 88.8158%
----------------------------------------
~~~~~~~~~~~~~~~~~~~~~~~~~

~~ Fold 4 ~~
Melhores parâmetros: {'knn__metric': 'manhattan', 'knn__n_neighbors': 9}
----------------------------------------
Métricas Fold 4 - KNN-GLCM+LPQ-Specialist-piper_hispidum:
   📊 Acurácia: 82.5926%
   📊 F1: 90.4407%
   📊 Recall: 92.6389%
   📊 Precision: 88.3444%
----------------------------------------
~~~~~~~~~~~~~~~~~~~~~~~~~

~~ Fold 5 ~~
Melhores parâmetros: {'knn__metric': 'euclidean', 'knn__n_neighbors': 9}
----------------------------------------
Métricas Fold 5 - KNN-GLCM+LPQ-Specialist-piper_hispidum:
   📊 Acurácia: 82.2222%
   📊 F1: 90.1907%
   📊 Recall: 91.9444%
   📊 Precision: 88.5027%
----------------------------------------
~~~~~~~~~~~~~~~~~~~~~~~~~
==================================================

🎯 Treinando especialista 8/9: piper_miquelianum
=== Iniciando treinamento assistido: KNN-GLCM+LPQ-Specialist-piper_miquelianum ===
Validação cruzada: 5 folds
==================================================

~~ Fold 1 ~~
Melhores parâmetros: {'knn__metric': 'manhattan', 'knn__n_neighbors': 9}
----------------------------------------
Métricas Fold 1 - KNN-GLCM+LPQ-Specialist-piper_miquelianum:
   📊 Acurácia: 83.5802%
   📊 F1: 90.9215%
   📊 Recall: 92.5000%
   📊 Precision: 89.3960%
----------------------------------------
~~~~~~~~~~~~~~~~~~~~~~~~~

~~ Fold 2 ~~
Melhores parâmetros: {'knn__metric': 'manhattan', 'knn__n_neighbors': 9}
----------------------------------------
Métricas Fold 2 - KNN-GLCM+LPQ-Specialist-piper_miquelianum:
   📊 Acurácia: 84.1975%
   📊 F1: 91.2688%
   📊 Recall: 92.9167%
   📊 Precision: 89.6783%
----------------------------------------
~~~~~~~~~~~~~~~~~~~~~~~~~

~~ Fold 3 ~~
Melhores parâmetros: {'knn__metric': 'manhattan', 'knn__n_neighbors': 9}
----------------------------------------
Métricas Fold 3 - KNN-GLCM+LPQ-Specialist-piper_miquelianum:
   📊 Acurácia: 85.0617%
   📊 F1: 91.7631%
   📊 Recall: 93.6111%
   📊 Precision: 89.9866%
----------------------------------------
~~~~~~~~~~~~~~~~~~~~~~~~~

~~ Fold 4 ~~
Melhores parâmetros: {'knn__metric': 'manhattan', 'knn__n_neighbors': 9}
----------------------------------------
Métricas Fold 4 - KNN-GLCM+LPQ-Specialist-piper_miquelianum:
   📊 Acurácia: 83.0864%
   📊 F1: 90.6612%
   📊 Recall: 92.3611%
   📊 Precision: 89.0228%
----------------------------------------
~~~~~~~~~~~~~~~~~~~~~~~~~

~~ Fold 5 ~~
Melhores parâmetros: {'knn__metric': 'manhattan', 'knn__n_neighbors': 9}
----------------------------------------
Métricas Fold 5 - KNN-GLCM+LPQ-Specialist-piper_miquelianum:
   📊 Acurácia: 83.5802%
   📊 F1: 90.8339%
   📊 Recall: 91.5278%
   📊 Precision: 90.1505%
----------------------------------------
~~~~~~~~~~~~~~~~~~~~~~~~~
==================================================

🎯 Treinando especialista 9/9: piper_xylosteoides
=== Iniciando treinamento assistido: KNN-GLCM+LPQ-Specialist-piper_xylosteoides ===
Validação cruzada: 5 folds
==================================================

~~ Fold 1 ~~
Melhores parâmetros: {'knn__metric': 'euclidean', 'knn__n_neighbors': 7}
----------------------------------------
Métricas Fold 1 - KNN-GLCM+LPQ-Specialist-piper_xylosteoides:
   📊 Acurácia: 83.2099%
   📊 F1: 90.7357%
   📊 Recall: 92.5000%
   📊 Precision: 89.0374%
----------------------------------------
~~~~~~~~~~~~~~~~~~~~~~~~~

~~ Fold 2 ~~
Melhores parâmetros: {'knn__metric': 'euclidean', 'knn__n_neighbors': 9}
----------------------------------------
Métricas Fold 2 - KNN-GLCM+LPQ-Specialist-piper_xylosteoides:
   📊 Acurácia: 83.7037%
   📊 F1: 90.9836%
   📊 Recall: 92.5000%
   📊 Precision: 89.5161%
----------------------------------------
~~~~~~~~~~~~~~~~~~~~~~~~~

~~ Fold 3 ~~
Melhores parâmetros: {'knn__metric': 'euclidean', 'knn__n_neighbors': 9}
----------------------------------------
Métricas Fold 3 - KNN-GLCM+LPQ-Specialist-piper_xylosteoides:
   📊 Acurácia: 84.9383%
   📊 F1: 91.7456%
   📊 Recall: 94.1667%
   📊 Precision: 89.4459%
----------------------------------------
~~~~~~~~~~~~~~~~~~~~~~~~~

~~ Fold 4 ~~
Melhores parâmetros: {'knn__metric': 'manhattan', 'knn__n_neighbors': 9}
----------------------------------------
Métricas Fold 4 - KNN-GLCM+LPQ-Specialist-piper_xylosteoides:
   📊 Acurácia: 83.5802%
   📊 F1: 90.9339%
   📊 Recall: 92.6389%
   📊 Precision: 89.2905%
----------------------------------------
~~~~~~~~~~~~~~~~~~~~~~~~~

~~ Fold 5 ~~
Melhores parâmetros: {'knn__metric': 'euclidean', 'knn__n_neighbors': 9}
----------------------------------------
Métricas Fold 5 - KNN-GLCM+LPQ-Specialist-piper_xylosteoides:
   📊 Acurácia: 82.5926%
   📊 F1: 90.4016%
   📊 Recall: 92.2222%
   📊 Precision: 88.6515%
----------------------------------------
~~~~~~~~~~~~~~~~~~~~~~~~~
==================================================

🎉 Treinamento de especialistas KNN-GLCM+LPQ concluído!
   ✅ 9 especialistas treinados com sucesso
   📦 Array retornado: raw_probabilities[i] = probabilidades do especialista da classe i
============================================================
⏱️ Tempo de execução (KNN-GLCM+LPQ): 48.10 s
########################################
Métricas Finais Relevância KNN GLCM+LPQ:
   📊 Acurácia: 51.3333%
   📊 F1: 49.3265%
   📊 Recall: 51.3333%
   📊 Precision: 49.7460%
----------------------------------------
Métricas de Treinamento dos Especialistas:
   Especialista classe 0:
      1️⃣ Acurácia Média: 85.6296% +- 0.5663%
        | Folds: 84.9383%, 85.5556%, 85.1852%, 85.9259%, 86.5432%
      2️⃣ F1 Média: 91.9621% +- 0.3438%
        | Folds: 91.5512%, 91.8467%, 91.7695%, 92.0833%, 92.5597%
      3️⃣ Recall Médio: 92.5000% +- 0.9542%
        | Folds: 91.8056%, 91.5278%, 92.9167%, 92.0833%, 94.1667%
      4️⃣ Precision Média: 91.4413% +- 0.5958%
        | Folds: 91.2983%, 92.1678%, 90.6504%, 92.0833%, 91.0067%
   Especialista classe 1:
      1️⃣ Acurácia Média: 88.7160% +- 1.0864%
        | Folds: 88.8889%, 88.7654%, 89.6296%, 86.6667%, 89.6296%
      2️⃣ F1 Média: 93.5892% +- 0.6363%
        | Folds: 93.6709%, 93.5507%, 94.1667%, 92.4157%, 94.1423%
      3️⃣ Recall Médio: 92.6944% +- 1.1027%
        | Folds: 92.5000%, 91.6667%, 94.1667%, 91.3889%, 93.7500%
      4️⃣ Precision Média: 94.5112% +- 0.6852%
        | Folds: 94.8718%, 95.5137%, 94.1667%, 93.4659%, 94.5378%
   Especialista classe 2:
      1️⃣ Acurácia Média: 83.8519% +- 1.1749%
        | Folds: 83.4568%, 81.7284%, 84.4444%, 84.9383%, 84.6914%
      2️⃣ F1 Média: 90.8884% +- 0.7047%
        | Folds: 90.6944%, 89.5921%, 91.2621%, 91.4804%, 91.4127%
      3️⃣ Recall Médio: 90.6389% +- 1.1338%
        | Folds: 90.6944%, 88.4722%, 91.3889%, 90.9722%, 91.6667%
      4️⃣ Precision Média: 91.1451% +- 0.4665%
        | Folds: 90.6944%, 90.7407%, 91.1357%, 91.9944%, 91.1602%
   Especialista classe 3:
      1️⃣ Acurácia Média: 82.8148% +- 0.5024%
        | Folds: 82.3457%, 82.3457%, 83.7037%, 82.9630%, 82.7160%
      2️⃣ F1 Média: 90.5399% +- 0.3060%
        | Folds: 90.2787%, 90.2522%, 91.0931%, 90.6122%, 90.4632%
      3️⃣ Recall Médio: 92.5278% +- 0.6359%
        | Folds: 92.2222%, 91.9444%, 93.7500%, 92.5000%, 92.2222%
      4️⃣ Precision Média: 88.6379% +- 0.1390%
        | Folds: 88.4154%, 88.6212%, 88.5827%, 88.8000%, 88.7701%
   Especialista classe 4:
      1️⃣ Acurácia Média: 83.3827% +- 0.7010%
        | Folds: 83.3333%, 82.7160%, 84.6914%, 83.3333%, 82.8395%
      2️⃣ F1 Média: 90.8616% +- 0.3994%
        | Folds: 90.8599%, 90.4762%, 91.5989%, 90.8350%, 90.5378%
      3️⃣ Recall Médio: 92.9444% +- 0.5720%
        | Folds: 93.1944%, 92.3611%, 93.8889%, 92.9167%, 92.3611%
      4️⃣ Precision Média: 88.8707% +- 0.2838%
        | Folds: 88.6394%, 88.6667%, 89.4180%, 88.8446%, 88.7850%
   Especialista classe 5:
      1️⃣ Acurácia Média: 82.6914% +- 0.6314%
        | Folds: 82.4691%, 82.3457%, 83.8272%, 82.8395%, 81.9753%
      2️⃣ F1 Média: 90.4861% +- 0.3734%
        | Folds: 90.3533%, 90.2919%, 91.1666%, 90.5506%, 90.0680%
      3️⃣ Recall Médio: 92.6111% +- 0.6655%
        | Folds: 92.3611%, 92.3611%, 93.8889%, 92.5000%, 91.9444%
      4️⃣ Precision Média: 88.4581% +- 0.1599%
        | Folds: 88.4309%, 88.3134%, 88.5976%, 88.6818%, 88.2667%
   Especialista classe 6:
      1️⃣ Acurácia Média: 82.8395% +- 0.5895%
        | Folds: 82.5926%, 82.8395%, 83.9506%, 82.5926%, 82.2222%
      2️⃣ F1 Média: 90.5599% +- 0.3495%
        | Folds: 90.3885%, 90.5635%, 91.2162%, 90.4407%, 90.1907%
      3️⃣ Recall Médio: 92.6111% +- 0.6359%
        | Folds: 92.0833%, 92.6389%, 93.7500%, 92.6389%, 91.9444%
      4️⃣ Precision Média: 88.5994% +- 0.1708%
        | Folds: 88.7550%, 88.5790%, 88.8158%, 88.3444%, 88.5027%
   Especialista classe 7:
      1️⃣ Acurácia Média: 83.9012% +- 0.6789%
        | Folds: 83.5802%, 84.1975%, 85.0617%, 83.0864%, 83.5802%
      2️⃣ F1 Média: 91.0897% +- 0.3906%
        | Folds: 90.9215%, 91.2688%, 91.7631%, 90.6612%, 90.8339%
      3️⃣ Recall Médio: 92.5833% +- 0.6838%
        | Folds: 92.5000%, 92.9167%, 93.6111%, 92.3611%, 91.5278%
      4️⃣ Precision Média: 89.6468% +- 0.4056%
        | Folds: 89.3960%, 89.6783%, 89.9866%, 89.0228%, 90.1505%
   Especialista classe 8:
      1️⃣ Acurácia Média: 83.6049% +- 0.7706%
        | Folds: 83.2099%, 83.7037%, 84.9383%, 83.5802%, 82.5926%
      2️⃣ F1 Média: 90.9601% +- 0.4428%
        | Folds: 90.7357%, 90.9836%, 91.7456%, 90.9339%, 90.4016%
      3️⃣ Recall Médio: 92.8056% +- 0.6939%
        | Folds: 92.5000%, 92.5000%, 94.1667%, 92.6389%, 92.2222%
      4️⃣ Precision Média: 89.1883% +- 0.3147%
        | Folds: 89.0374%, 89.5161%, 89.4459%, 89.2905%, 88.6515%
########################################
📊 Exportando resultados para CSV: KNN_GLCM_LPQ
   📁 Arquivo com os resultados: results/csv_exports/knn_glcm_lpq_results.csv
   📁 Arquivo com as métricas: results/csv_exports/knn_glcm_lpq_metrics.csv
   🎯 Imagens: 450 amostras
--------------------------------------------------
   ✅ 450 linhas escritas com sucesso
   💾 Arquivo salvo: results/csv_exports/knn_glcm_lpq_results.csv
   ✅ 55 linhas de métricas escritas com sucesso
   💾 Arquivo salvo: results/csv_exports/knn_glcm_lpq_metrics.csv
==================================================

📊 Calculando relevância LBP+GLCM+LPQ...
🚀 Iniciando treinamento de especialistas KNN-LBP+GLCM+LPQ
   📋 9 especialistas para treinar
   🔄 Validação cruzada: 5 folds
------------------------------------------------------------

🎯 Treinando especialista 1/9: peperomia_glabella
=== Iniciando treinamento assistido: KNN-LBP+GLCM+LPQ-Specialist-peperomia_glabella ===
Validação cruzada: 5 folds
==================================================

~~ Fold 1 ~~
Melhores parâmetros: {'knn__metric': 'manhattan', 'knn__n_neighbors': 9}
----------------------------------------
Métricas Fold 1 - KNN-LBP+GLCM+LPQ-Specialist-peperomia_glabella:
   📊 Acurácia: 85.4321%
   📊 F1: 91.9619%
   📊 Recall: 93.7500%
   📊 Precision: 90.2406%
----------------------------------------
~~~~~~~~~~~~~~~~~~~~~~~~~

~~ Fold 2 ~~
Melhores parâmetros: {'knn__metric': 'euclidean', 'knn__n_neighbors': 9}
----------------------------------------
Métricas Fold 2 - KNN-LBP+GLCM+LPQ-Specialist-peperomia_glabella:
   📊 Acurácia: 85.0617%
   📊 F1: 91.5679%
   📊 Recall: 91.2500%
   📊 Precision: 91.8881%
----------------------------------------
~~~~~~~~~~~~~~~~~~~~~~~~~

~~ Fold 3 ~~
Melhores parâmetros: {'knn__metric': 'euclidean', 'knn__n_neighbors': 9}
----------------------------------------
Métricas Fold 3 - KNN-LBP+GLCM+LPQ-Specialist-peperomia_glabella:
   📊 Acurácia: 85.3086%
   📊 F1: 91.8437%
   📊 Recall: 93.0556%
   📊 Precision: 90.6631%
----------------------------------------
~~~~~~~~~~~~~~~~~~~~~~~~~

~~ Fold 4 ~~
Melhores parâmetros: {'knn__metric': 'euclidean', 'knn__n_neighbors': 9}
----------------------------------------
Métricas Fold 4 - KNN-LBP+GLCM+LPQ-Specialist-peperomia_glabella:
   📊 Acurácia: 85.8025%
   📊 F1: 92.0194%
   📊 Recall: 92.0833%
   📊 Precision: 91.9556%
----------------------------------------
~~~~~~~~~~~~~~~~~~~~~~~~~

~~ Fold 5 ~~
Melhores parâmetros: {'knn__metric': 'manhattan', 'knn__n_neighbors': 9}
----------------------------------------
Métricas Fold 5 - KNN-LBP+GLCM+LPQ-Specialist-peperomia_glabella:
   📊 Acurácia: 86.4198%
   📊 F1: 92.5272%
   📊 Recall: 94.5833%
   📊 Precision: 90.5585%
----------------------------------------
~~~~~~~~~~~~~~~~~~~~~~~~~
==================================================

🎯 Treinando especialista 2/9: peperomia_tetraphylla
=== Iniciando treinamento assistido: KNN-LBP+GLCM+LPQ-Specialist-peperomia_tetraphylla ===
Validação cruzada: 5 folds
==================================================

~~ Fold 1 ~~
Melhores parâmetros: {'knn__metric': 'euclidean', 'knn__n_neighbors': 9}
----------------------------------------
Métricas Fold 1 - KNN-LBP+GLCM+LPQ-Specialist-peperomia_tetraphylla:
   📊 Acurácia: 88.6420%
   📊 F1: 93.5393%
   📊 Recall: 92.5000%
   📊 Precision: 94.6023%
----------------------------------------
~~~~~~~~~~~~~~~~~~~~~~~~~

~~ Fold 2 ~~
Melhores parâmetros: {'knn__metric': 'euclidean', 'knn__n_neighbors': 7}
----------------------------------------
Métricas Fold 2 - KNN-LBP+GLCM+LPQ-Specialist-peperomia_tetraphylla:
   📊 Acurácia: 88.7654%
   📊 F1: 93.5507%
   📊 Recall: 91.6667%
   📊 Precision: 95.5137%
----------------------------------------
~~~~~~~~~~~~~~~~~~~~~~~~~

~~ Fold 3 ~~
Melhores parâmetros: {'knn__metric': 'euclidean', 'knn__n_neighbors': 9}
----------------------------------------
Métricas Fold 3 - KNN-LBP+GLCM+LPQ-Specialist-peperomia_tetraphylla:
   📊 Acurácia: 89.3827%
   📊 F1: 94.0361%
   📊 Recall: 94.1667%
   📊 Precision: 93.9058%
----------------------------------------
~~~~~~~~~~~~~~~~~~~~~~~~~

~~ Fold 4 ~~
Melhores parâmetros: {'knn__metric': 'euclidean', 'knn__n_neighbors': 7}
----------------------------------------
Métricas Fold 4 - KNN-LBP+GLCM+LPQ-Specialist-peperomia_tetraphylla:
   📊 Acurácia: 86.6667%
   📊 F1: 92.4051%
   📊 Recall: 91.2500%
   📊 Precision: 93.5897%
----------------------------------------
~~~~~~~~~~~~~~~~~~~~~~~~~

~~ Fold 5 ~~
Melhores parâmetros: {'knn__metric': 'manhattan', 'knn__n_neighbors': 9}
----------------------------------------
Métricas Fold 5 - KNN-LBP+GLCM+LPQ-Specialist-peperomia_tetraphylla:
   📊 Acurácia: 90.6173%
   📊 F1: 94.7441%
   📊 Recall: 95.1389%
   📊 Precision: 94.3526%
----------------------------------------
~~~~~~~~~~~~~~~~~~~~~~~~~
==================================================

🎯 Treinando especialista 3/9: peperomia_urocarpa
=== Iniciando treinamento assistido: KNN-LBP+GLCM+LPQ-Specialist-peperomia_urocarpa ===
Validação cruzada: 5 folds
==================================================

~~ Fold 1 ~~
Melhores parâmetros: {'knn__metric': 'manhattan', 'knn__n_neighbors': 9}
----------------------------------------
Métricas Fold 1 - KNN-LBP+GLCM+LPQ-Specialist-peperomia_urocarpa:
   📊 Acurácia: 85.8025%
   📊 F1: 92.1179%
   📊 Recall: 93.3333%
   📊 Precision: 90.9337%
----------------------------------------
~~~~~~~~~~~~~~~~~~~~~~~~~

~~ Fold 2 ~~
Melhores parâmetros: {'knn__metric': 'manhattan', 'knn__n_neighbors': 7}
----------------------------------------
Métricas Fold 2 - KNN-LBP+GLCM+LPQ-Specialist-peperomia_urocarpa:
   📊 Acurácia: 84.4444%
   📊 F1: 91.2621%
   📊 Recall: 91.3889%
   📊 Precision: 91.1357%
----------------------------------------
~~~~~~~~~~~~~~~~~~~~~~~~~

~~ Fold 3 ~~
Melhores parâmetros: {'knn__metric': 'manhattan', 'knn__n_neighbors': 9}
----------------------------------------
Métricas Fold 3 - KNN-LBP+GLCM+LPQ-Specialist-peperomia_urocarpa:
   📊 Acurácia: 85.3086%
   📊 F1: 91.8437%
   📊 Recall: 93.0556%
   📊 Precision: 90.6631%
----------------------------------------
~~~~~~~~~~~~~~~~~~~~~~~~~

~~ Fold 4 ~~
Melhores parâmetros: {'knn__metric': 'manhattan', 'knn__n_neighbors': 9}
----------------------------------------
Métricas Fold 4 - KNN-LBP+GLCM+LPQ-Specialist-peperomia_urocarpa:
   📊 Acurácia: 86.1728%
   📊 F1: 92.2545%
   📊 Recall: 92.6389%
   📊 Precision: 91.8733%
----------------------------------------
~~~~~~~~~~~~~~~~~~~~~~~~~

~~ Fold 5 ~~
Melhores parâmetros: {'knn__metric': 'manhattan', 'knn__n_neighbors': 9}
----------------------------------------
Métricas Fold 5 - KNN-LBP+GLCM+LPQ-Specialist-peperomia_urocarpa:
   📊 Acurácia: 86.0494%
   📊 F1: 92.2656%
   📊 Recall: 93.6111%
   📊 Precision: 90.9582%
----------------------------------------
~~~~~~~~~~~~~~~~~~~~~~~~~
==================================================

🎯 Treinando especialista 4/9: piper_amalago
=== Iniciando treinamento assistido: KNN-LBP+GLCM+LPQ-Specialist-piper_amalago ===
Validação cruzada: 5 folds
==================================================

~~ Fold 1 ~~
Melhores parâmetros: {'knn__metric': 'euclidean', 'knn__n_neighbors': 9}
----------------------------------------
Métricas Fold 1 - KNN-LBP+GLCM+LPQ-Specialist-piper_amalago:
   📊 Acurácia: 86.4198%
   📊 F1: 92.7056%
   📊 Recall: 97.0833%
   📊 Precision: 88.7056%
----------------------------------------
~~~~~~~~~~~~~~~~~~~~~~~~~

~~ Fold 2 ~~
Melhores parâmetros: {'knn__metric': 'euclidean', 'knn__n_neighbors': 9}
----------------------------------------
Métricas Fold 2 - KNN-LBP+GLCM+LPQ-Specialist-piper_amalago:
   📊 Acurácia: 87.9012%
   📊 F1: 93.5441%
   📊 Recall: 98.6111%
   📊 Precision: 88.9724%
----------------------------------------
~~~~~~~~~~~~~~~~~~~~~~~~~

~~ Fold 3 ~~
Melhores parâmetros: {'knn__metric': 'euclidean', 'knn__n_neighbors': 9}
----------------------------------------
Métricas Fold 3 - KNN-LBP+GLCM+LPQ-Specialist-piper_amalago:
   📊 Acurácia: 88.5185%
   📊 F1: 93.9016%
   📊 Recall: 99.4444%
   📊 Precision: 88.9441%
----------------------------------------
~~~~~~~~~~~~~~~~~~~~~~~~~

~~ Fold 4 ~~
Melhores parâmetros: {'knn__metric': 'euclidean', 'knn__n_neighbors': 9}
----------------------------------------
Métricas Fold 4 - KNN-LBP+GLCM+LPQ-Specialist-piper_amalago:
   📊 Acurácia: 89.1358%
   📊 F1: 94.2333%
   📊 Recall: 99.8611%
   📊 Precision: 89.2060%
----------------------------------------
~~~~~~~~~~~~~~~~~~~~~~~~~

~~ Fold 5 ~~
Melhores parâmetros: {'knn__metric': 'manhattan', 'knn__n_neighbors': 9}
----------------------------------------
Métricas Fold 5 - KNN-LBP+GLCM+LPQ-Specialist-piper_amalago:
   📊 Acurácia: 88.8889%
   📊 F1: 94.1022%
   📊 Recall: 99.7222%
   📊 Precision: 89.0819%
----------------------------------------
~~~~~~~~~~~~~~~~~~~~~~~~~
==================================================

🎯 Treinando especialista 5/9: piper_gaudichaudianum
=== Iniciando treinamento assistido: KNN-LBP+GLCM+LPQ-Specialist-piper_gaudichaudianum ===
Validação cruzada: 5 folds
==================================================

~~ Fold 1 ~~
Melhores parâmetros: {'knn__metric': 'euclidean', 'knn__n_neighbors': 9}
----------------------------------------
Métricas Fold 1 - KNN-LBP+GLCM+LPQ-Specialist-piper_gaudichaudianum:
   📊 Acurácia: 85.6790%
   📊 F1: 92.2667%
   📊 Recall: 96.1111%
   📊 Precision: 88.7179%
----------------------------------------
~~~~~~~~~~~~~~~~~~~~~~~~~

~~ Fold 2 ~~
Melhores parâmetros: {'knn__metric': 'manhattan', 'knn__n_neighbors': 9}
----------------------------------------
Métricas Fold 2 - KNN-LBP+GLCM+LPQ-Specialist-piper_gaudichaudianum:
   📊 Acurácia: 85.6790%
   📊 F1: 92.2356%
   📊 Recall: 95.6944%
   📊 Precision: 89.0181%
----------------------------------------
~~~~~~~~~~~~~~~~~~~~~~~~~

~~ Fold 3 ~~
Melhores parâmetros: {'knn__metric': 'euclidean', 'knn__n_neighbors': 9}
----------------------------------------
Métricas Fold 3 - KNN-LBP+GLCM+LPQ-Specialist-piper_gaudichaudianum:
   📊 Acurácia: 87.1605%
   📊 F1: 93.0667%
   📊 Recall: 96.9444%
   📊 Precision: 89.4872%
----------------------------------------
~~~~~~~~~~~~~~~~~~~~~~~~~

~~ Fold 4 ~~
Melhores parâmetros: {'knn__metric': 'euclidean', 'knn__n_neighbors': 9}
----------------------------------------
Métricas Fold 4 - KNN-LBP+GLCM+LPQ-Specialist-piper_gaudichaudianum:
   📊 Acurácia: 85.3086%
   📊 F1: 92.0508%
   📊 Recall: 95.6944%
   📊 Precision: 88.6744%
----------------------------------------
~~~~~~~~~~~~~~~~~~~~~~~~~

~~ Fold 5 ~~
Melhores parâmetros: {'knn__metric': 'manhattan', 'knn__n_neighbors': 9}
----------------------------------------
Métricas Fold 5 - KNN-LBP+GLCM+LPQ-Specialist-piper_gaudichaudianum:
   📊 Acurácia: 86.9136%
   📊 F1: 92.9894%
   📊 Recall: 97.6389%
   📊 Precision: 88.7626%
----------------------------------------
~~~~~~~~~~~~~~~~~~~~~~~~~
==================================================

🎯 Treinando especialista 6/9: piper_glabratum
=== Iniciando treinamento assistido: KNN-LBP+GLCM+LPQ-Specialist-piper_glabratum ===
Validação cruzada: 5 folds
==================================================

~~ Fold 1 ~~
Melhores parâmetros: {'knn__metric': 'euclidean', 'knn__n_neighbors': 9}
----------------------------------------
Métricas Fold 1 - KNN-LBP+GLCM+LPQ-Specialist-piper_glabratum:
   📊 Acurácia: 88.8889%
   📊 F1: 94.1099%
   📊 Recall: 99.8611%
   📊 Precision: 88.9851%
----------------------------------------
~~~~~~~~~~~~~~~~~~~~~~~~~

~~ Fold 2 ~~
Melhores parâmetros: {'knn__metric': 'euclidean', 'knn__n_neighbors': 9}
----------------------------------------
Métricas Fold 2 - KNN-LBP+GLCM+LPQ-Specialist-piper_glabratum:
   📊 Acurácia: 88.7654%
   📊 F1: 94.0328%
   📊 Recall: 99.5833%
   📊 Precision: 89.0683%
----------------------------------------
~~~~~~~~~~~~~~~~~~~~~~~~~

~~ Fold 3 ~~
Melhores parâmetros: {'knn__metric': 'euclidean', 'knn__n_neighbors': 9}
----------------------------------------
Métricas Fold 3 - KNN-LBP+GLCM+LPQ-Specialist-piper_glabratum:
   📊 Acurácia: 88.0247%
   📊 F1: 93.6310%
   📊 Recall: 99.0278%
   📊 Precision: 88.7920%
----------------------------------------
~~~~~~~~~~~~~~~~~~~~~~~~~

~~ Fold 4 ~~
Melhores parâmetros: {'knn__metric': 'euclidean', 'knn__n_neighbors': 9}
----------------------------------------
Métricas Fold 4 - KNN-LBP+GLCM+LPQ-Specialist-piper_glabratum:
   📊 Acurácia: 88.2716%
   📊 F1: 93.7623%
   📊 Recall: 99.1667%
   📊 Precision: 88.9166%
----------------------------------------
~~~~~~~~~~~~~~~~~~~~~~~~~

~~ Fold 5 ~~
Melhores parâmetros: {'knn__metric': 'euclidean', 'knn__n_neighbors': 9}
----------------------------------------
Métricas Fold 5 - KNN-LBP+GLCM+LPQ-Specialist-piper_glabratum:
   📊 Acurácia: 88.6420%
   📊 F1: 93.9633%
   📊 Recall: 99.4444%
   📊 Precision: 89.0547%
----------------------------------------
~~~~~~~~~~~~~~~~~~~~~~~~~
==================================================

🎯 Treinando especialista 7/9: piper_hispidum
=== Iniciando treinamento assistido: KNN-LBP+GLCM+LPQ-Specialist-piper_hispidum ===
Validação cruzada: 5 folds
==================================================

~~ Fold 1 ~~
Melhores parâmetros: {'knn__metric': 'manhattan', 'knn__n_neighbors': 9}
----------------------------------------
Métricas Fold 1 - KNN-LBP+GLCM+LPQ-Specialist-piper_hispidum:
   📊 Acurácia: 88.8889%
   📊 F1: 94.0867%
   📊 Recall: 99.4444%
   📊 Precision: 89.2768%
----------------------------------------
~~~~~~~~~~~~~~~~~~~~~~~~~

~~ Fold 2 ~~
Melhores parâmetros: {'knn__metric': 'euclidean', 'knn__n_neighbors': 9}
----------------------------------------
Métricas Fold 2 - KNN-LBP+GLCM+LPQ-Specialist-piper_hispidum:
   📊 Acurácia: 87.0370%
   📊 F1: 93.0140%
   📊 Recall: 97.0833%
   📊 Precision: 89.2720%
----------------------------------------
~~~~~~~~~~~~~~~~~~~~~~~~~

~~ Fold 3 ~~
Melhores parâmetros: {'knn__metric': 'euclidean', 'knn__n_neighbors': 9}
----------------------------------------
Métricas Fold 3 - KNN-LBP+GLCM+LPQ-Specialist-piper_hispidum:
   📊 Acurácia: 87.0370%
   📊 F1: 93.0601%
   📊 Recall: 97.7778%
   📊 Precision: 88.7768%
----------------------------------------
~~~~~~~~~~~~~~~~~~~~~~~~~

~~ Fold 4 ~~
Melhores parâmetros: {'knn__metric': 'euclidean', 'knn__n_neighbors': 9}
----------------------------------------
Métricas Fold 4 - KNN-LBP+GLCM+LPQ-Specialist-piper_hispidum:
   📊 Acurácia: 85.6790%
   📊 F1: 92.2770%
   📊 Recall: 96.2500%
   📊 Precision: 88.6189%
----------------------------------------
~~~~~~~~~~~~~~~~~~~~~~~~~

~~ Fold 5 ~~
Melhores parâmetros: {'knn__metric': 'euclidean', 'knn__n_neighbors': 9}
----------------------------------------
Métricas Fold 5 - KNN-LBP+GLCM+LPQ-Specialist-piper_hispidum:
   📊 Acurácia: 87.0370%
   📊 F1: 93.0325%
   📊 Recall: 97.3611%
   📊 Precision: 89.0724%
----------------------------------------
~~~~~~~~~~~~~~~~~~~~~~~~~
==================================================

🎯 Treinando especialista 8/9: piper_miquelianum
=== Iniciando treinamento assistido: KNN-LBP+GLCM+LPQ-Specialist-piper_miquelianum ===
Validação cruzada: 5 folds
==================================================

~~ Fold 1 ~~
Melhores parâmetros: {'knn__metric': 'manhattan', 'knn__n_neighbors': 9}
----------------------------------------
Métricas Fold 1 - KNN-LBP+GLCM+LPQ-Specialist-piper_miquelianum:
   📊 Acurácia: 87.7778%
   📊 F1: 93.4219%
   📊 Recall: 97.6389%
   📊 Precision: 89.5541%
----------------------------------------
~~~~~~~~~~~~~~~~~~~~~~~~~

~~ Fold 2 ~~
Melhores parâmetros: {'knn__metric': 'manhattan', 'knn__n_neighbors': 9}
----------------------------------------
Métricas Fold 2 - KNN-LBP+GLCM+LPQ-Specialist-piper_miquelianum:
   📊 Acurácia: 88.1481%
   📊 F1: 93.6340%
   📊 Recall: 98.0556%
   📊 Precision: 89.5939%
----------------------------------------
~~~~~~~~~~~~~~~~~~~~~~~~~

~~ Fold 3 ~~
Melhores parâmetros: {'knn__metric': 'manhattan', 'knn__n_neighbors': 9}
----------------------------------------
Métricas Fold 3 - KNN-LBP+GLCM+LPQ-Specialist-piper_miquelianum:
   📊 Acurácia: 89.7531%
   📊 F1: 94.5215%
   📊 Recall: 99.4444%
   📊 Precision: 90.0629%
----------------------------------------
~~~~~~~~~~~~~~~~~~~~~~~~~

~~ Fold 4 ~~
Melhores parâmetros: {'knn__metric': 'manhattan', 'knn__n_neighbors': 9}
----------------------------------------
Métricas Fold 4 - KNN-LBP+GLCM+LPQ-Specialist-piper_miquelianum:
   📊 Acurácia: 88.1481%
   📊 F1: 93.6424%
   📊 Recall: 98.1944%
   📊 Precision: 89.4937%
----------------------------------------
~~~~~~~~~~~~~~~~~~~~~~~~~

~~ Fold 5 ~~
Melhores parâmetros: {'knn__metric': 'manhattan', 'knn__n_neighbors': 9}
----------------------------------------
Métricas Fold 5 - KNN-LBP+GLCM+LPQ-Specialist-piper_miquelianum:
   📊 Acurácia: 87.1605%
   📊 F1: 92.9825%
   📊 Recall: 95.6944%
   📊 Precision: 90.4199%
----------------------------------------
~~~~~~~~~~~~~~~~~~~~~~~~~
==================================================

🎯 Treinando especialista 9/9: piper_xylosteoides
=== Iniciando treinamento assistido: KNN-LBP+GLCM+LPQ-Specialist-piper_xylosteoides ===
Validação cruzada: 5 folds
==================================================

~~ Fold 1 ~~
Melhores parâmetros: {'knn__metric': 'manhattan', 'knn__n_neighbors': 9}
----------------------------------------
Métricas Fold 1 - KNN-LBP+GLCM+LPQ-Specialist-piper_xylosteoides:
   📊 Acurácia: 85.6790%
   📊 F1: 92.2460%
   📊 Recall: 95.8333%
   📊 Precision: 88.9175%
----------------------------------------
~~~~~~~~~~~~~~~~~~~~~~~~~

~~ Fold 2 ~~
Melhores parâmetros: {'knn__metric': 'euclidean', 'knn__n_neighbors': 9}
----------------------------------------
Métricas Fold 2 - KNN-LBP+GLCM+LPQ-Specialist-piper_xylosteoides:
   📊 Acurácia: 87.1605%
   📊 F1: 93.0574%
   📊 Recall: 96.8056%
   📊 Precision: 89.5887%
----------------------------------------
~~~~~~~~~~~~~~~~~~~~~~~~~

~~ Fold 3 ~~
Melhores parâmetros: {'knn__metric': 'manhattan', 'knn__n_neighbors': 9}
----------------------------------------
Métricas Fold 3 - KNN-LBP+GLCM+LPQ-Specialist-piper_xylosteoides:
   📊 Acurácia: 87.5309%
   📊 F1: 93.2351%
   📊 Recall: 96.6667%
   📊 Precision: 90.0388%
----------------------------------------
~~~~~~~~~~~~~~~~~~~~~~~~~

~~ Fold 4 ~~
Melhores parâmetros: {'knn__metric': 'manhattan', 'knn__n_neighbors': 9}
----------------------------------------
Métricas Fold 4 - KNN-LBP+GLCM+LPQ-Specialist-piper_xylosteoides:
   📊 Acurácia: 86.9136%
   📊 F1: 92.9239%
   📊 Recall: 96.6667%
   📊 Precision: 89.4602%
----------------------------------------
~~~~~~~~~~~~~~~~~~~~~~~~~

~~ Fold 5 ~~
Melhores parâmetros: {'knn__metric': 'euclidean', 'knn__n_neighbors': 9}
----------------------------------------
Métricas Fold 5 - KNN-LBP+GLCM+LPQ-Specialist-piper_xylosteoides:
   📊 Acurácia: 87.1605%
   📊 F1: 93.1126%
   📊 Recall: 97.6389%
   📊 Precision: 88.9873%
----------------------------------------
~~~~~~~~~~~~~~~~~~~~~~~~~
==================================================

🎉 Treinamento de especialistas KNN-LBP+GLCM+LPQ concluído!
   ✅ 9 especialistas treinados com sucesso
   📦 Array retornado: raw_probabilities[i] = probabilidades do especialista da classe i
============================================================
⏱️ Tempo de execução (KNN-LBP+GLCM+LPQ): 55.57 s
########################################
Métricas Finais Relevância KNN LBP+GLCM+LPQ:
   📊 Acurácia: 52.4444%
   📊 F1: 50.1712%
   📊 Recall: 52.4444%
   📊 Precision: 50.9894%
----------------------------------------
Métricas de Treinamento dos Especialistas:
   Especialista classe 0:
      1️⃣ Acurácia Média: 85.6049% +- 0.4724%
        | Folds: 85.4321%, 85.0617%, 85.3086%, 85.8025%, 86.4198%
      2️⃣ F1 Média: 91.9840% +- 0.3129%
        | Folds: 91.9619%, 91.5679%, 91.8437%, 92.0194%, 92.5272%
      3️⃣ Recall Médio: 92.9444% +- 1.1798%
        | Folds: 93.7500%, 91.2500%, 93.0556%, 92.0833%, 94.5833%
      4️⃣ Precision Média: 91.0612% +- 0.7167%
        | Folds: 90.2406%, 91.8881%, 90.6631%, 91.9556%, 90.5585%
   Especialista classe 1:
      1️⃣ Acurácia Média: 88.8148% +- 1.2820%
        | Folds: 88.6420%, 88.7654%, 89.3827%, 86.6667%, 90.6173%
      2️⃣ F1 Média: 93.6550% +- 0.7639%
        | Folds: 93.5393%, 93.5507%, 94.0361%, 92.4051%, 94.7441%
      3️⃣ Recall Médio: 92.9444% +- 1.4840%
        | Folds: 92.5000%, 91.6667%, 94.1667%, 91.2500%, 95.1389%
      4️⃣ Precision Média: 94.3928% +- 0.6609%
        | Folds: 94.6023%, 95.5137%, 93.9058%, 93.5897%, 94.3526%
   Especialista classe 2:
      1️⃣ Acurácia Média: 85.5556% +- 0.6295%
        | Folds: 85.8025%, 84.4444%, 85.3086%, 86.1728%, 86.0494%
      2️⃣ F1 Média: 91.9488% +- 0.3755%
        | Folds: 92.1179%, 91.2621%, 91.8437%, 92.2545%, 92.2656%
      3️⃣ Recall Médio: 92.8056% +- 0.7778%
        | Folds: 93.3333%, 91.3889%, 93.0556%, 92.6389%, 93.6111%
      4️⃣ Precision Média: 91.1128% +- 0.4092%
        | Folds: 90.9337%, 91.1357%, 90.6631%, 91.8733%, 90.9582%
   Especialista classe 3:
      1️⃣ Acurácia Média: 88.1728% +- 0.9702%
        | Folds: 86.4198%, 87.9012%, 88.5185%, 89.1358%, 88.8889%
      2️⃣ F1 Média: 93.6974% +- 0.5477%
        | Folds: 92.7056%, 93.5441%, 93.9016%, 94.2333%, 94.1022%
      3️⃣ Recall Médio: 98.9444% +- 1.0267%
        | Folds: 97.0833%, 98.6111%, 99.4444%, 99.8611%, 99.7222%
      4️⃣ Precision Média: 88.9820% +- 0.1662%
        | Folds: 88.7056%, 88.9724%, 88.9441%, 89.2060%, 89.0819%
   Especialista classe 4:
      1️⃣ Acurácia Média: 86.1481% +- 0.7424%
        | Folds: 85.6790%, 85.6790%, 87.1605%, 85.3086%, 86.9136%
      2️⃣ F1 Média: 92.5218% +- 0.4206%
        | Folds: 92.2667%, 92.2356%, 93.0667%, 92.0508%, 92.9894%
      3️⃣ Recall Médio: 96.4167% +- 0.7628%
        | Folds: 96.1111%, 95.6944%, 96.9444%, 95.6944%, 97.6389%
      4️⃣ Precision Média: 88.9320% +- 0.3022%
        | Folds: 88.7179%, 89.0181%, 89.4872%, 88.6744%, 88.7626%
   Especialista classe 5:
      1️⃣ Acurácia Média: 88.5185% +- 0.3219%
        | Folds: 88.8889%, 88.7654%, 88.0247%, 88.2716%, 88.6420%
      2️⃣ F1 Média: 93.8999% +- 0.1772%
        | Folds: 94.1099%, 94.0328%, 93.6310%, 93.7623%, 93.9633%
      3️⃣ Recall Médio: 99.4167% +- 0.2966%
        | Folds: 99.8611%, 99.5833%, 99.0278%, 99.1667%, 99.4444%
      4️⃣ Precision Média: 88.9634% +- 0.1014%
        | Folds: 88.9851%, 89.0683%, 88.7920%, 88.9166%, 89.0547%
   Especialista classe 6:
      1️⃣ Acurácia Média: 87.1358% +- 1.0222%
        | Folds: 88.8889%, 87.0370%, 87.0370%, 85.6790%, 87.0370%
      2️⃣ F1 Média: 93.0941% +- 0.5770%
        | Folds: 94.0867%, 93.0140%, 93.0601%, 92.2770%, 93.0325%
      3️⃣ Recall Médio: 97.5833% +- 1.0563%
        | Folds: 99.4444%, 97.0833%, 97.7778%, 96.2500%, 97.3611%
      4️⃣ Precision Média: 89.0034% +- 0.2649%
        | Folds: 89.2768%, 89.2720%, 88.7768%, 88.6189%, 89.0724%
   Especialista classe 7:
      1️⃣ Acurácia Média: 88.1975% +- 0.8575%
        | Folds: 87.7778%, 88.1481%, 89.7531%, 88.1481%, 87.1605%
      2️⃣ F1 Média: 93.6404% +- 0.5014%
        | Folds: 93.4219%, 93.6340%, 94.5215%, 93.6424%, 92.9825%
      3️⃣ Recall Médio: 97.8056% +- 1.2153%
        | Folds: 97.6389%, 98.0556%, 99.4444%, 98.1944%, 95.6944%
      4️⃣ Precision Média: 89.8249% +- 0.3598%
        | Folds: 89.5541%, 89.5939%, 90.0629%, 89.4937%, 90.4199%
   Especialista classe 8:
      1️⃣ Acurácia Média: 86.8889% +- 0.6363%
        | Folds: 85.6790%, 87.1605%, 87.5309%, 86.9136%, 87.1605%
      2️⃣ F1 Média: 92.9150% +- 0.3491%
        | Folds: 92.2460%, 93.0574%, 93.2351%, 92.9239%, 93.1126%
      3️⃣ Recall Médio: 96.7222% +- 0.5733%
        | Folds: 95.8333%, 96.8056%, 96.6667%, 96.6667%, 97.6389%
      4️⃣ Precision Média: 89.3985% +- 0.4124%
        | Folds: 88.9175%, 89.5887%, 90.0388%, 89.4602%, 88.9873%
########################################
📊 Exportando resultados para CSV: KNN_LBP_GLCM_LPQ
   📁 Arquivo com os resultados: results/csv_exports/knn_lbp_glcm_lpq_results.csv
   📁 Arquivo com as métricas: results/csv_exports/knn_lbp_glcm_lpq_metrics.csv
   🎯 Imagens: 450 amostras
--------------------------------------------------
   ✅ 450 linhas escritas com sucesso
   💾 Arquivo salvo: results/csv_exports/knn_lbp_glcm_lpq_results.csv
   ✅ 55 linhas de métricas escritas com sucesso
   💾 Arquivo salvo: results/csv_exports/knn_lbp_glcm_lpq_metrics.csv
==================================================
✅ Relevância calculada para todos os 7 conjuntos de features
📊 Métricas e matrizes de confusão geradas para cada combinação

🎉 === CÁLCULO DE RELEVÂNCIA KNN CONCLUÍDO ===
🚀 === CALCULANDO RELEVÂNCIA DOS MODELOS SVM ===

📊 Calculando relevância LBP...
🚀 Iniciando treinamento de especialistas SVM-LBP
   📋 9 especialistas para treinar
   🔄 Validação cruzada: 5 folds
------------------------------------------------------------

🎯 Treinando especialista 1/9: peperomia_glabella
=== Iniciando treinamento assistido: SVM-LBP-Specialist-peperomia_glabella ===
Validação cruzada: 5 folds
==================================================

~~ Fold 1 ~~
Melhores parâmetros: {'svm__C': 100, 'svm__gamma': 0.002, 'svm__kernel': 'rbf'}
----------------------------------------
Métricas Fold 1 - SVM-LBP-Specialist-peperomia_glabella:
   📊 Acurácia: 90.0000%
   📊 F1: 94.6251%
   📊 Recall: 99.0278%
   📊 Precision: 90.5972%
----------------------------------------
~~~~~~~~~~~~~~~~~~~~~~~~~

~~ Fold 2 ~~
Melhores parâmetros: {'svm__C': 10, 'svm__gamma': 'auto', 'svm__kernel': 'rbf'}
----------------------------------------
Métricas Fold 2 - SVM-LBP-Specialist-peperomia_glabella:
   📊 Acurácia: 91.1111%
   📊 F1: 95.2000%
   📊 Recall: 99.1667%
   📊 Precision: 91.5385%
----------------------------------------
~~~~~~~~~~~~~~~~~~~~~~~~~

~~ Fold 3 ~~
Melhores parâmetros: {'svm__C': 100, 'svm__gamma': 0.002, 'svm__kernel': 'rbf'}
----------------------------------------
Métricas Fold 3 - SVM-LBP-Specialist-peperomia_glabella:
   📊 Acurácia: 90.6173%
   📊 F1: 94.9669%
   📊 Recall: 99.5833%
   📊 Precision: 90.7595%
----------------------------------------
~~~~~~~~~~~~~~~~~~~~~~~~~

~~ Fold 4 ~~
Melhores parâmetros: {'svm__C': 10, 'svm__gamma': 'auto', 'svm__kernel': 'rbf'}
----------------------------------------
Métricas Fold 4 - SVM-LBP-Specialist-peperomia_glabella:
   📊 Acurácia: 89.5062%
   📊 F1: 94.2991%
   📊 Recall: 97.6389%
   📊 Precision: 91.1803%
----------------------------------------
~~~~~~~~~~~~~~~~~~~~~~~~~

~~ Fold 5 ~~
Melhores parâmetros: {'svm__C': 10, 'svm__gamma': 'auto', 'svm__kernel': 'rbf'}
----------------------------------------
Métricas Fold 5 - SVM-LBP-Specialist-peperomia_glabella:
   📊 Acurácia: 89.6296%
   📊 F1: 94.4444%
   📊 Recall: 99.1667%
   📊 Precision: 90.1515%
----------------------------------------
~~~~~~~~~~~~~~~~~~~~~~~~~
==================================================

🎯 Treinando especialista 2/9: peperomia_tetraphylla
=== Iniciando treinamento assistido: SVM-LBP-Specialist-peperomia_tetraphylla ===
Validação cruzada: 5 folds
==================================================

~~ Fold 1 ~~
Melhores parâmetros: {'svm__C': 100, 'svm__gamma': 'auto', 'svm__kernel': 'rbf'}
----------------------------------------
Métricas Fold 1 - SVM-LBP-Specialist-peperomia_tetraphylla:
   📊 Acurácia: 89.3827%
   📊 F1: 94.2049%
   📊 Recall: 97.0833%
   📊 Precision: 91.4921%
----------------------------------------
~~~~~~~~~~~~~~~~~~~~~~~~~

~~ Fold 2 ~~
Melhores parâmetros: {'svm__C': 10, 'svm__gamma': 'auto', 'svm__kernel': 'rbf'}
----------------------------------------
Métricas Fold 2 - SVM-LBP-Specialist-peperomia_tetraphylla:
   📊 Acurácia: 89.6296%
   📊 F1: 94.4444%
   📊 Recall: 99.1667%
   📊 Precision: 90.1515%
----------------------------------------
~~~~~~~~~~~~~~~~~~~~~~~~~

~~ Fold 3 ~~
Melhores parâmetros: {'svm__C': 1000, 'svm__gamma': 0.002, 'svm__kernel': 'rbf'}
----------------------------------------
Métricas Fold 3 - SVM-LBP-Specialist-peperomia_tetraphylla:
   📊 Acurácia: 89.8765%
   📊 F1: 94.5910%
   📊 Recall: 99.5833%
   📊 Precision: 90.0754%
----------------------------------------
~~~~~~~~~~~~~~~~~~~~~~~~~

~~ Fold 4 ~~
Melhores parâmetros: {'svm__C': 1000, 'svm__gamma': 0.002, 'svm__kernel': 'rbf'}
----------------------------------------
Métricas Fold 4 - SVM-LBP-Specialist-peperomia_tetraphylla:
   📊 Acurácia: 90.7407%
   📊 F1: 94.9698%
   📊 Recall: 98.3333%
   📊 Precision: 91.8288%
----------------------------------------
~~~~~~~~~~~~~~~~~~~~~~~~~

~~ Fold 5 ~~
Melhores parâmetros: {'svm__C': 1000, 'svm__gamma': 0.002, 'svm__kernel': 'rbf'}
----------------------------------------
Métricas Fold 5 - SVM-LBP-Specialist-peperomia_tetraphylla:
   📊 Acurácia: 91.3580%
   📊 F1: 95.3581%
   📊 Recall: 99.8611%
   📊 Precision: 91.2437%
----------------------------------------
~~~~~~~~~~~~~~~~~~~~~~~~~
==================================================

🎯 Treinando especialista 3/9: peperomia_urocarpa
=== Iniciando treinamento assistido: SVM-LBP-Specialist-peperomia_urocarpa ===
Validação cruzada: 5 folds
==================================================

~~ Fold 1 ~~
Melhores parâmetros: {'svm__C': 1, 'svm__gamma': 0.2, 'svm__kernel': 'rbf'}
----------------------------------------
Métricas Fold 1 - SVM-LBP-Specialist-peperomia_urocarpa:
   📊 Acurácia: 89.0123%
   📊 F1: 94.1716%
   📊 Recall: 99.8611%
   📊 Precision: 89.0954%
----------------------------------------
~~~~~~~~~~~~~~~~~~~~~~~~~

~~ Fold 2 ~~
Melhores parâmetros: {'svm__C': 1, 'svm__gamma': 0.2, 'svm__kernel': 'rbf'}
----------------------------------------
Métricas Fold 2 - SVM-LBP-Specialist-peperomia_urocarpa:
   📊 Acurácia: 88.8889%
   📊 F1: 94.1099%
   📊 Recall: 99.8611%
   📊 Precision: 88.9851%
----------------------------------------
~~~~~~~~~~~~~~~~~~~~~~~~~

~~ Fold 3 ~~
Melhores parâmetros: {'svm__C': 1, 'svm__gamma': 0.2, 'svm__kernel': 'rbf'}
----------------------------------------
Métricas Fold 3 - SVM-LBP-Specialist-peperomia_urocarpa:
   📊 Acurácia: 88.8889%
   📊 F1: 94.1176%
   📊 Recall: 100.0000%
   📊 Precision: 88.8889%
----------------------------------------
~~~~~~~~~~~~~~~~~~~~~~~~~

~~ Fold 4 ~~
Melhores parâmetros: {'svm__C': 1, 'svm__gamma': 0.2, 'svm__kernel': 'rbf'}
----------------------------------------
Métricas Fold 4 - SVM-LBP-Specialist-peperomia_urocarpa:
   📊 Acurácia: 89.0123%
   📊 F1: 94.1792%
   📊 Recall: 100.0000%
   📊 Precision: 88.9988%
----------------------------------------
~~~~~~~~~~~~~~~~~~~~~~~~~

~~ Fold 5 ~~
Melhores parâmetros: {'svm__C': 0.1, 'svm__gamma': 2e-05, 'svm__kernel': 'rbf'}
----------------------------------------
Métricas Fold 5 - SVM-LBP-Specialist-peperomia_urocarpa:
   📊 Acurácia: 88.8889%
   📊 F1: 94.1176%
   📊 Recall: 100.0000%
   📊 Precision: 88.8889%
----------------------------------------
~~~~~~~~~~~~~~~~~~~~~~~~~
==================================================

🎯 Treinando especialista 4/9: piper_amalago
=== Iniciando treinamento assistido: SVM-LBP-Specialist-piper_amalago ===
Validação cruzada: 5 folds
==================================================

~~ Fold 1 ~~
Melhores parâmetros: {'svm__C': 10, 'svm__gamma': 'auto', 'svm__kernel': 'rbf'}
----------------------------------------
Métricas Fold 1 - SVM-LBP-Specialist-piper_amalago:
   📊 Acurácia: 88.3951%
   📊 F1: 93.8158%
   📊 Recall: 99.0278%
   📊 Precision: 89.1250%
----------------------------------------
~~~~~~~~~~~~~~~~~~~~~~~~~

~~ Fold 2 ~~
Melhores parâmetros: {'svm__C': 100, 'svm__gamma': 0.002, 'svm__kernel': 'rbf'}
----------------------------------------
Métricas Fold 2 - SVM-LBP-Specialist-piper_amalago:
   📊 Acurácia: 88.6420%
   📊 F1: 93.9712%
   📊 Recall: 99.5833%
   📊 Precision: 88.9578%
----------------------------------------
~~~~~~~~~~~~~~~~~~~~~~~~~

~~ Fold 3 ~~
Melhores parâmetros: {'svm__C': 0.1, 'svm__gamma': 2e-05, 'svm__kernel': 'rbf'}
----------------------------------------
Métricas Fold 3 - SVM-LBP-Specialist-piper_amalago:
   📊 Acurácia: 88.8889%
   📊 F1: 94.1176%
   📊 Recall: 100.0000%
   📊 Precision: 88.8889%
----------------------------------------
~~~~~~~~~~~~~~~~~~~~~~~~~

~~ Fold 4 ~~
Melhores parâmetros: {'svm__C': 0.1, 'svm__gamma': 2e-05, 'svm__kernel': 'rbf'}
----------------------------------------
Métricas Fold 4 - SVM-LBP-Specialist-piper_amalago:
   📊 Acurácia: 88.8889%
   📊 F1: 94.1176%
   📊 Recall: 100.0000%
   📊 Precision: 88.8889%
----------------------------------------
~~~~~~~~~~~~~~~~~~~~~~~~~

~~ Fold 5 ~~
Melhores parâmetros: {'svm__C': 0.1, 'svm__gamma': 2e-05, 'svm__kernel': 'rbf'}
----------------------------------------
Métricas Fold 5 - SVM-LBP-Specialist-piper_amalago:
   📊 Acurácia: 88.8889%
   📊 F1: 94.1176%
   📊 Recall: 100.0000%
   📊 Precision: 88.8889%
----------------------------------------
~~~~~~~~~~~~~~~~~~~~~~~~~
==================================================

🎯 Treinando especialista 5/9: piper_gaudichaudianum
=== Iniciando treinamento assistido: SVM-LBP-Specialist-piper_gaudichaudianum ===
Validação cruzada: 5 folds
==================================================

~~ Fold 1 ~~
Melhores parâmetros: {'svm__C': 0.1, 'svm__gamma': 2e-05, 'svm__kernel': 'rbf'}
----------------------------------------
Métricas Fold 1 - SVM-LBP-Specialist-piper_gaudichaudianum:
   📊 Acurácia: 88.8889%
   📊 F1: 94.1176%
   📊 Recall: 100.0000%
   📊 Precision: 88.8889%
----------------------------------------
~~~~~~~~~~~~~~~~~~~~~~~~~

~~ Fold 2 ~~
Melhores parâmetros: {'svm__C': 0.1, 'svm__gamma': 2e-05, 'svm__kernel': 'rbf'}
----------------------------------------
Métricas Fold 2 - SVM-LBP-Specialist-piper_gaudichaudianum:
   📊 Acurácia: 88.8889%
   📊 F1: 94.1176%
   📊 Recall: 100.0000%
   📊 Precision: 88.8889%
----------------------------------------
~~~~~~~~~~~~~~~~~~~~~~~~~

~~ Fold 3 ~~
Melhores parâmetros: {'svm__C': 0.1, 'svm__gamma': 2e-05, 'svm__kernel': 'rbf'}
----------------------------------------
Métricas Fold 3 - SVM-LBP-Specialist-piper_gaudichaudianum:
   📊 Acurácia: 88.8889%
   📊 F1: 94.1176%
   📊 Recall: 100.0000%
   📊 Precision: 88.8889%
----------------------------------------
~~~~~~~~~~~~~~~~~~~~~~~~~

~~ Fold 4 ~~
Melhores parâmetros: {'svm__C': 100, 'svm__gamma': 0.002, 'svm__kernel': 'rbf'}
----------------------------------------
Métricas Fold 4 - SVM-LBP-Specialist-piper_gaudichaudianum:
   📊 Acurácia: 88.5185%
   📊 F1: 93.9016%
   📊 Recall: 99.4444%
   📊 Precision: 88.9441%
----------------------------------------
~~~~~~~~~~~~~~~~~~~~~~~~~

~~ Fold 5 ~~
Melhores parâmetros: {'svm__C': 0.1, 'svm__gamma': 2e-05, 'svm__kernel': 'rbf'}
----------------------------------------
Métricas Fold 5 - SVM-LBP-Specialist-piper_gaudichaudianum:
   📊 Acurácia: 88.8889%
   📊 F1: 94.1176%
   📊 Recall: 100.0000%
   📊 Precision: 88.8889%
----------------------------------------
~~~~~~~~~~~~~~~~~~~~~~~~~
==================================================

🎯 Treinando especialista 6/9: piper_glabratum
=== Iniciando treinamento assistido: SVM-LBP-Specialist-piper_glabratum ===
Validação cruzada: 5 folds
==================================================

~~ Fold 1 ~~
Melhores parâmetros: {'svm__C': 100, 'svm__gamma': 0.002, 'svm__kernel': 'rbf'}
----------------------------------------
Métricas Fold 1 - SVM-LBP-Specialist-piper_glabratum:
   📊 Acurácia: 88.8889%
   📊 F1: 94.1176%
   📊 Recall: 100.0000%
   📊 Precision: 88.8889%
----------------------------------------
~~~~~~~~~~~~~~~~~~~~~~~~~

~~ Fold 2 ~~
Melhores parâmetros: {'svm__C': 0.1, 'svm__gamma': 2e-05, 'svm__kernel': 'rbf'}
----------------------------------------
Métricas Fold 2 - SVM-LBP-Specialist-piper_glabratum:
   📊 Acurácia: 88.8889%
   📊 F1: 94.1176%
   📊 Recall: 100.0000%
   📊 Precision: 88.8889%
----------------------------------------
~~~~~~~~~~~~~~~~~~~~~~~~~

~~ Fold 3 ~~
Melhores parâmetros: {'svm__C': 0.1, 'svm__gamma': 2e-05, 'svm__kernel': 'rbf'}
----------------------------------------
Métricas Fold 3 - SVM-LBP-Specialist-piper_glabratum:
   📊 Acurácia: 88.8889%
   📊 F1: 94.1176%
   📊 Recall: 100.0000%
   📊 Precision: 88.8889%
----------------------------------------
~~~~~~~~~~~~~~~~~~~~~~~~~

~~ Fold 4 ~~
Melhores parâmetros: {'svm__C': 0.1, 'svm__gamma': 2e-05, 'svm__kernel': 'rbf'}
----------------------------------------
Métricas Fold 4 - SVM-LBP-Specialist-piper_glabratum:
   📊 Acurácia: 88.8889%
   📊 F1: 94.1176%
   📊 Recall: 100.0000%
   📊 Precision: 88.8889%
----------------------------------------
~~~~~~~~~~~~~~~~~~~~~~~~~

~~ Fold 5 ~~
Melhores parâmetros: {'svm__C': 0.1, 'svm__gamma': 2e-05, 'svm__kernel': 'rbf'}
----------------------------------------
Métricas Fold 5 - SVM-LBP-Specialist-piper_glabratum:
   📊 Acurácia: 88.8889%
   📊 F1: 94.1176%
   📊 Recall: 100.0000%
   📊 Precision: 88.8889%
----------------------------------------
~~~~~~~~~~~~~~~~~~~~~~~~~
==================================================

🎯 Treinando especialista 7/9: piper_hispidum
=== Iniciando treinamento assistido: SVM-LBP-Specialist-piper_hispidum ===
Validação cruzada: 5 folds
==================================================

~~ Fold 1 ~~
Melhores parâmetros: {'svm__C': 0.1, 'svm__gamma': 2e-05, 'svm__kernel': 'rbf'}
----------------------------------------
Métricas Fold 1 - SVM-LBP-Specialist-piper_hispidum:
   📊 Acurácia: 88.8889%
   📊 F1: 94.1176%
   📊 Recall: 100.0000%
   📊 Precision: 88.8889%
----------------------------------------
~~~~~~~~~~~~~~~~~~~~~~~~~

~~ Fold 2 ~~
Melhores parâmetros: {'svm__C': 0.1, 'svm__gamma': 2e-05, 'svm__kernel': 'rbf'}
----------------------------------------
Métricas Fold 2 - SVM-LBP-Specialist-piper_hispidum:
   📊 Acurácia: 88.8889%
   📊 F1: 94.1176%
   📊 Recall: 100.0000%
   📊 Precision: 88.8889%
----------------------------------------
~~~~~~~~~~~~~~~~~~~~~~~~~

~~ Fold 3 ~~
Melhores parâmetros: {'svm__C': 0.1, 'svm__gamma': 2e-05, 'svm__kernel': 'rbf'}
----------------------------------------
Métricas Fold 3 - SVM-LBP-Specialist-piper_hispidum:
   📊 Acurácia: 88.8889%
   📊 F1: 94.1176%
   📊 Recall: 100.0000%
   📊 Precision: 88.8889%
----------------------------------------
~~~~~~~~~~~~~~~~~~~~~~~~~

~~ Fold 4 ~~
Melhores parâmetros: {'svm__C': 0.1, 'svm__gamma': 2e-05, 'svm__kernel': 'rbf'}
----------------------------------------
Métricas Fold 4 - SVM-LBP-Specialist-piper_hispidum:
   📊 Acurácia: 88.8889%
   📊 F1: 94.1176%
   📊 Recall: 100.0000%
   📊 Precision: 88.8889%
----------------------------------------
~~~~~~~~~~~~~~~~~~~~~~~~~

~~ Fold 5 ~~
Melhores parâmetros: {'svm__C': 0.1, 'svm__gamma': 2e-05, 'svm__kernel': 'rbf'}
----------------------------------------
Métricas Fold 5 - SVM-LBP-Specialist-piper_hispidum:
   📊 Acurácia: 88.8889%
   📊 F1: 94.1176%
   📊 Recall: 100.0000%
   📊 Precision: 88.8889%
----------------------------------------
~~~~~~~~~~~~~~~~~~~~~~~~~
==================================================

🎯 Treinando especialista 8/9: piper_miquelianum
=== Iniciando treinamento assistido: SVM-LBP-Specialist-piper_miquelianum ===
Validação cruzada: 5 folds
==================================================

~~ Fold 1 ~~
Melhores parâmetros: {'svm__C': 10, 'svm__gamma': 'auto', 'svm__kernel': 'rbf'}
----------------------------------------
Métricas Fold 1 - SVM-LBP-Specialist-piper_miquelianum:
   📊 Acurácia: 89.5062%
   📊 F1: 94.3597%
   📊 Recall: 98.7500%
   📊 Precision: 90.3431%
----------------------------------------
~~~~~~~~~~~~~~~~~~~~~~~~~

~~ Fold 2 ~~
Melhores parâmetros: {'svm__C': 100, 'svm__gamma': 0.002, 'svm__kernel': 'rbf'}
----------------------------------------
Métricas Fold 2 - SVM-LBP-Specialist-piper_miquelianum:
   📊 Acurácia: 90.1235%
   📊 F1: 94.7160%
   📊 Recall: 99.5833%
   📊 Precision: 90.3023%
----------------------------------------
~~~~~~~~~~~~~~~~~~~~~~~~~

~~ Fold 3 ~~
Melhores parâmetros: {'svm__C': 1000, 'svm__gamma': 0.002, 'svm__kernel': 'rbf'}
----------------------------------------
Métricas Fold 3 - SVM-LBP-Specialist-piper_miquelianum:
   📊 Acurácia: 88.8889%
   📊 F1: 93.9597%
   📊 Recall: 97.2222%
   📊 Precision: 90.9091%
----------------------------------------
~~~~~~~~~~~~~~~~~~~~~~~~~

~~ Fold 4 ~~
Melhores parâmetros: {'svm__C': 100, 'svm__gamma': 0.002, 'svm__kernel': 'rbf'}
----------------------------------------
Métricas Fold 4 - SVM-LBP-Specialist-piper_miquelianum:
   📊 Acurácia: 89.5062%
   📊 F1: 94.3746%
   📊 Recall: 99.0278%
   📊 Precision: 90.1391%
----------------------------------------
~~~~~~~~~~~~~~~~~~~~~~~~~

~~ Fold 5 ~~
Melhores parâmetros: {'svm__C': 100, 'svm__gamma': 0.002, 'svm__kernel': 'rbf'}
----------------------------------------
Métricas Fold 5 - SVM-LBP-Specialist-piper_miquelianum:
   📊 Acurácia: 89.8765%
   📊 F1: 94.5623%
   📊 Recall: 99.0278%
   📊 Precision: 90.4822%
----------------------------------------
~~~~~~~~~~~~~~~~~~~~~~~~~
==================================================

🎯 Treinando especialista 9/9: piper_xylosteoides
=== Iniciando treinamento assistido: SVM-LBP-Specialist-piper_xylosteoides ===
Validação cruzada: 5 folds
==================================================

~~ Fold 1 ~~
Melhores parâmetros: {'svm__C': 0.1, 'svm__gamma': 2e-05, 'svm__kernel': 'rbf'}
----------------------------------------
Métricas Fold 1 - SVM-LBP-Specialist-piper_xylosteoides:
   📊 Acurácia: 88.8889%
   📊 F1: 94.1176%
   📊 Recall: 100.0000%
   📊 Precision: 88.8889%
----------------------------------------
~~~~~~~~~~~~~~~~~~~~~~~~~

~~ Fold 2 ~~
Melhores parâmetros: {'svm__C': 0.1, 'svm__gamma': 2e-05, 'svm__kernel': 'rbf'}
----------------------------------------
Métricas Fold 2 - SVM-LBP-Specialist-piper_xylosteoides:
   📊 Acurácia: 88.8889%
   📊 F1: 94.1176%
   📊 Recall: 100.0000%
   📊 Precision: 88.8889%
----------------------------------------
~~~~~~~~~~~~~~~~~~~~~~~~~

~~ Fold 3 ~~
Melhores parâmetros: {'svm__C': 0.1, 'svm__gamma': 2e-05, 'svm__kernel': 'rbf'}
----------------------------------------
Métricas Fold 3 - SVM-LBP-Specialist-piper_xylosteoides:
   📊 Acurácia: 88.8889%
   📊 F1: 94.1176%
   📊 Recall: 100.0000%
   📊 Precision: 88.8889%
----------------------------------------
~~~~~~~~~~~~~~~~~~~~~~~~~

~~ Fold 4 ~~
Melhores parâmetros: {'svm__C': 0.1, 'svm__gamma': 2e-05, 'svm__kernel': 'rbf'}
----------------------------------------
Métricas Fold 4 - SVM-LBP-Specialist-piper_xylosteoides:
   📊 Acurácia: 88.8889%
   📊 F1: 94.1176%
   📊 Recall: 100.0000%
   📊 Precision: 88.8889%
----------------------------------------
~~~~~~~~~~~~~~~~~~~~~~~~~

~~ Fold 5 ~~
Melhores parâmetros: {'svm__C': 0.1, 'svm__gamma': 2e-05, 'svm__kernel': 'rbf'}
----------------------------------------
Métricas Fold 5 - SVM-LBP-Specialist-piper_xylosteoides:
   📊 Acurácia: 88.8889%
   📊 F1: 94.1176%
   📊 Recall: 100.0000%
   📊 Precision: 88.8889%
----------------------------------------
~~~~~~~~~~~~~~~~~~~~~~~~~
==================================================

🎉 Treinamento de especialistas SVM-LBP concluído!
   ✅ 9 especialistas treinados com sucesso
   📦 Array retornado: raw_probabilities[i] = probabilidades do especialista da classe i
============================================================
⏱️ Tempo de execução (SVM-LBP): 8m 7.06s
########################################
Métricas Finais Relevância SVM LBP:
   📊 Acurácia: 41.5556%
   📊 F1: 35.5457%
   📊 Recall: 41.5556%
   📊 Precision: 37.8377%
----------------------------------------
Métricas de Treinamento dos Especialistas:
   Especialista classe 0:
      1️⃣ Acurácia Média: 90.1728% +- 0.6078%
        | Folds: 90.0000%, 91.1111%, 90.6173%, 89.5062%, 89.6296%
      2️⃣ F1 Média: 94.7071% +- 0.3324%
        | Folds: 94.6251%, 95.2000%, 94.9669%, 94.2991%, 94.4444%
      3️⃣ Recall Médio: 98.9167% +- 0.6655%
        | Folds: 99.0278%, 99.1667%, 99.5833%, 97.6389%, 99.1667%
      4️⃣ Precision Média: 90.8454% +- 0.4781%
        | Folds: 90.5972%, 91.5385%, 90.7595%, 91.1803%, 90.1515%
   Especialista classe 1:
      1️⃣ Acurácia Média: 90.1975% +- 0.7391%
        | Folds: 89.3827%, 89.6296%, 89.8765%, 90.7407%, 91.3580%
      2️⃣ F1 Média: 94.7136% +- 0.4068%
        | Folds: 94.2049%, 94.4444%, 94.5910%, 94.9698%, 95.3581%
      3️⃣ Recall Médio: 98.8056% +- 1.0039%
        | Folds: 97.0833%, 99.1667%, 99.5833%, 98.3333%, 99.8611%
      4️⃣ Precision Média: 90.9583% +- 0.7148%
        | Folds: 91.4921%, 90.1515%, 90.0754%, 91.8288%, 91.2437%
   Especialista classe 2:
      1️⃣ Acurácia Média: 88.9383% +- 0.0605%
        | Folds: 89.0123%, 88.8889%, 88.8889%, 89.0123%, 88.8889%
      2️⃣ F1 Média: 94.1392% +- 0.0298%
        | Folds: 94.1716%, 94.1099%, 94.1176%, 94.1792%, 94.1176%
      3️⃣ Recall Médio: 99.9444% +- 0.0680%
        | Folds: 99.8611%, 99.8611%, 100.0000%, 100.0000%, 100.0000%
      4️⃣ Precision Média: 88.9714% +- 0.0774%
        | Folds: 89.0954%, 88.9851%, 88.8889%, 88.9988%, 88.8889%
   Especialista classe 3:
      1️⃣ Acurácia Média: 88.7407% +- 0.1975%
        | Folds: 88.3951%, 88.6420%, 88.8889%, 88.8889%, 88.8889%
      2️⃣ F1 Média: 94.0280% +- 0.1203%
        | Folds: 93.8158%, 93.9712%, 94.1176%, 94.1176%, 94.1176%
      3️⃣ Recall Médio: 99.7222% +- 0.3829%
        | Folds: 99.0278%, 99.5833%, 100.0000%, 100.0000%, 100.0000%
      4️⃣ Precision Média: 88.9499% +- 0.0915%
        | Folds: 89.1250%, 88.9578%, 88.8889%, 88.8889%, 88.8889%
   Especialista classe 4:
      1️⃣ Acurácia Média: 88.8148% +- 0.1481%
        | Folds: 88.8889%, 88.8889%, 88.8889%, 88.5185%, 88.8889%
      2️⃣ F1 Média: 94.0744% +- 0.0864%
        | Folds: 94.1176%, 94.1176%, 94.1176%, 93.9016%, 94.1176%
      3️⃣ Recall Médio: 99.8889% +- 0.2222%
        | Folds: 100.0000%, 100.0000%, 100.0000%, 99.4444%, 100.0000%
      4️⃣ Precision Média: 88.8999% +- 0.0221%
        | Folds: 88.8889%, 88.8889%, 88.8889%, 88.9441%, 88.8889%
   Especialista classe 5:
      1️⃣ Acurácia Média: 88.8889% +- 0.0000%
        | Folds: 88.8889%, 88.8889%, 88.8889%, 88.8889%, 88.8889%
      2️⃣ F1 Média: 94.1176% +- 0.0000%
        | Folds: 94.1176%, 94.1176%, 94.1176%, 94.1176%, 94.1176%
      3️⃣ Recall Médio: 100.0000% +- 0.0000%
        | Folds: 100.0000%, 100.0000%, 100.0000%, 100.0000%, 100.0000%
      4️⃣ Precision Média: 88.8889% +- 0.0000%
        | Folds: 88.8889%, 88.8889%, 88.8889%, 88.8889%, 88.8889%
   Especialista classe 6:
      1️⃣ Acurácia Média: 88.8889% +- 0.0000%
        | Folds: 88.8889%, 88.8889%, 88.8889%, 88.8889%, 88.8889%
      2️⃣ F1 Média: 94.1176% +- 0.0000%
        | Folds: 94.1176%, 94.1176%, 94.1176%, 94.1176%, 94.1176%
      3️⃣ Recall Médio: 100.0000% +- 0.0000%
        | Folds: 100.0000%, 100.0000%, 100.0000%, 100.0000%, 100.0000%
      4️⃣ Precision Média: 88.8889% +- 0.0000%
        | Folds: 88.8889%, 88.8889%, 88.8889%, 88.8889%, 88.8889%
   Especialista classe 7:
      1️⃣ Acurácia Média: 89.5802% +- 0.4176%
        | Folds: 89.5062%, 90.1235%, 88.8889%, 89.5062%, 89.8765%
      2️⃣ F1 Média: 94.3945% +- 0.2538%
        | Folds: 94.3597%, 94.7160%, 93.9597%, 94.3746%, 94.5623%
      3️⃣ Recall Médio: 98.7222% +- 0.7974%
        | Folds: 98.7500%, 99.5833%, 97.2222%, 99.0278%, 99.0278%
      4️⃣ Precision Média: 90.4351% +- 0.2610%
        | Folds: 90.3431%, 90.3023%, 90.9091%, 90.1391%, 90.4822%
   Especialista classe 8:
      1️⃣ Acurácia Média: 88.8889% +- 0.0000%
        | Folds: 88.8889%, 88.8889%, 88.8889%, 88.8889%, 88.8889%
      2️⃣ F1 Média: 94.1176% +- 0.0000%
        | Folds: 94.1176%, 94.1176%, 94.1176%, 94.1176%, 94.1176%
      3️⃣ Recall Médio: 100.0000% +- 0.0000%
        | Folds: 100.0000%, 100.0000%, 100.0000%, 100.0000%, 100.0000%
      4️⃣ Precision Média: 88.8889% +- 0.0000%
        | Folds: 88.8889%, 88.8889%, 88.8889%, 88.8889%, 88.8889%
########################################
📊 Exportando resultados para CSV: SVM_LBP
   📁 Arquivo com os resultados: results/csv_exports/svm_lbp_results.csv
   📁 Arquivo com as métricas: results/csv_exports/svm_lbp_metrics.csv
   🎯 Imagens: 450 amostras
--------------------------------------------------
   ✅ 450 linhas escritas com sucesso
   💾 Arquivo salvo: results/csv_exports/svm_lbp_results.csv
   ✅ 55 linhas de métricas escritas com sucesso
   💾 Arquivo salvo: results/csv_exports/svm_lbp_metrics.csv
==================================================

📊 Calculando relevância GLCM...
🚀 Iniciando treinamento de especialistas SVM-GLCM
   📋 9 especialistas para treinar
   🔄 Validação cruzada: 5 folds
------------------------------------------------------------

🎯 Treinando especialista 1/9: peperomia_glabella
=== Iniciando treinamento assistido: SVM-GLCM-Specialist-peperomia_glabella ===
Validação cruzada: 5 folds
==================================================

~~ Fold 1 ~~
Melhores parâmetros: {'svm__C': 100, 'svm__gamma': 'auto', 'svm__kernel': 'rbf'}
----------------------------------------
Métricas Fold 1 - SVM-GLCM-Specialist-peperomia_glabella:
   📊 Acurácia: 91.3580%
   📊 F1: 95.2446%
   📊 Recall: 97.3611%
   📊 Precision: 93.2181%
----------------------------------------
~~~~~~~~~~~~~~~~~~~~~~~~~

~~ Fold 2 ~~
Melhores parâmetros: {'svm__C': 1000, 'svm__gamma': 0.002, 'svm__kernel': 'rbf'}
----------------------------------------
Métricas Fold 2 - SVM-GLCM-Specialist-peperomia_glabella:
   📊 Acurácia: 92.5926%
   📊 F1: 95.9184%
   📊 Recall: 97.9167%
   📊 Precision: 94.0000%
----------------------------------------
~~~~~~~~~~~~~~~~~~~~~~~~~

~~ Fold 3 ~~
Melhores parâmetros: {'svm__C': 1000, 'svm__gamma': 0.002, 'svm__kernel': 'rbf'}
----------------------------------------
Métricas Fold 3 - SVM-GLCM-Specialist-peperomia_glabella:
   📊 Acurácia: 92.0988%
   📊 F1: 95.7219%
   📊 Recall: 99.4444%
   📊 Precision: 92.2680%
----------------------------------------
~~~~~~~~~~~~~~~~~~~~~~~~~

~~ Fold 4 ~~
Melhores parâmetros: {'svm__C': 1000, 'svm__gamma': 0.002, 'svm__kernel': 'rbf'}
----------------------------------------
Métricas Fold 4 - SVM-GLCM-Specialist-peperomia_glabella:
   📊 Acurácia: 91.7284%
   📊 F1: 95.4391%
   📊 Recall: 97.3611%
   📊 Precision: 93.5915%
----------------------------------------
~~~~~~~~~~~~~~~~~~~~~~~~~

~~ Fold 5 ~~
Melhores parâmetros: {'svm__C': 1000, 'svm__gamma': 'auto', 'svm__kernel': 'rbf'}
----------------------------------------
Métricas Fold 5 - SVM-GLCM-Specialist-peperomia_glabella:
   📊 Acurácia: 91.2346%
   📊 F1: 95.1995%
   📊 Recall: 97.7778%
   📊 Precision: 92.7536%
----------------------------------------
~~~~~~~~~~~~~~~~~~~~~~~~~
==================================================

🎯 Treinando especialista 2/9: peperomia_tetraphylla
=== Iniciando treinamento assistido: SVM-GLCM-Specialist-peperomia_tetraphylla ===
Validação cruzada: 5 folds
==================================================

~~ Fold 1 ~~
Melhores parâmetros: {'svm__C': 100, 'svm__gamma': 'auto', 'svm__kernel': 'rbf'}
----------------------------------------
Métricas Fold 1 - SVM-GLCM-Specialist-peperomia_tetraphylla:
   📊 Acurácia: 92.0988%
   📊 F1: 95.6403%
   📊 Recall: 97.5000%
   📊 Precision: 93.8503%
----------------------------------------
~~~~~~~~~~~~~~~~~~~~~~~~~

~~ Fold 2 ~~
Melhores parâmetros: {'svm__C': 1000, 'svm__gamma': 0.002, 'svm__kernel': 'rbf'}
----------------------------------------
Métricas Fold 2 - SVM-GLCM-Specialist-peperomia_tetraphylla:
   📊 Acurácia: 91.6049%
   📊 F1: 95.4362%
   📊 Recall: 98.7500%
   📊 Precision: 92.3377%
----------------------------------------
~~~~~~~~~~~~~~~~~~~~~~~~~

~~ Fold 3 ~~
Melhores parâmetros: {'svm__C': 100, 'svm__gamma': 'auto', 'svm__kernel': 'rbf'}
----------------------------------------
Métricas Fold 3 - SVM-GLCM-Specialist-peperomia_tetraphylla:
   📊 Acurácia: 92.7160%
   📊 F1: 96.0269%
   📊 Recall: 99.0278%
   📊 Precision: 93.2026%
----------------------------------------
~~~~~~~~~~~~~~~~~~~~~~~~~

~~ Fold 4 ~~
Melhores parâmetros: {'svm__C': 1000, 'svm__gamma': 'auto', 'svm__kernel': 'rbf'}
----------------------------------------
Métricas Fold 4 - SVM-GLCM-Specialist-peperomia_tetraphylla:
   📊 Acurácia: 93.2099%
   📊 F1: 96.2560%
   📊 Recall: 98.1944%
   📊 Precision: 94.3925%
----------------------------------------
~~~~~~~~~~~~~~~~~~~~~~~~~

~~ Fold 5 ~~
Melhores parâmetros: {'svm__C': 1000, 'svm__gamma': 0.002, 'svm__kernel': 'rbf'}
----------------------------------------
Métricas Fold 5 - SVM-GLCM-Specialist-peperomia_tetraphylla:
   📊 Acurácia: 91.4815%
   📊 F1: 95.3969%
   📊 Recall: 99.3056%
   📊 Precision: 91.7843%
----------------------------------------
~~~~~~~~~~~~~~~~~~~~~~~~~
==================================================

🎯 Treinando especialista 3/9: peperomia_urocarpa
=== Iniciando treinamento assistido: SVM-GLCM-Specialist-peperomia_urocarpa ===
Validação cruzada: 5 folds
==================================================

~~ Fold 1 ~~
Melhores parâmetros: {'svm__C': 1000, 'svm__gamma': 'auto', 'svm__kernel': 'rbf'}
----------------------------------------
Métricas Fold 1 - SVM-GLCM-Specialist-peperomia_urocarpa:
   📊 Acurácia: 89.2593%
   📊 F1: 94.1414%
   📊 Recall: 97.0833%
   📊 Precision: 91.3725%
----------------------------------------
~~~~~~~~~~~~~~~~~~~~~~~~~

~~ Fold 2 ~~
Melhores parâmetros: {'svm__C': 1, 'svm__gamma': 0.2, 'svm__kernel': 'rbf'}
----------------------------------------
Métricas Fold 2 - SVM-GLCM-Specialist-peperomia_urocarpa:
   📊 Acurácia: 88.2716%
   📊 F1: 93.7044%
   📊 Recall: 98.1944%
   📊 Precision: 89.6071%
----------------------------------------
~~~~~~~~~~~~~~~~~~~~~~~~~

~~ Fold 3 ~~
Melhores parâmetros: {'svm__C': 1000, 'svm__gamma': 'auto', 'svm__kernel': 'rbf'}
----------------------------------------
Métricas Fold 3 - SVM-GLCM-Specialist-peperomia_urocarpa:
   📊 Acurácia: 88.3951%
   📊 F1: 93.6401%
   📊 Recall: 96.1111%
   📊 Precision: 91.2929%
----------------------------------------
~~~~~~~~~~~~~~~~~~~~~~~~~

~~ Fold 4 ~~
Melhores parâmetros: {'svm__C': 1, 'svm__gamma': 0.2, 'svm__kernel': 'rbf'}
----------------------------------------
Métricas Fold 4 - SVM-GLCM-Specialist-peperomia_urocarpa:
   📊 Acurácia: 89.7531%
   📊 F1: 94.5215%
   📊 Recall: 99.4444%
   📊 Precision: 90.0629%
----------------------------------------
~~~~~~~~~~~~~~~~~~~~~~~~~

~~ Fold 5 ~~
Melhores parâmetros: {'svm__C': 1000, 'svm__gamma': 'auto', 'svm__kernel': 'rbf'}
----------------------------------------
Métricas Fold 5 - SVM-GLCM-Specialist-peperomia_urocarpa:
   📊 Acurácia: 90.6173%
   📊 F1: 94.8856%
   📊 Recall: 97.9167%
   📊 Precision: 92.0366%
----------------------------------------
~~~~~~~~~~~~~~~~~~~~~~~~~
==================================================

🎯 Treinando especialista 4/9: piper_amalago
=== Iniciando treinamento assistido: SVM-GLCM-Specialist-piper_amalago ===
Validação cruzada: 5 folds
==================================================

~~ Fold 1 ~~
Melhores parâmetros: {'svm__C': 1000, 'svm__gamma': 0.002, 'svm__kernel': 'rbf'}
----------------------------------------
Métricas Fold 1 - SVM-GLCM-Specialist-piper_amalago:
   📊 Acurácia: 89.2593%
   📊 F1: 94.2801%
   📊 Recall: 99.5833%
   📊 Precision: 89.5131%
----------------------------------------
~~~~~~~~~~~~~~~~~~~~~~~~~

~~ Fold 2 ~~
Melhores parâmetros: {'svm__C': 1000, 'svm__gamma': 0.002, 'svm__kernel': 'rbf'}
----------------------------------------
Métricas Fold 2 - SVM-GLCM-Specialist-piper_amalago:
   📊 Acurácia: 89.6296%
   📊 F1: 94.4591%
   📊 Recall: 99.4444%
   📊 Precision: 89.9497%
----------------------------------------
~~~~~~~~~~~~~~~~~~~~~~~~~

~~ Fold 3 ~~
Melhores parâmetros: {'svm__C': 100, 'svm__gamma': 'auto', 'svm__kernel': 'rbf'}
----------------------------------------
Métricas Fold 3 - SVM-GLCM-Specialist-piper_amalago:
   📊 Acurácia: 89.5062%
   📊 F1: 94.3597%
   📊 Recall: 98.7500%
   📊 Precision: 90.3431%
----------------------------------------
~~~~~~~~~~~~~~~~~~~~~~~~~

~~ Fold 4 ~~
Melhores parâmetros: {'svm__C': 1000, 'svm__gamma': 0.002, 'svm__kernel': 'rbf'}
----------------------------------------
Métricas Fold 4 - SVM-GLCM-Specialist-piper_amalago:
   📊 Acurácia: 88.6420%
   📊 F1: 93.9314%
   📊 Recall: 98.8889%
   📊 Precision: 89.4472%
----------------------------------------
~~~~~~~~~~~~~~~~~~~~~~~~~

~~ Fold 5 ~~
Melhores parâmetros: {'svm__C': 1000, 'svm__gamma': 0.002, 'svm__kernel': 'rbf'}
----------------------------------------
Métricas Fold 5 - SVM-GLCM-Specialist-piper_amalago:
   📊 Acurácia: 89.7531%
   📊 F1: 94.5431%
   📊 Recall: 99.8611%
   📊 Precision: 89.7628%
----------------------------------------
~~~~~~~~~~~~~~~~~~~~~~~~~
==================================================

🎯 Treinando especialista 5/9: piper_gaudichaudianum
=== Iniciando treinamento assistido: SVM-GLCM-Specialist-piper_gaudichaudianum ===
Validação cruzada: 5 folds
==================================================

~~ Fold 1 ~~
Melhores parâmetros: {'svm__C': 0.1, 'svm__gamma': 2e-05, 'svm__kernel': 'rbf'}
----------------------------------------
Métricas Fold 1 - SVM-GLCM-Specialist-piper_gaudichaudianum:
   📊 Acurácia: 88.8889%
   📊 F1: 94.1176%
   📊 Recall: 100.0000%
   📊 Precision: 88.8889%
----------------------------------------
~~~~~~~~~~~~~~~~~~~~~~~~~

~~ Fold 2 ~~
Melhores parâmetros: {'svm__C': 0.1, 'svm__gamma': 2e-05, 'svm__kernel': 'rbf'}
----------------------------------------
Métricas Fold 2 - SVM-GLCM-Specialist-piper_gaudichaudianum:
   📊 Acurácia: 88.8889%
   📊 F1: 94.1176%
   📊 Recall: 100.0000%
   📊 Precision: 88.8889%
----------------------------------------
~~~~~~~~~~~~~~~~~~~~~~~~~

~~ Fold 3 ~~
Melhores parâmetros: {'svm__C': 0.1, 'svm__gamma': 2e-05, 'svm__kernel': 'rbf'}
----------------------------------------
Métricas Fold 3 - SVM-GLCM-Specialist-piper_gaudichaudianum:
   📊 Acurácia: 88.8889%
   📊 F1: 94.1176%
   📊 Recall: 100.0000%
   📊 Precision: 88.8889%
----------------------------------------
~~~~~~~~~~~~~~~~~~~~~~~~~

~~ Fold 4 ~~
Melhores parâmetros: {'svm__C': 0.1, 'svm__gamma': 2e-05, 'svm__kernel': 'rbf'}
----------------------------------------
Métricas Fold 4 - SVM-GLCM-Specialist-piper_gaudichaudianum:
   📊 Acurácia: 88.8889%
   📊 F1: 94.1176%
   📊 Recall: 100.0000%
   📊 Precision: 88.8889%
----------------------------------------
~~~~~~~~~~~~~~~~~~~~~~~~~

~~ Fold 5 ~~
Melhores parâmetros: {'svm__C': 0.1, 'svm__gamma': 2e-05, 'svm__kernel': 'rbf'}
----------------------------------------
Métricas Fold 5 - SVM-GLCM-Specialist-piper_gaudichaudianum:
   📊 Acurácia: 88.8889%
   📊 F1: 94.1176%
   📊 Recall: 100.0000%
   📊 Precision: 88.8889%
----------------------------------------
~~~~~~~~~~~~~~~~~~~~~~~~~
==================================================

🎯 Treinando especialista 6/9: piper_glabratum
=== Iniciando treinamento assistido: SVM-GLCM-Specialist-piper_glabratum ===
Validação cruzada: 5 folds
==================================================

~~ Fold 1 ~~
Melhores parâmetros: {'svm__C': 0.1, 'svm__gamma': 2e-05, 'svm__kernel': 'rbf'}
----------------------------------------
Métricas Fold 1 - SVM-GLCM-Specialist-piper_glabratum:
   📊 Acurácia: 88.8889%
   📊 F1: 94.1176%
   📊 Recall: 100.0000%
   📊 Precision: 88.8889%
----------------------------------------
~~~~~~~~~~~~~~~~~~~~~~~~~

~~ Fold 2 ~~
Melhores parâmetros: {'svm__C': 0.1, 'svm__gamma': 2e-05, 'svm__kernel': 'rbf'}
----------------------------------------
Métricas Fold 2 - SVM-GLCM-Specialist-piper_glabratum:
   📊 Acurácia: 88.8889%
   📊 F1: 94.1176%
   📊 Recall: 100.0000%
   📊 Precision: 88.8889%
----------------------------------------
~~~~~~~~~~~~~~~~~~~~~~~~~

~~ Fold 3 ~~
Melhores parâmetros: {'svm__C': 0.1, 'svm__gamma': 2e-05, 'svm__kernel': 'rbf'}
----------------------------------------
Métricas Fold 3 - SVM-GLCM-Specialist-piper_glabratum:
   📊 Acurácia: 88.8889%
   📊 F1: 94.1176%
   📊 Recall: 100.0000%
   📊 Precision: 88.8889%
----------------------------------------
~~~~~~~~~~~~~~~~~~~~~~~~~

~~ Fold 4 ~~
Melhores parâmetros: {'svm__C': 100, 'svm__gamma': 'auto', 'svm__kernel': 'rbf'}
----------------------------------------
Métricas Fold 4 - SVM-GLCM-Specialist-piper_glabratum:
   📊 Acurácia: 88.3951%
   📊 F1: 93.8239%
   📊 Recall: 99.1667%
   📊 Precision: 89.0274%
----------------------------------------
~~~~~~~~~~~~~~~~~~~~~~~~~

~~ Fold 5 ~~
Melhores parâmetros: {'svm__C': 0.1, 'svm__gamma': 2e-05, 'svm__kernel': 'rbf'}
----------------------------------------
Métricas Fold 5 - SVM-GLCM-Specialist-piper_glabratum:
   📊 Acurácia: 88.8889%
   📊 F1: 94.1176%
   📊 Recall: 100.0000%
   📊 Precision: 88.8889%
----------------------------------------
~~~~~~~~~~~~~~~~~~~~~~~~~
==================================================

🎯 Treinando especialista 7/9: piper_hispidum
=== Iniciando treinamento assistido: SVM-GLCM-Specialist-piper_hispidum ===
Validação cruzada: 5 folds
==================================================

~~ Fold 1 ~~
Melhores parâmetros: {'svm__C': 1, 'svm__gamma': 0.2, 'svm__kernel': 'rbf'}
----------------------------------------
Métricas Fold 1 - SVM-GLCM-Specialist-piper_hispidum:
   📊 Acurácia: 88.7654%
   📊 F1: 94.0484%
   📊 Recall: 99.8611%
   📊 Precision: 88.8752%
----------------------------------------
~~~~~~~~~~~~~~~~~~~~~~~~~

~~ Fold 2 ~~
Melhores parâmetros: {'svm__C': 0.1, 'svm__gamma': 2e-05, 'svm__kernel': 'rbf'}
----------------------------------------
Métricas Fold 2 - SVM-GLCM-Specialist-piper_hispidum:
   📊 Acurácia: 88.8889%
   📊 F1: 94.1176%
   📊 Recall: 100.0000%
   📊 Precision: 88.8889%
----------------------------------------
~~~~~~~~~~~~~~~~~~~~~~~~~

~~ Fold 3 ~~
Melhores parâmetros: {'svm__C': 1, 'svm__gamma': 0.2, 'svm__kernel': 'rbf'}
----------------------------------------
Métricas Fold 3 - SVM-GLCM-Specialist-piper_hispidum:
   📊 Acurácia: 88.7654%
   📊 F1: 94.0484%
   📊 Recall: 99.8611%
   📊 Precision: 88.8752%
----------------------------------------
~~~~~~~~~~~~~~~~~~~~~~~~~

~~ Fold 4 ~~
Melhores parâmetros: {'svm__C': 1, 'svm__gamma': 0.2, 'svm__kernel': 'rbf'}
----------------------------------------
Métricas Fold 4 - SVM-GLCM-Specialist-piper_hispidum:
   📊 Acurácia: 88.7654%
   📊 F1: 94.0484%
   📊 Recall: 99.8611%
   📊 Precision: 88.8752%
----------------------------------------
~~~~~~~~~~~~~~~~~~~~~~~~~

~~ Fold 5 ~~
Melhores parâmetros: {'svm__C': 0.1, 'svm__gamma': 2e-05, 'svm__kernel': 'rbf'}
----------------------------------------
Métricas Fold 5 - SVM-GLCM-Specialist-piper_hispidum:
   📊 Acurácia: 88.8889%
   📊 F1: 94.1176%
   📊 Recall: 100.0000%
   📊 Precision: 88.8889%
----------------------------------------
~~~~~~~~~~~~~~~~~~~~~~~~~
==================================================

🎯 Treinando especialista 8/9: piper_miquelianum
=== Iniciando treinamento assistido: SVM-GLCM-Specialist-piper_miquelianum ===
Validação cruzada: 5 folds
==================================================

~~ Fold 1 ~~
Melhores parâmetros: {'svm__C': 100, 'svm__gamma': 'auto', 'svm__kernel': 'rbf'}
----------------------------------------
Métricas Fold 1 - SVM-GLCM-Specialist-piper_miquelianum:
   📊 Acurácia: 89.5062%
   📊 F1: 94.2606%
   📊 Recall: 96.9444%
   📊 Precision: 91.7214%
----------------------------------------
~~~~~~~~~~~~~~~~~~~~~~~~~

~~ Fold 2 ~~
Melhores parâmetros: {'svm__C': 1000, 'svm__gamma': 'auto', 'svm__kernel': 'rbf'}
----------------------------------------
Métricas Fold 2 - SVM-GLCM-Specialist-piper_miquelianum:
   📊 Acurácia: 93.2099%
   📊 F1: 96.2863%
   📊 Recall: 99.0278%
   📊 Precision: 93.6925%
----------------------------------------
~~~~~~~~~~~~~~~~~~~~~~~~~

~~ Fold 3 ~~
Melhores parâmetros: {'svm__C': 1000, 'svm__gamma': 'auto', 'svm__kernel': 'rbf'}
----------------------------------------
Métricas Fold 3 - SVM-GLCM-Specialist-piper_miquelianum:
   📊 Acurácia: 91.6049%
   📊 F1: 95.4178%
   📊 Recall: 98.3333%
   📊 Precision: 92.6702%
----------------------------------------
~~~~~~~~~~~~~~~~~~~~~~~~~

~~ Fold 4 ~~
Melhores parâmetros: {'svm__C': 1000, 'svm__gamma': 'auto', 'svm__kernel': 'rbf'}
----------------------------------------
Métricas Fold 4 - SVM-GLCM-Specialist-piper_miquelianum:
   📊 Acurácia: 91.9753%
   📊 F1: 95.5992%
   📊 Recall: 98.0556%
   📊 Precision: 93.2629%
----------------------------------------
~~~~~~~~~~~~~~~~~~~~~~~~~

~~ Fold 5 ~~
Melhores parâmetros: {'svm__C': 1000, 'svm__gamma': 'auto', 'svm__kernel': 'rbf'}
----------------------------------------
Métricas Fold 5 - SVM-GLCM-Specialist-piper_miquelianum:
   📊 Acurácia: 90.9877%
   📊 F1: 95.0034%
   📊 Recall: 96.3889%
   📊 Precision: 93.6572%
----------------------------------------
~~~~~~~~~~~~~~~~~~~~~~~~~
==================================================

🎯 Treinando especialista 9/9: piper_xylosteoides
=== Iniciando treinamento assistido: SVM-GLCM-Specialist-piper_xylosteoides ===
Validação cruzada: 5 folds
==================================================

~~ Fold 1 ~~
Melhores parâmetros: {'svm__C': 100, 'svm__gamma': 'auto', 'svm__kernel': 'rbf'}
----------------------------------------
Métricas Fold 1 - SVM-GLCM-Specialist-piper_xylosteoides:
   📊 Acurácia: 89.8765%
   📊 F1: 94.6124%
   📊 Recall: 100.0000%
   📊 Precision: 89.7756%
----------------------------------------
~~~~~~~~~~~~~~~~~~~~~~~~~

~~ Fold 2 ~~
Melhores parâmetros: {'svm__C': 100, 'svm__gamma': 'auto', 'svm__kernel': 'rbf'}
----------------------------------------
Métricas Fold 2 - SVM-GLCM-Specialist-piper_xylosteoides:
   📊 Acurácia: 88.5185%
   📊 F1: 93.8856%
   📊 Recall: 99.1667%
   📊 Precision: 89.1386%
----------------------------------------
~~~~~~~~~~~~~~~~~~~~~~~~~

~~ Fold 3 ~~
Melhores parâmetros: {'svm__C': 100, 'svm__gamma': 'auto', 'svm__kernel': 'rbf'}
----------------------------------------
Métricas Fold 3 - SVM-GLCM-Specialist-piper_xylosteoides:
   📊 Acurácia: 89.0123%
   📊 F1: 94.1409%
   📊 Recall: 99.3056%
   📊 Precision: 89.4869%
----------------------------------------
~~~~~~~~~~~~~~~~~~~~~~~~~

~~ Fold 4 ~~
Melhores parâmetros: {'svm__C': 1000, 'svm__gamma': 0.002, 'svm__kernel': 'rbf'}
----------------------------------------
Métricas Fold 4 - SVM-GLCM-Specialist-piper_xylosteoides:
   📊 Acurácia: 88.7654%
   📊 F1: 94.0171%
   📊 Recall: 99.3056%
   📊 Precision: 89.2634%
----------------------------------------
~~~~~~~~~~~~~~~~~~~~~~~~~

~~ Fold 5 ~~
Melhores parâmetros: {'svm__C': 1000, 'svm__gamma': 0.002, 'svm__kernel': 'rbf'}
----------------------------------------
Métricas Fold 5 - SVM-GLCM-Specialist-piper_xylosteoides:
   📊 Acurácia: 89.3827%
   📊 F1: 94.3644%
   📊 Recall: 100.0000%
   📊 Precision: 89.3300%
----------------------------------------
~~~~~~~~~~~~~~~~~~~~~~~~~
==================================================

🎉 Treinamento de especialistas SVM-GLCM concluído!
   ✅ 9 especialistas treinados com sucesso
   📦 Array retornado: raw_probabilities[i] = probabilidades do especialista da classe i
============================================================
⏱️ Tempo de execução (SVM-GLCM): 9m 24.63s
########################################
Métricas Finais Relevância SVM GLCM:
   📊 Acurácia: 60.0000%
   📊 F1: 54.6575%
   📊 Recall: 60.0000%
   📊 Precision: 52.0912%
----------------------------------------
Métricas de Treinamento dos Especialistas:
   Especialista classe 0:
      1️⃣ Acurácia Média: 91.8025% +- 0.4975%
        | Folds: 91.3580%, 92.5926%, 92.0988%, 91.7284%, 91.2346%
      2️⃣ F1 Média: 95.5047% +- 0.2769%
        | Folds: 95.2446%, 95.9184%, 95.7219%, 95.4391%, 95.1995%
      3️⃣ Recall Médio: 97.9722% +- 0.7688%
        | Folds: 97.3611%, 97.9167%, 99.4444%, 97.3611%, 97.7778%
      4️⃣ Precision Média: 93.1662% +- 0.6092%
        | Folds: 93.2181%, 94.0000%, 92.2680%, 93.5915%, 92.7536%
   Especialista classe 1:
      1️⃣ Acurácia Média: 92.2222% +- 0.6579%
        | Folds: 92.0988%, 91.6049%, 92.7160%, 93.2099%, 91.4815%
      2️⃣ F1 Média: 95.7513% +- 0.3370%
        | Folds: 95.6403%, 95.4362%, 96.0269%, 96.2560%, 95.3969%
      3️⃣ Recall Médio: 98.5556% +- 0.6431%
        | Folds: 97.5000%, 98.7500%, 99.0278%, 98.1944%, 99.3056%
      4️⃣ Precision Média: 93.1135% +- 0.9545%
        | Folds: 93.8503%, 92.3377%, 93.2026%, 94.3925%, 91.7843%
   Especialista classe 2:
      1️⃣ Acurácia Média: 89.2593% +- 0.8730%
        | Folds: 89.2593%, 88.2716%, 88.3951%, 89.7531%, 90.6173%
      2️⃣ F1 Média: 94.1786% +- 0.4762%
        | Folds: 94.1414%, 93.7044%, 93.6401%, 94.5215%, 94.8856%
      3️⃣ Recall Médio: 97.7500% +- 1.1160%
        | Folds: 97.0833%, 98.1944%, 96.1111%, 99.4444%, 97.9167%
      4️⃣ Precision Média: 90.8744% +- 0.8987%
        | Folds: 91.3725%, 89.6071%, 91.2929%, 90.0629%, 92.0366%
   Especialista classe 3:
      1️⃣ Acurácia Média: 89.3580% +- 0.3935%
        | Folds: 89.2593%, 89.6296%, 89.5062%, 88.6420%, 89.7531%
      2️⃣ F1 Média: 94.3147% +- 0.2113%
        | Folds: 94.2801%, 94.4591%, 94.3597%, 93.9314%, 94.5431%
      3️⃣ Recall Médio: 99.3056% +- 0.4213%
        | Folds: 99.5833%, 99.4444%, 98.7500%, 98.8889%, 99.8611%
      4️⃣ Precision Média: 89.8032% +- 0.3242%
        | Folds: 89.5131%, 89.9497%, 90.3431%, 89.4472%, 89.7628%
   Especialista classe 4:
      1️⃣ Acurácia Média: 88.8889% +- 0.0000%
        | Folds: 88.8889%, 88.8889%, 88.8889%, 88.8889%, 88.8889%
      2️⃣ F1 Média: 94.1176% +- 0.0000%
        | Folds: 94.1176%, 94.1176%, 94.1176%, 94.1176%, 94.1176%
      3️⃣ Recall Médio: 100.0000% +- 0.0000%
        | Folds: 100.0000%, 100.0000%, 100.0000%, 100.0000%, 100.0000%
      4️⃣ Precision Média: 88.8889% +- 0.0000%
        | Folds: 88.8889%, 88.8889%, 88.8889%, 88.8889%, 88.8889%
   Especialista classe 5:
      1️⃣ Acurácia Média: 88.7901% +- 0.1975%
        | Folds: 88.8889%, 88.8889%, 88.8889%, 88.3951%, 88.8889%
      2️⃣ F1 Média: 94.0589% +- 0.1175%
        | Folds: 94.1176%, 94.1176%, 94.1176%, 93.8239%, 94.1176%
      3️⃣ Recall Médio: 99.8333% +- 0.3333%
        | Folds: 100.0000%, 100.0000%, 100.0000%, 99.1667%, 100.0000%
      4️⃣ Precision Média: 88.9166% +- 0.0554%
        | Folds: 88.8889%, 88.8889%, 88.8889%, 89.0274%, 88.8889%
   Especialista classe 6:
      1️⃣ Acurácia Média: 88.8148% +- 0.0605%
        | Folds: 88.7654%, 88.8889%, 88.7654%, 88.7654%, 88.8889%
      2️⃣ F1 Média: 94.0761% +- 0.0339%
        | Folds: 94.0484%, 94.1176%, 94.0484%, 94.0484%, 94.1176%
      3️⃣ Recall Médio: 99.9167% +- 0.0680%
        | Folds: 99.8611%, 100.0000%, 99.8611%, 99.8611%, 100.0000%
      4️⃣ Precision Média: 88.8806% +- 0.0067%
        | Folds: 88.8752%, 88.8889%, 88.8752%, 88.8752%, 88.8889%
   Especialista classe 7:
      1️⃣ Acurácia Média: 91.4568% +- 1.2157%
        | Folds: 89.5062%, 93.2099%, 91.6049%, 91.9753%, 90.9877%
      2️⃣ F1 Média: 95.3135% +- 0.6698%
        | Folds: 94.2606%, 96.2863%, 95.4178%, 95.5992%, 95.0034%
      3️⃣ Recall Médio: 97.7500% +- 0.9558%
        | Folds: 96.9444%, 99.0278%, 98.3333%, 98.0556%, 96.3889%
      4️⃣ Precision Média: 93.0008% +- 0.7381%
        | Folds: 91.7214%, 93.6925%, 92.6702%, 93.2629%, 93.6572%
   Especialista classe 8:
      1️⃣ Acurácia Média: 89.1111% +- 0.4775%
        | Folds: 89.8765%, 88.5185%, 89.0123%, 88.7654%, 89.3827%
      2️⃣ F1 Média: 94.2041% +- 0.2580%
        | Folds: 94.6124%, 93.8856%, 94.1409%, 94.0171%, 94.3644%
      3️⃣ Recall Médio: 99.5556% +- 0.3664%
        | Folds: 100.0000%, 99.1667%, 99.3056%, 99.3056%, 100.0000%
      4️⃣ Precision Média: 89.3989% +- 0.2193%
        | Folds: 89.7756%, 89.1386%, 89.4869%, 89.2634%, 89.3300%
########################################
📊 Exportando resultados para CSV: SVM_GLCM
   📁 Arquivo com os resultados: results/csv_exports/svm_glcm_results.csv
   📁 Arquivo com as métricas: results/csv_exports/svm_glcm_metrics.csv
   🎯 Imagens: 450 amostras
--------------------------------------------------
   ✅ 450 linhas escritas com sucesso
   💾 Arquivo salvo: results/csv_exports/svm_glcm_results.csv
   ✅ 55 linhas de métricas escritas com sucesso
   💾 Arquivo salvo: results/csv_exports/svm_glcm_metrics.csv
==================================================

📊 Calculando relevância LPQ...
🚀 Iniciando treinamento de especialistas SVM-LPQ
   📋 9 especialistas para treinar
   🔄 Validação cruzada: 5 folds
------------------------------------------------------------

🎯 Treinando especialista 1/9: peperomia_glabella
=== Iniciando treinamento assistido: SVM-LPQ-Specialist-peperomia_glabella ===
Validação cruzada: 5 folds
==================================================

~~ Fold 1 ~~
Melhores parâmetros: {'svm__C': 10, 'svm__gamma': 0.002, 'svm__kernel': 'rbf'}
----------------------------------------
Métricas Fold 1 - SVM-LPQ-Specialist-peperomia_glabella:
   📊 Acurácia: 89.7531%
   📊 F1: 94.4924%
   📊 Recall: 98.8889%
   📊 Precision: 90.4701%
----------------------------------------
~~~~~~~~~~~~~~~~~~~~~~~~~

~~ Fold 2 ~~
Melhores parâmetros: {'svm__C': 100, 'svm__gamma': 0.002, 'svm__kernel': 'rbf'}
----------------------------------------
Métricas Fold 2 - SVM-LPQ-Specialist-peperomia_glabella:
   📊 Acurácia: 90.2469%
   📊 F1: 94.6149%
   📊 Recall: 96.3889%
   📊 Precision: 92.9050%
----------------------------------------
~~~~~~~~~~~~~~~~~~~~~~~~~

~~ Fold 3 ~~
Melhores parâmetros: {'svm__C': 10, 'svm__gamma': 'auto', 'svm__kernel': 'rbf'}
----------------------------------------
Métricas Fold 3 - SVM-LPQ-Specialist-peperomia_glabella:
   📊 Acurácia: 90.6173%
   📊 F1: 94.9198%
   📊 Recall: 98.6111%
   📊 Precision: 91.4948%
----------------------------------------
~~~~~~~~~~~~~~~~~~~~~~~~~

~~ Fold 4 ~~
Melhores parâmetros: {'svm__C': 10, 'svm__gamma': 'auto', 'svm__kernel': 'rbf'}
----------------------------------------
Métricas Fold 4 - SVM-LPQ-Specialist-peperomia_glabella:
   📊 Acurácia: 90.2469%
   📊 F1: 94.6586%
   📊 Recall: 97.2222%
   📊 Precision: 92.2266%
----------------------------------------
~~~~~~~~~~~~~~~~~~~~~~~~~

~~ Fold 5 ~~
Melhores parâmetros: {'svm__C': 10, 'svm__gamma': 0.002, 'svm__kernel': 'rbf'}
----------------------------------------
Métricas Fold 5 - SVM-LPQ-Specialist-peperomia_glabella:
   📊 Acurácia: 90.0000%
   📊 F1: 94.6251%
   📊 Recall: 99.0278%
   📊 Precision: 90.5972%
----------------------------------------
~~~~~~~~~~~~~~~~~~~~~~~~~
==================================================

🎯 Treinando especialista 2/9: peperomia_tetraphylla
=== Iniciando treinamento assistido: SVM-LPQ-Specialist-peperomia_tetraphylla ===
Validação cruzada: 5 folds
==================================================

~~ Fold 1 ~~
Melhores parâmetros: {'svm__C': 10, 'svm__gamma': 'auto', 'svm__kernel': 'rbf'}
----------------------------------------
Métricas Fold 1 - SVM-LPQ-Specialist-peperomia_tetraphylla:
   📊 Acurácia: 92.5926%
   📊 F1: 95.9569%
   📊 Recall: 98.8889%
   📊 Precision: 93.1937%
----------------------------------------
~~~~~~~~~~~~~~~~~~~~~~~~~

~~ Fold 2 ~~
Melhores parâmetros: {'svm__C': 100, 'svm__gamma': 0.002, 'svm__kernel': 'rbf'}
----------------------------------------
Métricas Fold 2 - SVM-LPQ-Specialist-peperomia_tetraphylla:
   📊 Acurácia: 92.3457%
   📊 F1: 95.8277%
   📊 Recall: 98.8889%
   📊 Precision: 92.9504%
----------------------------------------
~~~~~~~~~~~~~~~~~~~~~~~~~

~~ Fold 3 ~~
Melhores parâmetros: {'svm__C': 100, 'svm__gamma': 0.002, 'svm__kernel': 'rbf'}
----------------------------------------
Métricas Fold 3 - SVM-LPQ-Specialist-peperomia_tetraphylla:
   📊 Acurácia: 90.8642%
   📊 F1: 95.0667%
   📊 Recall: 99.0278%
   📊 Precision: 91.4103%
----------------------------------------
~~~~~~~~~~~~~~~~~~~~~~~~~

~~ Fold 4 ~~
Melhores parâmetros: {'svm__C': 100, 'svm__gamma': 0.002, 'svm__kernel': 'rbf'}
----------------------------------------
Métricas Fold 4 - SVM-LPQ-Specialist-peperomia_tetraphylla:
   📊 Acurácia: 93.5802%
   📊 F1: 96.4770%
   📊 Recall: 98.8889%
   📊 Precision: 94.1799%
----------------------------------------
~~~~~~~~~~~~~~~~~~~~~~~~~

~~ Fold 5 ~~
Melhores parâmetros: {'svm__C': 10, 'svm__gamma': 'auto', 'svm__kernel': 'rbf'}
----------------------------------------
Métricas Fold 5 - SVM-LPQ-Specialist-peperomia_tetraphylla:
   📊 Acurácia: 92.0988%
   📊 F1: 95.7276%
   📊 Recall: 99.5833%
   📊 Precision: 92.1594%
----------------------------------------
~~~~~~~~~~~~~~~~~~~~~~~~~
==================================================

🎯 Treinando especialista 3/9: peperomia_urocarpa
=== Iniciando treinamento assistido: SVM-LPQ-Specialist-peperomia_urocarpa ===
Validação cruzada: 5 folds
==================================================

~~ Fold 1 ~~
Melhores parâmetros: {'svm__C': 10, 'svm__gamma': 0.002, 'svm__kernel': 'rbf'}
----------------------------------------
Métricas Fold 1 - SVM-LPQ-Specialist-peperomia_urocarpa:
   📊 Acurácia: 88.7654%
   📊 F1: 94.0406%
   📊 Recall: 99.7222%
   📊 Precision: 88.9715%
----------------------------------------
~~~~~~~~~~~~~~~~~~~~~~~~~

~~ Fold 2 ~~
Melhores parâmetros: {'svm__C': 10, 'svm__gamma': 0.002, 'svm__kernel': 'rbf'}
----------------------------------------
Métricas Fold 2 - SVM-LPQ-Specialist-peperomia_urocarpa:
   📊 Acurácia: 88.8889%
   📊 F1: 94.1099%
   📊 Recall: 99.8611%
   📊 Precision: 88.9851%
----------------------------------------
~~~~~~~~~~~~~~~~~~~~~~~~~

~~ Fold 3 ~~
Melhores parâmetros: {'svm__C': 10, 'svm__gamma': 'auto', 'svm__kernel': 'rbf'}
----------------------------------------
Métricas Fold 3 - SVM-LPQ-Specialist-peperomia_urocarpa:
   📊 Acurácia: 89.1358%
   📊 F1: 94.1489%
   📊 Recall: 98.3333%
   📊 Precision: 90.3061%
----------------------------------------
~~~~~~~~~~~~~~~~~~~~~~~~~

~~ Fold 4 ~~
Melhores parâmetros: {'svm__C': 10, 'svm__gamma': 0.002, 'svm__kernel': 'rbf'}
----------------------------------------
Métricas Fold 4 - SVM-LPQ-Specialist-peperomia_urocarpa:
   📊 Acurácia: 88.8889%
   📊 F1: 94.0945%
   📊 Recall: 99.5833%
   📊 Precision: 89.1791%
----------------------------------------
~~~~~~~~~~~~~~~~~~~~~~~~~

~~ Fold 5 ~~
Melhores parâmetros: {'svm__C': 10, 'svm__gamma': 0.002, 'svm__kernel': 'rbf'}
----------------------------------------
Métricas Fold 5 - SVM-LPQ-Specialist-peperomia_urocarpa:
   📊 Acurácia: 88.8889%
   📊 F1: 94.1022%
   📊 Recall: 99.7222%
   📊 Precision: 89.0819%
----------------------------------------
~~~~~~~~~~~~~~~~~~~~~~~~~
==================================================

🎯 Treinando especialista 4/9: piper_amalago
=== Iniciando treinamento assistido: SVM-LPQ-Specialist-piper_amalago ===
Validação cruzada: 5 folds
==================================================

~~ Fold 1 ~~
Melhores parâmetros: {'svm__C': 0.1, 'svm__gamma': 2e-05, 'svm__kernel': 'rbf'}
----------------------------------------
Métricas Fold 1 - SVM-LPQ-Specialist-piper_amalago:
   📊 Acurácia: 88.8889%
   📊 F1: 94.1176%
   📊 Recall: 100.0000%
   📊 Precision: 88.8889%
----------------------------------------
~~~~~~~~~~~~~~~~~~~~~~~~~

~~ Fold 2 ~~
Melhores parâmetros: {'svm__C': 1, 'svm__gamma': 0.2, 'svm__kernel': 'rbf'}
----------------------------------------
Métricas Fold 2 - SVM-LPQ-Specialist-piper_amalago:
   📊 Acurácia: 88.7654%
   📊 F1: 94.0484%
   📊 Recall: 99.8611%
   📊 Precision: 88.8752%
----------------------------------------
~~~~~~~~~~~~~~~~~~~~~~~~~

~~ Fold 3 ~~
Melhores parâmetros: {'svm__C': 0.1, 'svm__gamma': 2e-05, 'svm__kernel': 'rbf'}
----------------------------------------
Métricas Fold 3 - SVM-LPQ-Specialist-piper_amalago:
   📊 Acurácia: 88.8889%
   📊 F1: 94.1176%
   📊 Recall: 100.0000%
   📊 Precision: 88.8889%
----------------------------------------
~~~~~~~~~~~~~~~~~~~~~~~~~

~~ Fold 4 ~~
Melhores parâmetros: {'svm__C': 0.1, 'svm__gamma': 2e-05, 'svm__kernel': 'rbf'}
----------------------------------------
Métricas Fold 4 - SVM-LPQ-Specialist-piper_amalago:
   📊 Acurácia: 88.8889%
   📊 F1: 94.1176%
   📊 Recall: 100.0000%
   📊 Precision: 88.8889%
----------------------------------------
~~~~~~~~~~~~~~~~~~~~~~~~~

~~ Fold 5 ~~
Melhores parâmetros: {'svm__C': 1000, 'svm__gamma': 2e-05, 'svm__kernel': 'rbf'}
----------------------------------------
Métricas Fold 5 - SVM-LPQ-Specialist-piper_amalago:
   📊 Acurácia: 88.8889%
   📊 F1: 94.1176%
   📊 Recall: 100.0000%
   📊 Precision: 88.8889%
----------------------------------------
~~~~~~~~~~~~~~~~~~~~~~~~~
==================================================

🎯 Treinando especialista 5/9: piper_gaudichaudianum
=== Iniciando treinamento assistido: SVM-LPQ-Specialist-piper_gaudichaudianum ===
Validação cruzada: 5 folds
==================================================

~~ Fold 1 ~~
Melhores parâmetros: {'svm__C': 0.1, 'svm__gamma': 2e-05, 'svm__kernel': 'rbf'}
----------------------------------------
Métricas Fold 1 - SVM-LPQ-Specialist-piper_gaudichaudianum:
   📊 Acurácia: 88.8889%
   📊 F1: 94.1176%
   📊 Recall: 100.0000%
   📊 Precision: 88.8889%
----------------------------------------
~~~~~~~~~~~~~~~~~~~~~~~~~

~~ Fold 2 ~~
Melhores parâmetros: {'svm__C': 0.1, 'svm__gamma': 2e-05, 'svm__kernel': 'rbf'}
----------------------------------------
Métricas Fold 2 - SVM-LPQ-Specialist-piper_gaudichaudianum:
   📊 Acurácia: 88.8889%
   📊 F1: 94.1176%
   📊 Recall: 100.0000%
   📊 Precision: 88.8889%
----------------------------------------
~~~~~~~~~~~~~~~~~~~~~~~~~

~~ Fold 3 ~~
Melhores parâmetros: {'svm__C': 0.1, 'svm__gamma': 2e-05, 'svm__kernel': 'rbf'}
----------------------------------------
Métricas Fold 3 - SVM-LPQ-Specialist-piper_gaudichaudianum:
   📊 Acurácia: 88.8889%
   📊 F1: 94.1176%
   📊 Recall: 100.0000%
   📊 Precision: 88.8889%
----------------------------------------
~~~~~~~~~~~~~~~~~~~~~~~~~

~~ Fold 4 ~~
Melhores parâmetros: {'svm__C': 0.1, 'svm__gamma': 2e-05, 'svm__kernel': 'rbf'}
----------------------------------------
Métricas Fold 4 - SVM-LPQ-Specialist-piper_gaudichaudianum:
   📊 Acurácia: 88.8889%
   📊 F1: 94.1176%
   📊 Recall: 100.0000%
   📊 Precision: 88.8889%
----------------------------------------
~~~~~~~~~~~~~~~~~~~~~~~~~

~~ Fold 5 ~~
Melhores parâmetros: {'svm__C': 0.1, 'svm__gamma': 2e-05, 'svm__kernel': 'rbf'}
----------------------------------------
Métricas Fold 5 - SVM-LPQ-Specialist-piper_gaudichaudianum:
   📊 Acurácia: 88.8889%
   📊 F1: 94.1176%
   📊 Recall: 100.0000%
   📊 Precision: 88.8889%
----------------------------------------
~~~~~~~~~~~~~~~~~~~~~~~~~
==================================================

🎯 Treinando especialista 6/9: piper_glabratum
=== Iniciando treinamento assistido: SVM-LPQ-Specialist-piper_glabratum ===
Validação cruzada: 5 folds
==================================================

~~ Fold 1 ~~
Melhores parâmetros: {'svm__C': 0.1, 'svm__gamma': 2e-05, 'svm__kernel': 'rbf'}
----------------------------------------
Métricas Fold 1 - SVM-LPQ-Specialist-piper_glabratum:
   📊 Acurácia: 88.8889%
   📊 F1: 94.1176%
   📊 Recall: 100.0000%
   📊 Precision: 88.8889%
----------------------------------------
~~~~~~~~~~~~~~~~~~~~~~~~~

~~ Fold 2 ~~
Melhores parâmetros: {'svm__C': 0.1, 'svm__gamma': 2e-05, 'svm__kernel': 'rbf'}
----------------------------------------
Métricas Fold 2 - SVM-LPQ-Specialist-piper_glabratum:
   📊 Acurácia: 88.8889%
   📊 F1: 94.1176%
   📊 Recall: 100.0000%
   📊 Precision: 88.8889%
----------------------------------------
~~~~~~~~~~~~~~~~~~~~~~~~~

~~ Fold 3 ~~
Melhores parâmetros: {'svm__C': 1000, 'svm__gamma': 2e-05, 'svm__kernel': 'rbf'}
----------------------------------------
Métricas Fold 3 - SVM-LPQ-Specialist-piper_glabratum:
   📊 Acurácia: 88.8889%
   📊 F1: 94.1176%
   📊 Recall: 100.0000%
   📊 Precision: 88.8889%
----------------------------------------
~~~~~~~~~~~~~~~~~~~~~~~~~

~~ Fold 4 ~~
Melhores parâmetros: {'svm__C': 0.1, 'svm__gamma': 2e-05, 'svm__kernel': 'rbf'}
----------------------------------------
Métricas Fold 4 - SVM-LPQ-Specialist-piper_glabratum:
   📊 Acurácia: 88.8889%
   📊 F1: 94.1176%
   📊 Recall: 100.0000%
   📊 Precision: 88.8889%
----------------------------------------
~~~~~~~~~~~~~~~~~~~~~~~~~

~~ Fold 5 ~~
Melhores parâmetros: {'svm__C': 1000, 'svm__gamma': 2e-05, 'svm__kernel': 'rbf'}
----------------------------------------
Métricas Fold 5 - SVM-LPQ-Specialist-piper_glabratum:
   📊 Acurácia: 88.8889%
   📊 F1: 94.1176%
   📊 Recall: 100.0000%
   📊 Precision: 88.8889%
----------------------------------------
~~~~~~~~~~~~~~~~~~~~~~~~~
==================================================

🎯 Treinando especialista 7/9: piper_hispidum
=== Iniciando treinamento assistido: SVM-LPQ-Specialist-piper_hispidum ===
Validação cruzada: 5 folds
==================================================

~~ Fold 1 ~~
Melhores parâmetros: {'svm__C': 0.1, 'svm__gamma': 2e-05, 'svm__kernel': 'rbf'}
----------------------------------------
Métricas Fold 1 - SVM-LPQ-Specialist-piper_hispidum:
   📊 Acurácia: 88.8889%
   📊 F1: 94.1176%
   📊 Recall: 100.0000%
   📊 Precision: 88.8889%
----------------------------------------
~~~~~~~~~~~~~~~~~~~~~~~~~

~~ Fold 2 ~~
Melhores parâmetros: {'svm__C': 0.1, 'svm__gamma': 2e-05, 'svm__kernel': 'rbf'}
----------------------------------------
Métricas Fold 2 - SVM-LPQ-Specialist-piper_hispidum:
   📊 Acurácia: 88.8889%
   📊 F1: 94.1176%
   📊 Recall: 100.0000%
   📊 Precision: 88.8889%
----------------------------------------
~~~~~~~~~~~~~~~~~~~~~~~~~

~~ Fold 3 ~~
Melhores parâmetros: {'svm__C': 0.1, 'svm__gamma': 2e-05, 'svm__kernel': 'rbf'}
----------------------------------------
Métricas Fold 3 - SVM-LPQ-Specialist-piper_hispidum:
   📊 Acurácia: 88.8889%
   📊 F1: 94.1176%
   📊 Recall: 100.0000%
   📊 Precision: 88.8889%
----------------------------------------
~~~~~~~~~~~~~~~~~~~~~~~~~

~~ Fold 4 ~~
Melhores parâmetros: {'svm__C': 0.1, 'svm__gamma': 2e-05, 'svm__kernel': 'rbf'}
----------------------------------------
Métricas Fold 4 - SVM-LPQ-Specialist-piper_hispidum:
   📊 Acurácia: 88.8889%
   📊 F1: 94.1176%
   📊 Recall: 100.0000%
   📊 Precision: 88.8889%
----------------------------------------
~~~~~~~~~~~~~~~~~~~~~~~~~

~~ Fold 5 ~~
Melhores parâmetros: {'svm__C': 0.1, 'svm__gamma': 2e-05, 'svm__kernel': 'rbf'}
----------------------------------------
Métricas Fold 5 - SVM-LPQ-Specialist-piper_hispidum:
   📊 Acurácia: 88.8889%
   📊 F1: 94.1176%
   📊 Recall: 100.0000%
   📊 Precision: 88.8889%
----------------------------------------
~~~~~~~~~~~~~~~~~~~~~~~~~
==================================================

🎯 Treinando especialista 8/9: piper_miquelianum
=== Iniciando treinamento assistido: SVM-LPQ-Specialist-piper_miquelianum ===
Validação cruzada: 5 folds
==================================================

~~ Fold 1 ~~
Melhores parâmetros: {'svm__C': 10, 'svm__gamma': 'auto', 'svm__kernel': 'rbf'}
----------------------------------------
Métricas Fold 1 - SVM-LPQ-Specialist-piper_miquelianum:
   📊 Acurácia: 90.2469%
   📊 F1: 94.7368%
   📊 Recall: 98.7500%
   📊 Precision: 91.0371%
----------------------------------------
~~~~~~~~~~~~~~~~~~~~~~~~~

~~ Fold 2 ~~
Melhores parâmetros: {'svm__C': 10, 'svm__gamma': 'auto', 'svm__kernel': 'rbf'}
----------------------------------------
Métricas Fold 2 - SVM-LPQ-Specialist-piper_miquelianum:
   📊 Acurácia: 89.5062%
   📊 F1: 94.3522%
   📊 Recall: 98.6111%
   📊 Precision: 90.4459%
----------------------------------------
~~~~~~~~~~~~~~~~~~~~~~~~~

~~ Fold 3 ~~
Melhores parâmetros: {'svm__C': 10, 'svm__gamma': 'auto', 'svm__kernel': 'rbf'}
----------------------------------------
Métricas Fold 3 - SVM-LPQ-Specialist-piper_miquelianum:
   📊 Acurácia: 91.1111%
   📊 F1: 95.2000%
   📊 Recall: 99.1667%
   📊 Precision: 91.5385%
----------------------------------------
~~~~~~~~~~~~~~~~~~~~~~~~~

~~ Fold 4 ~~
Melhores parâmetros: {'svm__C': 10, 'svm__gamma': 'auto', 'svm__kernel': 'rbf'}
----------------------------------------
Métricas Fold 4 - SVM-LPQ-Specialist-piper_miquelianum:
   📊 Acurácia: 89.7531%
   📊 F1: 94.4333%
   📊 Recall: 97.7778%
   📊 Precision: 91.3100%
----------------------------------------
~~~~~~~~~~~~~~~~~~~~~~~~~

~~ Fold 5 ~~
Melhores parâmetros: {'svm__C': 10, 'svm__gamma': 'auto', 'svm__kernel': 'rbf'}
----------------------------------------
Métricas Fold 5 - SVM-LPQ-Specialist-piper_miquelianum:
   📊 Acurácia: 90.3704%
   📊 F1: 94.7721%
   📊 Recall: 98.1944%
   📊 Precision: 91.5803%
----------------------------------------
~~~~~~~~~~~~~~~~~~~~~~~~~
==================================================

🎯 Treinando especialista 9/9: piper_xylosteoides
=== Iniciando treinamento assistido: SVM-LPQ-Specialist-piper_xylosteoides ===
Validação cruzada: 5 folds
==================================================

~~ Fold 1 ~~
Melhores parâmetros: {'svm__C': 10, 'svm__gamma': 0.002, 'svm__kernel': 'rbf'}
----------------------------------------
Métricas Fold 1 - SVM-LPQ-Specialist-piper_xylosteoides:
   📊 Acurácia: 89.5062%
   📊 F1: 94.4189%
   📊 Recall: 99.8611%
   📊 Precision: 89.5392%
----------------------------------------
~~~~~~~~~~~~~~~~~~~~~~~~~

~~ Fold 2 ~~
Melhores parâmetros: {'svm__C': 1, 'svm__gamma': 0.2, 'svm__kernel': 'rbf'}
----------------------------------------
Métricas Fold 2 - SVM-LPQ-Specialist-piper_xylosteoides:
   📊 Acurácia: 88.7654%
   📊 F1: 94.0406%
   📊 Recall: 99.7222%
   📊 Precision: 88.9715%
----------------------------------------
~~~~~~~~~~~~~~~~~~~~~~~~~

~~ Fold 3 ~~
Melhores parâmetros: {'svm__C': 10, 'svm__gamma': 0.002, 'svm__kernel': 'rbf'}
----------------------------------------
Métricas Fold 3 - SVM-LPQ-Specialist-piper_xylosteoides:
   📊 Acurácia: 89.1358%
   📊 F1: 94.2181%
   📊 Recall: 99.5833%
   📊 Precision: 89.4015%
----------------------------------------
~~~~~~~~~~~~~~~~~~~~~~~~~

~~ Fold 4 ~~
Melhores parâmetros: {'svm__C': 10, 'svm__gamma': 0.002, 'svm__kernel': 'rbf'}
----------------------------------------
Métricas Fold 4 - SVM-LPQ-Specialist-piper_xylosteoides:
   📊 Acurácia: 89.2593%
   📊 F1: 94.2725%
   📊 Recall: 99.4444%
   📊 Precision: 89.6120%
----------------------------------------
~~~~~~~~~~~~~~~~~~~~~~~~~

~~ Fold 5 ~~
Melhores parâmetros: {'svm__C': 10, 'svm__gamma': 0.002, 'svm__kernel': 'rbf'}
----------------------------------------
Métricas Fold 5 - SVM-LPQ-Specialist-piper_xylosteoides:
   📊 Acurácia: 88.5185%
   📊 F1: 93.9016%
   📊 Recall: 99.4444%
   📊 Precision: 88.9441%
----------------------------------------
~~~~~~~~~~~~~~~~~~~~~~~~~
==================================================

🎉 Treinamento de especialistas SVM-LPQ concluído!
   ✅ 9 especialistas treinados com sucesso
   📦 Array retornado: raw_probabilities[i] = probabilidades do especialista da classe i
============================================================
⏱️ Tempo de execução (SVM-LPQ): 55m 31.77s
########################################
Métricas Finais Relevância SVM LPQ:
   📊 Acurácia: 50.0000%
   📊 F1: 44.9294%
   📊 Recall: 50.0000%
   📊 Precision: 50.9416%
----------------------------------------
Métricas de Treinamento dos Especialistas:
   Especialista classe 0:
      1️⃣ Acurácia Média: 90.1728% +- 0.2879%
        | Folds: 89.7531%, 90.2469%, 90.6173%, 90.2469%, 90.0000%
      2️⃣ F1 Média: 94.6621% +- 0.1406%
        | Folds: 94.4924%, 94.6149%, 94.9198%, 94.6586%, 94.6251%
      3️⃣ Recall Médio: 98.0278% +- 1.0408%
        | Folds: 98.8889%, 96.3889%, 98.6111%, 97.2222%, 99.0278%
      4️⃣ Precision Média: 91.5388% +- 0.9349%
        | Folds: 90.4701%, 92.9050%, 91.4948%, 92.2266%, 90.5972%
   Especialista classe 1:
      1️⃣ Acurácia Média: 92.2963% +- 0.8751%
        | Folds: 92.5926%, 92.3457%, 90.8642%, 93.5802%, 92.0988%
      2️⃣ F1 Média: 95.8112% +- 0.4530%
        | Folds: 95.9569%, 95.8277%, 95.0667%, 96.4770%, 95.7276%
      3️⃣ Recall Médio: 99.0556% +- 0.2693%
        | Folds: 98.8889%, 98.8889%, 99.0278%, 98.8889%, 99.5833%
      4️⃣ Precision Média: 92.7787% +- 0.9403%
        | Folds: 93.1937%, 92.9504%, 91.4103%, 94.1799%, 92.1594%
   Especialista classe 2:
      1️⃣ Acurácia Média: 88.9136% +- 0.1210%
        | Folds: 88.7654%, 88.8889%, 89.1358%, 88.8889%, 88.8889%
      2️⃣ F1 Média: 94.0992% +- 0.0348%
        | Folds: 94.0406%, 94.1099%, 94.1489%, 94.0945%, 94.1022%
      3️⃣ Recall Médio: 99.4444% +- 0.5625%
        | Folds: 99.7222%, 99.8611%, 98.3333%, 99.5833%, 99.7222%
      4️⃣ Precision Média: 89.3048% +- 0.5062%
        | Folds: 88.9715%, 88.9851%, 90.3061%, 89.1791%, 89.0819%
   Especialista classe 3:
      1️⃣ Acurácia Média: 88.8642% +- 0.0494%
        | Folds: 88.8889%, 88.7654%, 88.8889%, 88.8889%, 88.8889%
      2️⃣ F1 Média: 94.1038% +- 0.0277%
        | Folds: 94.1176%, 94.0484%, 94.1176%, 94.1176%, 94.1176%
      3️⃣ Recall Médio: 99.9722% +- 0.0556%
        | Folds: 100.0000%, 99.8611%, 100.0000%, 100.0000%, 100.0000%
      4️⃣ Precision Média: 88.8861% +- 0.0055%
        | Folds: 88.8889%, 88.8752%, 88.8889%, 88.8889%, 88.8889%
   Especialista classe 4:
      1️⃣ Acurácia Média: 88.8889% +- 0.0000%
        | Folds: 88.8889%, 88.8889%, 88.8889%, 88.8889%, 88.8889%
      2️⃣ F1 Média: 94.1176% +- 0.0000%
        | Folds: 94.1176%, 94.1176%, 94.1176%, 94.1176%, 94.1176%
      3️⃣ Recall Médio: 100.0000% +- 0.0000%
        | Folds: 100.0000%, 100.0000%, 100.0000%, 100.0000%, 100.0000%
      4️⃣ Precision Média: 88.8889% +- 0.0000%
        | Folds: 88.8889%, 88.8889%, 88.8889%, 88.8889%, 88.8889%
   Especialista classe 5:
      1️⃣ Acurácia Média: 88.8889% +- 0.0000%
        | Folds: 88.8889%, 88.8889%, 88.8889%, 88.8889%, 88.8889%
      2️⃣ F1 Média: 94.1176% +- 0.0000%
        | Folds: 94.1176%, 94.1176%, 94.1176%, 94.1176%, 94.1176%
      3️⃣ Recall Médio: 100.0000% +- 0.0000%
        | Folds: 100.0000%, 100.0000%, 100.0000%, 100.0000%, 100.0000%
      4️⃣ Precision Média: 88.8889% +- 0.0000%
        | Folds: 88.8889%, 88.8889%, 88.8889%, 88.8889%, 88.8889%
   Especialista classe 6:
      1️⃣ Acurácia Média: 88.8889% +- 0.0000%
        | Folds: 88.8889%, 88.8889%, 88.8889%, 88.8889%, 88.8889%
      2️⃣ F1 Média: 94.1176% +- 0.0000%
        | Folds: 94.1176%, 94.1176%, 94.1176%, 94.1176%, 94.1176%
      3️⃣ Recall Médio: 100.0000% +- 0.0000%
        | Folds: 100.0000%, 100.0000%, 100.0000%, 100.0000%, 100.0000%
      4️⃣ Precision Média: 88.8889% +- 0.0000%
        | Folds: 88.8889%, 88.8889%, 88.8889%, 88.8889%, 88.8889%
   Especialista classe 7:
      1️⃣ Acurácia Média: 90.1975% +- 0.5554%
        | Folds: 90.2469%, 89.5062%, 91.1111%, 89.7531%, 90.3704%
      2️⃣ F1 Média: 94.6989% +- 0.2996%
        | Folds: 94.7368%, 94.3522%, 95.2000%, 94.4333%, 94.7721%
      3️⃣ Recall Médio: 98.5000% +- 0.4763%
        | Folds: 98.7500%, 98.6111%, 99.1667%, 97.7778%, 98.1944%
      4️⃣ Precision Média: 91.1824% +- 0.4159%
        | Folds: 91.0371%, 90.4459%, 91.5385%, 91.3100%, 91.5803%
   Especialista classe 8:
      1️⃣ Acurácia Média: 89.0370% +- 0.3527%
        | Folds: 89.5062%, 88.7654%, 89.1358%, 89.2593%, 88.5185%
      2️⃣ F1 Média: 94.1704% +- 0.1809%
        | Folds: 94.4189%, 94.0406%, 94.2181%, 94.2725%, 93.9016%
      3️⃣ Recall Médio: 99.6111% +- 0.1620%
        | Folds: 99.8611%, 99.7222%, 99.5833%, 99.4444%, 99.4444%
      4️⃣ Precision Média: 89.2937% +- 0.2826%
        | Folds: 89.5392%, 88.9715%, 89.4015%, 89.6120%, 88.9441%
########################################
📊 Exportando resultados para CSV: SVM_LPQ
   📁 Arquivo com os resultados: results/csv_exports/svm_lpq_results.csv
   📁 Arquivo com as métricas: results/csv_exports/svm_lpq_metrics.csv
   🎯 Imagens: 450 amostras
--------------------------------------------------
   ✅ 450 linhas escritas com sucesso
   💾 Arquivo salvo: results/csv_exports/svm_lpq_results.csv
   ✅ 55 linhas de métricas escritas com sucesso
   💾 Arquivo salvo: results/csv_exports/svm_lpq_metrics.csv
==================================================

📊 Calculando relevância LBP+GLCM...
🚀 Iniciando treinamento de especialistas SVM-LBP+GLCM
   📋 9 especialistas para treinar
   🔄 Validação cruzada: 5 folds
------------------------------------------------------------

🎯 Treinando especialista 1/9: peperomia_glabella
=== Iniciando treinamento assistido: SVM-LBP+GLCM-Specialist-peperomia_glabella ===
Validação cruzada: 5 folds
==================================================

~~ Fold 1 ~~
Melhores parâmetros: {'svm__C': 100, 'svm__gamma': 0.002, 'svm__kernel': 'rbf'}
----------------------------------------
Métricas Fold 1 - SVM-LBP+GLCM-Specialist-peperomia_glabella:
   📊 Acurácia: 91.3580%
   📊 F1: 95.2894%
   📊 Recall: 98.3333%
   📊 Precision: 92.4282%
----------------------------------------
~~~~~~~~~~~~~~~~~~~~~~~~~

~~ Fold 2 ~~
Melhores parâmetros: {'svm__C': 100, 'svm__gamma': 0.002, 'svm__kernel': 'rbf'}
----------------------------------------
Métricas Fold 2 - SVM-LBP+GLCM-Specialist-peperomia_glabella:
   📊 Acurácia: 92.4691%
   📊 F1: 95.8532%
   📊 Recall: 97.9167%
   📊 Precision: 93.8748%
----------------------------------------
~~~~~~~~~~~~~~~~~~~~~~~~~

~~ Fold 3 ~~
Melhores parâmetros: {'svm__C': 100, 'svm__gamma': 0.002, 'svm__kernel': 'rbf'}
----------------------------------------
Métricas Fold 3 - SVM-LBP+GLCM-Specialist-peperomia_glabella:
   📊 Acurácia: 92.0988%
   📊 F1: 95.7219%
   📊 Recall: 99.4444%
   📊 Precision: 92.2680%
----------------------------------------
~~~~~~~~~~~~~~~~~~~~~~~~~

~~ Fold 4 ~~
Melhores parâmetros: {'svm__C': 100, 'svm__gamma': 0.002, 'svm__kernel': 'rbf'}
----------------------------------------
Métricas Fold 4 - SVM-LBP+GLCM-Specialist-peperomia_glabella:
   📊 Acurácia: 90.8642%
   📊 F1: 94.9864%
   📊 Recall: 97.3611%
   📊 Precision: 92.7249%
----------------------------------------
~~~~~~~~~~~~~~~~~~~~~~~~~

~~ Fold 5 ~~
Melhores parâmetros: {'svm__C': 100, 'svm__gamma': 0.002, 'svm__kernel': 'rbf'}
----------------------------------------
Métricas Fold 5 - SVM-LBP+GLCM-Specialist-peperomia_glabella:
   📊 Acurácia: 91.8519%
   📊 F1: 95.5764%
   📊 Recall: 99.0278%
   📊 Precision: 92.3575%
----------------------------------------
~~~~~~~~~~~~~~~~~~~~~~~~~
==================================================

🎯 Treinando especialista 2/9: peperomia_tetraphylla
=== Iniciando treinamento assistido: SVM-LBP+GLCM-Specialist-peperomia_tetraphylla ===
Validação cruzada: 5 folds
==================================================

~~ Fold 1 ~~
Melhores parâmetros: {'svm__C': 1000, 'svm__gamma': 0.002, 'svm__kernel': 'rbf'}
----------------------------------------
Métricas Fold 1 - SVM-LBP+GLCM-Specialist-peperomia_tetraphylla:
   📊 Acurácia: 92.5926%
   📊 F1: 95.9016%
   📊 Recall: 97.5000%
   📊 Precision: 94.3548%
----------------------------------------
~~~~~~~~~~~~~~~~~~~~~~~~~

~~ Fold 2 ~~
Melhores parâmetros: {'svm__C': 100, 'svm__gamma': 'auto', 'svm__kernel': 'rbf'}
----------------------------------------
Métricas Fold 2 - SVM-LBP+GLCM-Specialist-peperomia_tetraphylla:
   📊 Acurácia: 91.4815%
   📊 F1: 95.3410%
   📊 Recall: 98.0556%
   📊 Precision: 92.7727%
----------------------------------------
~~~~~~~~~~~~~~~~~~~~~~~~~

~~ Fold 3 ~~
Melhores parâmetros: {'svm__C': 100, 'svm__gamma': 0.002, 'svm__kernel': 'rbf'}
----------------------------------------
Métricas Fold 3 - SVM-LBP+GLCM-Specialist-peperomia_tetraphylla:
   📊 Acurácia: 92.9630%
   📊 F1: 96.1873%
   📊 Recall: 99.8611%
   📊 Precision: 92.7742%
----------------------------------------
~~~~~~~~~~~~~~~~~~~~~~~~~

~~ Fold 4 ~~
Melhores parâmetros: {'svm__C': 100, 'svm__gamma': 0.002, 'svm__kernel': 'rbf'}
----------------------------------------
Métricas Fold 4 - SVM-LBP+GLCM-Specialist-peperomia_tetraphylla:
   📊 Acurácia: 93.4568%
   📊 F1: 96.4406%
   📊 Recall: 99.7222%
   📊 Precision: 93.3680%
----------------------------------------
~~~~~~~~~~~~~~~~~~~~~~~~~

~~ Fold 5 ~~
Melhores parâmetros: {'svm__C': 100, 'svm__gamma': 0.002, 'svm__kernel': 'rbf'}
----------------------------------------
Métricas Fold 5 - SVM-LBP+GLCM-Specialist-peperomia_tetraphylla:
   📊 Acurácia: 92.3457%
   📊 F1: 95.8611%
   📊 Recall: 99.7222%
   📊 Precision: 92.2879%
----------------------------------------
~~~~~~~~~~~~~~~~~~~~~~~~~
==================================================

🎯 Treinando especialista 3/9: peperomia_urocarpa
=== Iniciando treinamento assistido: SVM-LBP+GLCM-Specialist-peperomia_urocarpa ===
Validação cruzada: 5 folds
==================================================

~~ Fold 1 ~~
Melhores parâmetros: {'svm__C': 100, 'svm__gamma': 0.002, 'svm__kernel': 'rbf'}
----------------------------------------
Métricas Fold 1 - SVM-LBP+GLCM-Specialist-peperomia_urocarpa:
   📊 Acurácia: 89.8765%
   📊 F1: 94.5479%
   📊 Recall: 98.7500%
   📊 Precision: 90.6888%
----------------------------------------
~~~~~~~~~~~~~~~~~~~~~~~~~

~~ Fold 2 ~~
Melhores parâmetros: {'svm__C': 1000, 'svm__gamma': 0.002, 'svm__kernel': 'rbf'}
----------------------------------------
Métricas Fold 2 - SVM-LBP+GLCM-Specialist-peperomia_urocarpa:
   📊 Acurácia: 89.6296%
   📊 F1: 94.3850%
   📊 Recall: 98.0556%
   📊 Precision: 90.9794%
----------------------------------------
~~~~~~~~~~~~~~~~~~~~~~~~~

~~ Fold 3 ~~
Melhores parâmetros: {'svm__C': 1000, 'svm__gamma': 0.002, 'svm__kernel': 'rbf'}
----------------------------------------
Métricas Fold 3 - SVM-LBP+GLCM-Specialist-peperomia_urocarpa:
   📊 Acurácia: 90.6173%
   📊 F1: 94.8856%
   📊 Recall: 97.9167%
   📊 Precision: 92.0366%
----------------------------------------
~~~~~~~~~~~~~~~~~~~~~~~~~

~~ Fold 4 ~~
Melhores parâmetros: {'svm__C': 100, 'svm__gamma': 'auto', 'svm__kernel': 'rbf'}
----------------------------------------
Métricas Fold 4 - SVM-LBP+GLCM-Specialist-peperomia_urocarpa:
   📊 Acurácia: 90.9877%
   📊 F1: 95.0508%
   📊 Recall: 97.3611%
   📊 Precision: 92.8477%
----------------------------------------
~~~~~~~~~~~~~~~~~~~~~~~~~

~~ Fold 5 ~~
Melhores parâmetros: {'svm__C': 1000, 'svm__gamma': 0.002, 'svm__kernel': 'rbf'}
----------------------------------------
Métricas Fold 5 - SVM-LBP+GLCM-Specialist-peperomia_urocarpa:
   📊 Acurácia: 91.3580%
   📊 F1: 95.3020%
   📊 Recall: 98.6111%
   📊 Precision: 92.2078%
----------------------------------------
~~~~~~~~~~~~~~~~~~~~~~~~~
==================================================

🎯 Treinando especialista 4/9: piper_amalago
=== Iniciando treinamento assistido: SVM-LBP+GLCM-Specialist-piper_amalago ===
Validação cruzada: 5 folds
==================================================

~~ Fold 1 ~~
Melhores parâmetros: {'svm__C': 10, 'svm__gamma': 'auto', 'svm__kernel': 'rbf'}
----------------------------------------
Métricas Fold 1 - SVM-LBP+GLCM-Specialist-piper_amalago:
   📊 Acurácia: 89.3827%
   📊 F1: 94.3122%
   📊 Recall: 99.0278%
   📊 Precision: 90.0253%
----------------------------------------
~~~~~~~~~~~~~~~~~~~~~~~~~

~~ Fold 2 ~~
Melhores parâmetros: {'svm__C': 100, 'svm__gamma': 0.002, 'svm__kernel': 'rbf'}
----------------------------------------
Métricas Fold 2 - SVM-LBP+GLCM-Specialist-piper_amalago:
   📊 Acurácia: 89.2593%
   📊 F1: 94.2346%
   📊 Recall: 98.7500%
   📊 Precision: 90.1141%
----------------------------------------
~~~~~~~~~~~~~~~~~~~~~~~~~

~~ Fold 3 ~~
Melhores parâmetros: {'svm__C': 100, 'svm__gamma': 0.002, 'svm__kernel': 'rbf'}
----------------------------------------
Métricas Fold 3 - SVM-LBP+GLCM-Specialist-piper_amalago:
   📊 Acurácia: 89.3827%
   📊 F1: 94.2436%
   📊 Recall: 97.7778%
   📊 Precision: 90.9561%
----------------------------------------
~~~~~~~~~~~~~~~~~~~~~~~~~

~~ Fold 4 ~~
Melhores parâmetros: {'svm__C': 10, 'svm__gamma': 'auto', 'svm__kernel': 'rbf'}
----------------------------------------
Métricas Fold 4 - SVM-LBP+GLCM-Specialist-piper_amalago:
   📊 Acurácia: 89.3827%
   📊 F1: 94.3272%
   📊 Recall: 99.3056%
   📊 Precision: 89.8241%
----------------------------------------
~~~~~~~~~~~~~~~~~~~~~~~~~

~~ Fold 5 ~~
Melhores parâmetros: {'svm__C': 10, 'svm__gamma': 'auto', 'svm__kernel': 'rbf'}
----------------------------------------
Métricas Fold 5 - SVM-LBP+GLCM-Specialist-piper_amalago:
   📊 Acurácia: 89.8765%
   📊 F1: 94.6053%
   📊 Recall: 99.8611%
   📊 Precision: 89.8750%
----------------------------------------
~~~~~~~~~~~~~~~~~~~~~~~~~
==================================================

🎯 Treinando especialista 5/9: piper_gaudichaudianum
=== Iniciando treinamento assistido: SVM-LBP+GLCM-Specialist-piper_gaudichaudianum ===
Validação cruzada: 5 folds
==================================================

~~ Fold 1 ~~
Melhores parâmetros: {'svm__C': 0.1, 'svm__gamma': 2e-05, 'svm__kernel': 'rbf'}
----------------------------------------
Métricas Fold 1 - SVM-LBP+GLCM-Specialist-piper_gaudichaudianum:
   📊 Acurácia: 88.8889%
   📊 F1: 94.1176%
   📊 Recall: 100.0000%
   📊 Precision: 88.8889%
----------------------------------------
~~~~~~~~~~~~~~~~~~~~~~~~~

~~ Fold 2 ~~
Melhores parâmetros: {'svm__C': 0.1, 'svm__gamma': 2e-05, 'svm__kernel': 'rbf'}
----------------------------------------
Métricas Fold 2 - SVM-LBP+GLCM-Specialist-piper_gaudichaudianum:
   📊 Acurácia: 88.8889%
   📊 F1: 94.1176%
   📊 Recall: 100.0000%
   📊 Precision: 88.8889%
----------------------------------------
~~~~~~~~~~~~~~~~~~~~~~~~~

~~ Fold 3 ~~
Melhores parâmetros: {'svm__C': 0.1, 'svm__gamma': 2e-05, 'svm__kernel': 'rbf'}
----------------------------------------
Métricas Fold 3 - SVM-LBP+GLCM-Specialist-piper_gaudichaudianum:
   📊 Acurácia: 88.8889%
   📊 F1: 94.1176%
   📊 Recall: 100.0000%
   📊 Precision: 88.8889%
----------------------------------------
~~~~~~~~~~~~~~~~~~~~~~~~~

~~ Fold 4 ~~
Melhores parâmetros: {'svm__C': 0.1, 'svm__gamma': 2e-05, 'svm__kernel': 'rbf'}
----------------------------------------
Métricas Fold 4 - SVM-LBP+GLCM-Specialist-piper_gaudichaudianum:
   📊 Acurácia: 88.8889%
   📊 F1: 94.1176%
   📊 Recall: 100.0000%
   📊 Precision: 88.8889%
----------------------------------------
~~~~~~~~~~~~~~~~~~~~~~~~~

~~ Fold 5 ~~
Melhores parâmetros: {'svm__C': 0.1, 'svm__gamma': 2e-05, 'svm__kernel': 'rbf'}
----------------------------------------
Métricas Fold 5 - SVM-LBP+GLCM-Specialist-piper_gaudichaudianum:
   📊 Acurácia: 88.8889%
   📊 F1: 94.1176%
   📊 Recall: 100.0000%
   📊 Precision: 88.8889%
----------------------------------------
~~~~~~~~~~~~~~~~~~~~~~~~~
==================================================

🎯 Treinando especialista 6/9: piper_glabratum
=== Iniciando treinamento assistido: SVM-LBP+GLCM-Specialist-piper_glabratum ===
Validação cruzada: 5 folds
==================================================

~~ Fold 1 ~~
Melhores parâmetros: {'svm__C': 0.1, 'svm__gamma': 2e-05, 'svm__kernel': 'rbf'}
----------------------------------------
Métricas Fold 1 - SVM-LBP+GLCM-Specialist-piper_glabratum:
   📊 Acurácia: 88.8889%
   📊 F1: 94.1176%
   📊 Recall: 100.0000%
   📊 Precision: 88.8889%
----------------------------------------
~~~~~~~~~~~~~~~~~~~~~~~~~

~~ Fold 2 ~~
Melhores parâmetros: {'svm__C': 0.1, 'svm__gamma': 2e-05, 'svm__kernel': 'rbf'}
----------------------------------------
Métricas Fold 2 - SVM-LBP+GLCM-Specialist-piper_glabratum:
   📊 Acurácia: 88.8889%
   📊 F1: 94.1176%
   📊 Recall: 100.0000%
   📊 Precision: 88.8889%
----------------------------------------
~~~~~~~~~~~~~~~~~~~~~~~~~

~~ Fold 3 ~~
Melhores parâmetros: {'svm__C': 0.1, 'svm__gamma': 2e-05, 'svm__kernel': 'rbf'}
----------------------------------------
Métricas Fold 3 - SVM-LBP+GLCM-Specialist-piper_glabratum:
   📊 Acurácia: 88.8889%
   📊 F1: 94.1176%
   📊 Recall: 100.0000%
   📊 Precision: 88.8889%
----------------------------------------
~~~~~~~~~~~~~~~~~~~~~~~~~

~~ Fold 4 ~~
Melhores parâmetros: {'svm__C': 0.1, 'svm__gamma': 2e-05, 'svm__kernel': 'rbf'}
----------------------------------------
Métricas Fold 4 - SVM-LBP+GLCM-Specialist-piper_glabratum:
   📊 Acurácia: 88.8889%
   📊 F1: 94.1176%
   📊 Recall: 100.0000%
   📊 Precision: 88.8889%
----------------------------------------
~~~~~~~~~~~~~~~~~~~~~~~~~

~~ Fold 5 ~~
Melhores parâmetros: {'svm__C': 10, 'svm__gamma': 0.002, 'svm__kernel': 'rbf'}
----------------------------------------
Métricas Fold 5 - SVM-LBP+GLCM-Specialist-piper_glabratum:
   📊 Acurácia: 88.8889%
   📊 F1: 94.1176%
   📊 Recall: 100.0000%
   📊 Precision: 88.8889%
----------------------------------------
~~~~~~~~~~~~~~~~~~~~~~~~~
==================================================

🎯 Treinando especialista 7/9: piper_hispidum
=== Iniciando treinamento assistido: SVM-LBP+GLCM-Specialist-piper_hispidum ===
Validação cruzada: 5 folds
==================================================

~~ Fold 1 ~~
Melhores parâmetros: {'svm__C': 0.1, 'svm__gamma': 2e-05, 'svm__kernel': 'rbf'}
----------------------------------------
Métricas Fold 1 - SVM-LBP+GLCM-Specialist-piper_hispidum:
   📊 Acurácia: 88.8889%
   📊 F1: 94.1176%
   📊 Recall: 100.0000%
   📊 Precision: 88.8889%
----------------------------------------
~~~~~~~~~~~~~~~~~~~~~~~~~

~~ Fold 2 ~~
Melhores parâmetros: {'svm__C': 0.1, 'svm__gamma': 2e-05, 'svm__kernel': 'rbf'}
----------------------------------------
Métricas Fold 2 - SVM-LBP+GLCM-Specialist-piper_hispidum:
   📊 Acurácia: 88.8889%
   📊 F1: 94.1176%
   📊 Recall: 100.0000%
   📊 Precision: 88.8889%
----------------------------------------
~~~~~~~~~~~~~~~~~~~~~~~~~

~~ Fold 3 ~~
Melhores parâmetros: {'svm__C': 0.1, 'svm__gamma': 2e-05, 'svm__kernel': 'rbf'}
----------------------------------------
Métricas Fold 3 - SVM-LBP+GLCM-Specialist-piper_hispidum:
   📊 Acurácia: 88.8889%
   📊 F1: 94.1176%
   📊 Recall: 100.0000%
   📊 Precision: 88.8889%
----------------------------------------
~~~~~~~~~~~~~~~~~~~~~~~~~

~~ Fold 4 ~~
Melhores parâmetros: {'svm__C': 0.1, 'svm__gamma': 2e-05, 'svm__kernel': 'rbf'}
----------------------------------------
Métricas Fold 4 - SVM-LBP+GLCM-Specialist-piper_hispidum:/home/alunos/a2020815/article_image_classification_by_relevance_of_regions/.venv/lib/python3.13/site-packages/sklearn/metrics/_classification.py:1731: UndefinedMetricWarning: Precision is ill-defined and being set to 0.0 in labels with no predicted samples. Use `zero_division` parameter to control this behavior.
  _warn_prf(average, modifier, f"{metric.capitalize()} is", result.shape[0])

   📊 Acurácia: 88.8889%
   📊 F1: 94.1176%
   📊 Recall: 100.0000%
   📊 Precision: 88.8889%
----------------------------------------
~~~~~~~~~~~~~~~~~~~~~~~~~

~~ Fold 5 ~~
Melhores parâmetros: {'svm__C': 0.1, 'svm__gamma': 2e-05, 'svm__kernel': 'rbf'}
----------------------------------------
Métricas Fold 5 - SVM-LBP+GLCM-Specialist-piper_hispidum:
   📊 Acurácia: 88.8889%
   📊 F1: 94.1176%
   📊 Recall: 100.0000%
   📊 Precision: 88.8889%
----------------------------------------
~~~~~~~~~~~~~~~~~~~~~~~~~
==================================================

🎯 Treinando especialista 8/9: piper_miquelianum
=== Iniciando treinamento assistido: SVM-LBP+GLCM-Specialist-piper_miquelianum ===
Validação cruzada: 5 folds
==================================================

~~ Fold 1 ~~
Melhores parâmetros: {'svm__C': 10, 'svm__gamma': 'auto', 'svm__kernel': 'rbf'}
----------------------------------------
Métricas Fold 1 - SVM-LBP+GLCM-Specialist-piper_miquelianum:
   📊 Acurácia: 89.6296%
   📊 F1: 94.3624%
   📊 Recall: 97.6389%
   📊 Precision: 91.2987%
----------------------------------------
~~~~~~~~~~~~~~~~~~~~~~~~~

~~ Fold 2 ~~
Melhores parâmetros: {'svm__C': 100, 'svm__gamma': 0.002, 'svm__kernel': 'rbf'}
----------------------------------------
Métricas Fold 2 - SVM-LBP+GLCM-Specialist-piper_miquelianum:
   📊 Acurácia: 92.7160%
   📊 F1: 96.0588%
   📊 Recall: 99.8611%
   📊 Precision: 92.5354%
----------------------------------------
~~~~~~~~~~~~~~~~~~~~~~~~~

~~ Fold 3 ~~
Melhores parâmetros: {'svm__C': 1000, 'svm__gamma': 0.002, 'svm__kernel': 'rbf'}
----------------------------------------
Métricas Fold 3 - SVM-LBP+GLCM-Specialist-piper_miquelianum:
   📊 Acurácia: 90.6173%
   📊 F1: 94.8718%
   📊 Recall: 97.6389%
   📊 Precision: 92.2572%
----------------------------------------
~~~~~~~~~~~~~~~~~~~~~~~~~

~~ Fold 4 ~~
Melhores parâmetros: {'svm__C': 100, 'svm__gamma': 0.002, 'svm__kernel': 'rbf'}
----------------------------------------
Métricas Fold 4 - SVM-LBP+GLCM-Specialist-piper_miquelianum:
   📊 Acurácia: 90.6173%
   📊 F1: 94.8579%
   📊 Recall: 97.3611%
   📊 Precision: 92.4802%
----------------------------------------
~~~~~~~~~~~~~~~~~~~~~~~~~

~~ Fold 5 ~~
Melhores parâmetros: {'svm__C': 10, 'svm__gamma': 'auto', 'svm__kernel': 'rbf'}
----------------------------------------
Métricas Fold 5 - SVM-LBP+GLCM-Specialist-piper_miquelianum:
   📊 Acurácia: 91.2346%
   📊 F1: 95.1930%
   📊 Recall: 97.6389%
   📊 Precision: 92.8666%
----------------------------------------
~~~~~~~~~~~~~~~~~~~~~~~~~
==================================================

🎯 Treinando especialista 9/9: piper_xylosteoides
=== Iniciando treinamento assistido: SVM-LBP+GLCM-Specialist-piper_xylosteoides ===
Validação cruzada: 5 folds
==================================================

~~ Fold 1 ~~
Melhores parâmetros: {'svm__C': 100, 'svm__gamma': 0.002, 'svm__kernel': 'rbf'}
----------------------------------------
Métricas Fold 1 - SVM-LBP+GLCM-Specialist-piper_xylosteoides:
   📊 Acurácia: 89.8765%
   📊 F1: 94.5695%
   📊 Recall: 99.1667%
   📊 Precision: 90.3797%
----------------------------------------
~~~~~~~~~~~~~~~~~~~~~~~~~

~~ Fold 2 ~~
Melhores parâmetros: {'svm__C': 100, 'svm__gamma': 0.002, 'svm__kernel': 'rbf'}
----------------------------------------
Métricas Fold 2 - SVM-LBP+GLCM-Specialist-piper_xylosteoides:
   📊 Acurácia: 88.5185%
   📊 F1: 93.8451%
   📊 Recall: 98.4722%
   📊 Precision: 89.6334%
----------------------------------------
~~~~~~~~~~~~~~~~~~~~~~~~~

~~ Fold 3 ~~
Melhores parâmetros: {'svm__C': 100, 'svm__gamma': 0.002, 'svm__kernel': 'rbf'}
----------------------------------------
Métricas Fold 3 - SVM-LBP+GLCM-Specialist-piper_xylosteoides:
   📊 Acurácia: 89.8765%
   📊 F1: 94.5551%
   📊 Recall: 98.8889%
   📊 Precision: 90.5852%
----------------------------------------
~~~~~~~~~~~~~~~~~~~~~~~~~

~~ Fold 4 ~~
Melhores parâmetros: {'svm__C': 10, 'svm__gamma': 'auto', 'svm__kernel': 'rbf'}
----------------------------------------
Métricas Fold 4 - SVM-LBP+GLCM-Specialist-piper_xylosteoides:
   📊 Acurácia: 89.5062%
   📊 F1: 94.3597%
   📊 Recall: 98.7500%
   📊 Precision: 90.3431%
----------------------------------------
~~~~~~~~~~~~~~~~~~~~~~~~~

~~ Fold 5 ~~
Melhores parâmetros: {'svm__C': 100, 'svm__gamma': 0.002, 'svm__kernel': 'rbf'}
----------------------------------------
Métricas Fold 5 - SVM-LBP+GLCM-Specialist-piper_xylosteoides:
   📊 Acurácia: 88.6420%
   📊 F1: 93.9153%
   📊 Recall: 98.6111%
   📊 Precision: 89.6465%
----------------------------------------
~~~~~~~~~~~~~~~~~~~~~~~~~
==================================================

🎉 Treinamento de especialistas SVM-LBP+GLCM concluído!
   ✅ 9 especialistas treinados com sucesso
   📦 Array retornado: raw_probabilities[i] = probabilidades do especialista da classe i
============================================================
⏱️ Tempo de execução (SVM-LBP+GLCM): 17m 26.06s
########################################
Métricas Finais Relevância SVM LBP+GLCM:
   📊 Acurácia: 61.5556%
   📊 F1: 53.7711%
   📊 Recall: 61.5556%
   📊 Precision: 54.2429%
----------------------------------------
Métricas de Treinamento dos Especialistas:
   Especialista classe 0:
      1️⃣ Acurácia Média: 91.7284% +- 0.5630%
        | Folds: 91.3580%, 92.4691%, 92.0988%, 90.8642%, 91.8519%
      2️⃣ F1 Média: 95.4855% +- 0.3120%
        | Folds: 95.2894%, 95.8532%, 95.7219%, 94.9864%, 95.5764%
      3️⃣ Recall Médio: 98.4167% +- 0.7485%
        | Folds: 98.3333%, 97.9167%, 99.4444%, 97.3611%, 99.0278%
      4️⃣ Precision Média: 92.7307% +- 0.5923%
        | Folds: 92.4282%, 93.8748%, 92.2680%, 92.7249%, 92.3575%
   Especialista classe 1:
      1️⃣ Acurácia Média: 92.5679% +- 0.6598%
        | Folds: 92.5926%, 91.4815%, 92.9630%, 93.4568%, 92.3457%
      2️⃣ F1 Média: 95.9463% +- 0.3682%
        | Folds: 95.9016%, 95.3410%, 96.1873%, 96.4406%, 95.8611%
      3️⃣ Recall Médio: 98.9722% +- 0.9923%
        | Folds: 97.5000%, 98.0556%, 99.8611%, 99.7222%, 99.7222%
      4️⃣ Precision Média: 93.1115% +- 0.7097%
        | Folds: 94.3548%, 92.7727%, 92.7742%, 93.3680%, 92.2879%
   Especialista classe 2:
      1️⃣ Acurácia Média: 90.4938% +- 0.6533%
        | Folds: 89.8765%, 89.6296%, 90.6173%, 90.9877%, 91.3580%
      2️⃣ F1 Média: 94.8343% +- 0.3323%
        | Folds: 94.5479%, 94.3850%, 94.8856%, 95.0508%, 95.3020%
      3️⃣ Recall Médio: 98.1389% +- 0.5015%
        | Folds: 98.7500%, 98.0556%, 97.9167%, 97.3611%, 98.6111%
      4️⃣ Precision Média: 91.7520% +- 0.8021%
        | Folds: 90.6888%, 90.9794%, 92.0366%, 92.8477%, 92.2078%
   Especialista classe 3:
      1️⃣ Acurácia Média: 89.4568% +- 0.2153%
        | Folds: 89.3827%, 89.2593%, 89.3827%, 89.3827%, 89.8765%
      2️⃣ F1 Média: 94.3446% +- 0.1353%
        | Folds: 94.3122%, 94.2346%, 94.2436%, 94.3272%, 94.6053%
      3️⃣ Recall Médio: 98.9444% +- 0.6894%
        | Folds: 99.0278%, 98.7500%, 97.7778%, 99.3056%, 99.8611%
      4️⃣ Precision Média: 90.1589% +- 0.4118%
        | Folds: 90.0253%, 90.1141%, 90.9561%, 89.8241%, 89.8750%
   Especialista classe 4:
      1️⃣ Acurácia Média: 88.8889% +- 0.0000%
        | Folds: 88.8889%, 88.8889%, 88.8889%, 88.8889%, 88.8889%
      2️⃣ F1 Média: 94.1176% +- 0.0000%
        | Folds: 94.1176%, 94.1176%, 94.1176%, 94.1176%, 94.1176%
      3️⃣ Recall Médio: 100.0000% +- 0.0000%
        | Folds: 100.0000%, 100.0000%, 100.0000%, 100.0000%, 100.0000%
      4️⃣ Precision Média: 88.8889% +- 0.0000%
        | Folds: 88.8889%, 88.8889%, 88.8889%, 88.8889%, 88.8889%
   Especialista classe 5:
      1️⃣ Acurácia Média: 88.8889% +- 0.0000%
        | Folds: 88.8889%, 88.8889%, 88.8889%, 88.8889%, 88.8889%
      2️⃣ F1 Média: 94.1176% +- 0.0000%
        | Folds: 94.1176%, 94.1176%, 94.1176%, 94.1176%, 94.1176%
      3️⃣ Recall Médio: 100.0000% +- 0.0000%
        | Folds: 100.0000%, 100.0000%, 100.0000%, 100.0000%, 100.0000%
      4️⃣ Precision Média: 88.8889% +- 0.0000%
        | Folds: 88.8889%, 88.8889%, 88.8889%, 88.8889%, 88.8889%
   Especialista classe 6:
      1️⃣ Acurácia Média: 88.8889% +- 0.0000%
        | Folds: 88.8889%, 88.8889%, 88.8889%, 88.8889%, 88.8889%
      2️⃣ F1 Média: 94.1176% +- 0.0000%
        | Folds: 94.1176%, 94.1176%, 94.1176%, 94.1176%, 94.1176%
      3️⃣ Recall Médio: 100.0000% +- 0.0000%
        | Folds: 100.0000%, 100.0000%, 100.0000%, 100.0000%, 100.0000%
      4️⃣ Precision Média: 88.8889% +- 0.0000%
        | Folds: 88.8889%, 88.8889%, 88.8889%, 88.8889%, 88.8889%
   Especialista classe 7:
      1️⃣ Acurácia Média: 90.9630% +- 1.0163%
        | Folds: 89.6296%, 92.7160%, 90.6173%, 90.6173%, 91.2346%
      2️⃣ F1 Média: 95.0688% +- 0.5617%
        | Folds: 94.3624%, 96.0588%, 94.8718%, 94.8579%, 95.1930%
      3️⃣ Recall Médio: 98.0278% +- 0.9230%
        | Folds: 97.6389%, 99.8611%, 97.6389%, 97.3611%, 97.6389%
      4️⃣ Precision Média: 92.2876% +- 0.5315%
        | Folds: 91.2987%, 92.5354%, 92.2572%, 92.4802%, 92.8666%
   Especialista classe 8:
      1️⃣ Acurácia Média: 89.2840% +- 0.5916%
        | Folds: 89.8765%, 88.5185%, 89.8765%, 89.5062%, 88.6420%
      2️⃣ F1 Média: 94.2490% +- 0.3108%
        | Folds: 94.5695%, 93.8451%, 94.5551%, 94.3597%, 93.9153%
      3️⃣ Recall Médio: 98.7778% +- 0.2390%
        | Folds: 99.1667%, 98.4722%, 98.8889%, 98.7500%, 98.6111%
      4️⃣ Precision Média: 90.1176% +- 0.3987%
        | Folds: 90.3797%, 89.6334%, 90.5852%, 90.3431%, 89.6465%
########################################
📊 Exportando resultados para CSV: SVM_LBP_GLCM
   📁 Arquivo com os resultados: results/csv_exports/svm_lbp_glcm_results.csv
   📁 Arquivo com as métricas: results/csv_exports/svm_lbp_glcm_metrics.csv
   🎯 Imagens: 450 amostras
--------------------------------------------------
   ✅ 450 linhas escritas com sucesso
   💾 Arquivo salvo: results/csv_exports/svm_lbp_glcm_results.csv
   ✅ 55 linhas de métricas escritas com sucesso
   💾 Arquivo salvo: results/csv_exports/svm_lbp_glcm_metrics.csv
==================================================

📊 Calculando relevância LBP+LPQ...
🚀 Iniciando treinamento de especialistas SVM-LBP+LPQ
   📋 9 especialistas para treinar
   🔄 Validação cruzada: 5 folds
------------------------------------------------------------

🎯 Treinando especialista 1/9: peperomia_glabella
=== Iniciando treinamento assistido: SVM-LBP+LPQ-Specialist-peperomia_glabella ===
Validação cruzada: 5 folds
==================================================

~~ Fold 1 ~~
Melhores parâmetros: {'svm__C': 10, 'svm__gamma': 0.002, 'svm__kernel': 'rbf'}
----------------------------------------
Métricas Fold 1 - SVM-LBP+LPQ-Specialist-peperomia_glabella:
   📊 Acurácia: 90.3704%
   📊 F1: 94.8138%
   📊 Recall: 99.0278%
   📊 Precision: 90.9439%
----------------------------------------
~~~~~~~~~~~~~~~~~~~~~~~~~

~~ Fold 2 ~~
Melhores parâmetros: {'svm__C': 10, 'svm__gamma': 'auto', 'svm__kernel': 'rbf'}
----------------------------------------
Métricas Fold 2 - SVM-LBP+LPQ-Specialist-peperomia_glabella:
   📊 Acurácia: 91.3580%
   📊 F1: 95.3146%
   📊 Recall: 98.8889%
   📊 Precision: 91.9897%
----------------------------------------
~~~~~~~~~~~~~~~~~~~~~~~~~

~~ Fold 3 ~~
Melhores parâmetros: {'svm__C': 10, 'svm__gamma': 'auto', 'svm__kernel': 'rbf'}
----------------------------------------
Métricas Fold 3 - SVM-LBP+LPQ-Specialist-peperomia_glabella:
   📊 Acurácia: 91.2346%
   📊 F1: 95.2445%
   📊 Recall: 98.7500%
   📊 Precision: 91.9793%
----------------------------------------
~~~~~~~~~~~~~~~~~~~~~~~~~

~~ Fold 4 ~~
Melhores parâmetros: {'svm__C': 1000, 'svm__gamma': 2e-05, 'svm__kernel': 'rbf'}
----------------------------------------
Métricas Fold 4 - SVM-LBP+LPQ-Specialist-peperomia_glabella:
   📊 Acurácia: 90.1235%
   📊 F1: 94.6309%
   📊 Recall: 97.9167%
   📊 Precision: 91.5584%
----------------------------------------
~~~~~~~~~~~~~~~~~~~~~~~~~

~~ Fold 5 ~~
Melhores parâmetros: {'svm__C': 1000, 'svm__gamma': 2e-05, 'svm__kernel': 'rbf'}
----------------------------------------
Métricas Fold 5 - SVM-LBP+LPQ-Specialist-peperomia_glabella:
   📊 Acurácia: 90.6173%
   📊 F1: 94.9535%
   📊 Recall: 99.3056%
   📊 Precision: 90.9669%
----------------------------------------
~~~~~~~~~~~~~~~~~~~~~~~~~
==================================================

🎯 Treinando especialista 2/9: peperomia_tetraphylla
=== Iniciando treinamento assistido: SVM-LBP+LPQ-Specialist-peperomia_tetraphylla ===
Validação cruzada: 5 folds
==================================================

~~ Fold 1 ~~
Melhores parâmetros: {'svm__C': 10, 'svm__gamma': 'auto', 'svm__kernel': 'rbf'}
----------------------------------------
Métricas Fold 1 - SVM-LBP+LPQ-Specialist-peperomia_tetraphylla:
   📊 Acurácia: 92.7160%
   📊 F1: 96.0323%
   📊 Recall: 99.1667%
   📊 Precision: 93.0900%
----------------------------------------
~~~~~~~~~~~~~~~~~~~~~~~~~

~~ Fold 2 ~~
Melhores parâmetros: {'svm__C': 100, 'svm__gamma': 0.002, 'svm__kernel': 'rbf'}
----------------------------------------
Métricas Fold 2 - SVM-LBP+LPQ-Specialist-peperomia_tetraphylla:
   📊 Acurácia: 91.9753%
   📊 F1: 95.6170%
   📊 Recall: 98.4722%
   📊 Precision: 92.9227%
----------------------------------------
~~~~~~~~~~~~~~~~~~~~~~~~~

~~ Fold 3 ~~
Melhores parâmetros: {'svm__C': 100, 'svm__gamma': 0.002, 'svm__kernel': 'rbf'}
----------------------------------------
Métricas Fold 3 - SVM-LBP+LPQ-Specialist-peperomia_tetraphylla:
   📊 Acurácia: 91.4815%
   📊 F1: 95.3846%
   📊 Recall: 99.0278%
   📊 Precision: 92.0000%
----------------------------------------
~~~~~~~~~~~~~~~~~~~~~~~~~

~~ Fold 4 ~~
Melhores parâmetros: {'svm__C': 10, 'svm__gamma': 'auto', 'svm__kernel': 'rbf'}
----------------------------------------
Métricas Fold 4 - SVM-LBP+LPQ-Specialist-peperomia_tetraphylla:
   📊 Acurácia: 93.2099%
   📊 F1: 96.3013%
   📊 Recall: 99.4444%
   📊 Precision: 93.3507%
----------------------------------------
~~~~~~~~~~~~~~~~~~~~~~~~~

~~ Fold 5 ~~
Melhores parâmetros: {'svm__C': 10, 'svm__gamma': 'auto', 'svm__kernel': 'rbf'}
----------------------------------------
Métricas Fold 5 - SVM-LBP+LPQ-Specialist-peperomia_tetraphylla:
   📊 Acurácia: 92.4691%
   📊 F1: 95.9252%
   📊 Recall: 99.7222%
   📊 Precision: 92.4067%
----------------------------------------
~~~~~~~~~~~~~~~~~~~~~~~~~
==================================================

🎯 Treinando especialista 3/9: peperomia_urocarpa
=== Iniciando treinamento assistido: SVM-LBP+LPQ-Specialist-peperomia_urocarpa ===
Validação cruzada: 5 folds
==================================================

~~ Fold 1 ~~
Melhores parâmetros: {'svm__C': 10, 'svm__gamma': 'auto', 'svm__kernel': 'rbf'}
----------------------------------------
Métricas Fold 1 - SVM-LBP+LPQ-Specialist-peperomia_urocarpa:
   📊 Acurácia: 89.1358%
   📊 F1: 94.1799%
   📊 Recall: 98.8889%
   📊 Precision: 89.8990%
----------------------------------------
~~~~~~~~~~~~~~~~~~~~~~~~~

~~ Fold 2 ~~
Melhores parâmetros: {'svm__C': 10, 'svm__gamma': 'auto', 'svm__kernel': 'rbf'}
----------------------------------------
Métricas Fold 2 - SVM-LBP+LPQ-Specialist-peperomia_urocarpa:
   📊 Acurácia: 88.5185%
   📊 F1: 93.8614%
   📊 Recall: 98.7500%
   📊 Precision: 89.4340%
----------------------------------------
~~~~~~~~~~~~~~~~~~~~~~~~~

~~ Fold 3 ~~
Melhores parâmetros: {'svm__C': 10, 'svm__gamma': 'auto', 'svm__kernel': 'rbf'}
----------------------------------------
Métricas Fold 3 - SVM-LBP+LPQ-Specialist-peperomia_urocarpa:
   📊 Acurácia: 89.6296%
   📊 F1: 94.4149%
   📊 Recall: 98.6111%
   📊 Precision: 90.5612%
----------------------------------------
~~~~~~~~~~~~~~~~~~~~~~~~~

~~ Fold 4 ~~
Melhores parâmetros: {'svm__C': 10, 'svm__gamma': 'auto', 'svm__kernel': 'rbf'}
----------------------------------------
Métricas Fold 4 - SVM-LBP+LPQ-Specialist-peperomia_urocarpa:
   📊 Acurácia: 89.1358%
   📊 F1: 94.1645%
   📊 Recall: 98.6111%
   📊 Precision: 90.1015%
----------------------------------------
~~~~~~~~~~~~~~~~~~~~~~~~~

~~ Fold 5 ~~
Melhores parâmetros: {'svm__C': 10, 'svm__gamma': 'auto', 'svm__kernel': 'rbf'}
----------------------------------------
Métricas Fold 5 - SVM-LBP+LPQ-Specialist-peperomia_urocarpa:
   📊 Acurácia: 89.5062%
   📊 F1: 94.4042%
   📊 Recall: 99.5833%
   📊 Precision: 89.7372%
----------------------------------------
~~~~~~~~~~~~~~~~~~~~~~~~~
==================================================

🎯 Treinando especialista 4/9: piper_amalago
=== Iniciando treinamento assistido: SVM-LBP+LPQ-Specialist-piper_amalago ===
Validação cruzada: 5 folds
==================================================

~~ Fold 1 ~~
Melhores parâmetros: {'svm__C': 0.1, 'svm__gamma': 2e-05, 'svm__kernel': 'rbf'}
----------------------------------------
Métricas Fold 1 - SVM-LBP+LPQ-Specialist-piper_amalago:
   📊 Acurácia: 88.8889%
   📊 F1: 94.1176%
   📊 Recall: 100.0000%
   📊 Precision: 88.8889%
----------------------------------------
~~~~~~~~~~~~~~~~~~~~~~~~~

~~ Fold 2 ~~
Melhores parâmetros: {'svm__C': 1, 'svm__gamma': 0.2, 'svm__kernel': 'rbf'}
----------------------------------------
Métricas Fold 2 - SVM-LBP+LPQ-Specialist-piper_amalago:
   📊 Acurácia: 88.7654%
   📊 F1: 94.0484%
   📊 Recall: 99.8611%
   📊 Precision: 88.8752%
----------------------------------------
~~~~~~~~~~~~~~~~~~~~~~~~~

~~ Fold 3 ~~
Melhores parâmetros: {'svm__C': 0.1, 'svm__gamma': 2e-05, 'svm__kernel': 'rbf'}
----------------------------------------
Métricas Fold 3 - SVM-LBP+LPQ-Specialist-piper_amalago:
   📊 Acurácia: 88.8889%
   📊 F1: 94.1176%
   📊 Recall: 100.0000%
   📊 Precision: 88.8889%
----------------------------------------
~~~~~~~~~~~~~~~~~~~~~~~~~

~~ Fold 4 ~~
Melhores parâmetros: {'svm__C': 0.1, 'svm__gamma': 2e-05, 'svm__kernel': 'rbf'}
----------------------------------------
Métricas Fold 4 - SVM-LBP+LPQ-Specialist-piper_amalago:
   📊 Acurácia: 88.8889%
   📊 F1: 94.1176%
   📊 Recall: 100.0000%
   📊 Precision: 88.8889%
----------------------------------------
~~~~~~~~~~~~~~~~~~~~~~~~~

~~ Fold 5 ~~
Melhores parâmetros: {'svm__C': 0.1, 'svm__gamma': 2e-05, 'svm__kernel': 'rbf'}
----------------------------------------
Métricas Fold 5 - SVM-LBP+LPQ-Specialist-piper_amalago:
   📊 Acurácia: 88.8889%
   📊 F1: 94.1176%
   📊 Recall: 100.0000%
   📊 Precision: 88.8889%
----------------------------------------
~~~~~~~~~~~~~~~~~~~~~~~~~
==================================================

🎯 Treinando especialista 5/9: piper_gaudichaudianum
=== Iniciando treinamento assistido: SVM-LBP+LPQ-Specialist-piper_gaudichaudianum ===
Validação cruzada: 5 folds
==================================================

~~ Fold 1 ~~
Melhores parâmetros: {'svm__C': 0.1, 'svm__gamma': 2e-05, 'svm__kernel': 'rbf'}
----------------------------------------
Métricas Fold 1 - SVM-LBP+LPQ-Specialist-piper_gaudichaudianum:
   📊 Acurácia: 88.8889%
   📊 F1: 94.1176%
   📊 Recall: 100.0000%
   📊 Precision: 88.8889%
----------------------------------------
~~~~~~~~~~~~~~~~~~~~~~~~~

~~ Fold 2 ~~
Melhores parâmetros: {'svm__C': 0.1, 'svm__gamma': 2e-05, 'svm__kernel': 'rbf'}
----------------------------------------
Métricas Fold 2 - SVM-LBP+LPQ-Specialist-piper_gaudichaudianum:
   📊 Acurácia: 88.8889%
   📊 F1: 94.1176%
   📊 Recall: 100.0000%
   📊 Precision: 88.8889%
----------------------------------------
~~~~~~~~~~~~~~~~~~~~~~~~~

~~ Fold 3 ~~
Melhores parâmetros: {'svm__C': 0.1, 'svm__gamma': 2e-05, 'svm__kernel': 'rbf'}
----------------------------------------
Métricas Fold 3 - SVM-LBP+LPQ-Specialist-piper_gaudichaudianum:
   📊 Acurácia: 88.8889%
   📊 F1: 94.1176%
   📊 Recall: 100.0000%
   📊 Precision: 88.8889%
----------------------------------------
~~~~~~~~~~~~~~~~~~~~~~~~~

~~ Fold 4 ~~
Melhores parâmetros: {'svm__C': 0.1, 'svm__gamma': 2e-05, 'svm__kernel': 'rbf'}
----------------------------------------
Métricas Fold 4 - SVM-LBP+LPQ-Specialist-piper_gaudichaudianum:
   📊 Acurácia: 88.8889%
   📊 F1: 94.1176%
   📊 Recall: 100.0000%
   📊 Precision: 88.8889%
----------------------------------------
~~~~~~~~~~~~~~~~~~~~~~~~~

~~ Fold 5 ~~
Melhores parâmetros: {'svm__C': 10, 'svm__gamma': 0.2, 'svm__kernel': 'rbf'}
----------------------------------------
Métricas Fold 5 - SVM-LBP+LPQ-Specialist-piper_gaudichaudianum:
   📊 Acurácia: 88.6420%
   📊 F1: 93.9791%
   📊 Recall: 99.7222%
   📊 Precision: 88.8614%
----------------------------------------
~~~~~~~~~~~~~~~~~~~~~~~~~
==================================================

🎯 Treinando especialista 6/9: piper_glabratum
=== Iniciando treinamento assistido: SVM-LBP+LPQ-Specialist-piper_glabratum ===
Validação cruzada: 5 folds
==================================================

~~ Fold 1 ~~
Melhores parâmetros: {'svm__C': 0.1, 'svm__gamma': 2e-05, 'svm__kernel': 'rbf'}
----------------------------------------
Métricas Fold 1 - SVM-LBP+LPQ-Specialist-piper_glabratum:
   📊 Acurácia: 88.8889%
   📊 F1: 94.1176%
   📊 Recall: 100.0000%
   📊 Precision: 88.8889%
----------------------------------------
~~~~~~~~~~~~~~~~~~~~~~~~~

~~ Fold 2 ~~
Melhores parâmetros: {'svm__C': 0.1, 'svm__gamma': 2e-05, 'svm__kernel': 'rbf'}
----------------------------------------
Métricas Fold 2 - SVM-LBP+LPQ-Specialist-piper_glabratum:
   📊 Acurácia: 88.8889%
   📊 F1: 94.1176%
   📊 Recall: 100.0000%
   📊 Precision: 88.8889%
----------------------------------------
~~~~~~~~~~~~~~~~~~~~~~~~~

~~ Fold 3 ~~
Melhores parâmetros: {'svm__C': 0.1, 'svm__gamma': 2e-05, 'svm__kernel': 'rbf'}
----------------------------------------
Métricas Fold 3 - SVM-LBP+LPQ-Specialist-piper_glabratum:
   📊 Acurácia: 88.8889%
   📊 F1: 94.1176%
   📊 Recall: 100.0000%
   📊 Precision: 88.8889%
----------------------------------------
~~~~~~~~~~~~~~~~~~~~~~~~~

~~ Fold 4 ~~
Melhores parâmetros: {'svm__C': 0.1, 'svm__gamma': 2e-05, 'svm__kernel': 'rbf'}
----------------------------------------
Métricas Fold 4 - SVM-LBP+LPQ-Specialist-piper_glabratum:
   📊 Acurácia: 88.8889%
   📊 F1: 94.1176%
   📊 Recall: 100.0000%
   📊 Precision: 88.8889%
----------------------------------------
~~~~~~~~~~~~~~~~~~~~~~~~~

~~ Fold 5 ~~
Melhores parâmetros: {'svm__C': 1000, 'svm__gamma': 2e-05, 'svm__kernel': 'rbf'}
----------------------------------------
Métricas Fold 5 - SVM-LBP+LPQ-Specialist-piper_glabratum:
   📊 Acurácia: 88.7654%
   📊 F1: 94.0484%
   📊 Recall: 99.8611%
   📊 Precision: 88.8752%
----------------------------------------
~~~~~~~~~~~~~~~~~~~~~~~~~
==================================================

🎯 Treinando especialista 7/9: piper_hispidum
=== Iniciando treinamento assistido: SVM-LBP+LPQ-Specialist-piper_hispidum ===
Validação cruzada: 5 folds
==================================================

~~ Fold 1 ~~
Melhores parâmetros: {'svm__C': 0.1, 'svm__gamma': 2e-05, 'svm__kernel': 'rbf'}
----------------------------------------
Métricas Fold 1 - SVM-LBP+LPQ-Specialist-piper_hispidum:
   📊 Acurácia: 88.8889%
   📊 F1: 94.1176%
   📊 Recall: 100.0000%
   📊 Precision: 88.8889%
----------------------------------------
~~~~~~~~~~~~~~~~~~~~~~~~~

~~ Fold 2 ~~
Melhores parâmetros: {'svm__C': 0.1, 'svm__gamma': 2e-05, 'svm__kernel': 'rbf'}
----------------------------------------
Métricas Fold 2 - SVM-LBP+LPQ-Specialist-piper_hispidum:
   📊 Acurácia: 88.8889%
   📊 F1: 94.1176%
   📊 Recall: 100.0000%
   📊 Precision: 88.8889%
----------------------------------------
~~~~~~~~~~~~~~~~~~~~~~~~~

~~ Fold 3 ~~
Melhores parâmetros: {'svm__C': 0.1, 'svm__gamma': 2e-05, 'svm__kernel': 'rbf'}
----------------------------------------
Métricas Fold 3 - SVM-LBP+LPQ-Specialist-piper_hispidum:
   📊 Acurácia: 88.8889%
   📊 F1: 94.1176%
   📊 Recall: 100.0000%
   📊 Precision: 88.8889%
----------------------------------------
~~~~~~~~~~~~~~~~~~~~~~~~~

~~ Fold 4 ~~
Melhores parâmetros: {'svm__C': 0.1, 'svm__gamma': 2e-05, 'svm__kernel': 'rbf'}
----------------------------------------
Métricas Fold 4 - SVM-LBP+LPQ-Specialist-piper_hispidum:
   📊 Acurácia: 88.8889%
   📊 F1: 94.1176%
   📊 Recall: 100.0000%
   📊 Precision: 88.8889%
----------------------------------------
~~~~~~~~~~~~~~~~~~~~~~~~~

~~ Fold 5 ~~
Melhores parâmetros: {'svm__C': 0.1, 'svm__gamma': 2e-05, 'svm__kernel': 'rbf'}
----------------------------------------
Métricas Fold 5 - SVM-LBP+LPQ-Specialist-piper_hispidum:
   📊 Acurácia: 88.8889%
   📊 F1: 94.1176%
   📊 Recall: 100.0000%
   📊 Precision: 88.8889%
----------------------------------------
~~~~~~~~~~~~~~~~~~~~~~~~~
==================================================

🎯 Treinando especialista 8/9: piper_miquelianum
=== Iniciando treinamento assistido: SVM-LBP+LPQ-Specialist-piper_miquelianum ===
Validação cruzada: 5 folds
==================================================

~~ Fold 1 ~~
Melhores parâmetros: {'svm__C': 10, 'svm__gamma': 0.002, 'svm__kernel': 'rbf'}
----------------------------------------
Métricas Fold 1 - SVM-LBP+LPQ-Specialist-piper_miquelianum:
   📊 Acurácia: 89.5062%
   📊 F1: 94.3296%
   📊 Recall: 98.1944%
   📊 Precision: 90.7574%
----------------------------------------
~~~~~~~~~~~~~~~~~~~~~~~~~

~~ Fold 2 ~~
Melhores parâmetros: {'svm__C': 10, 'svm__gamma': 'auto', 'svm__kernel': 'rbf'}
----------------------------------------
Métricas Fold 2 - SVM-LBP+LPQ-Specialist-piper_miquelianum:
   📊 Acurácia: 90.0000%
   📊 F1: 94.6179%
   📊 Recall: 98.8889%
   📊 Precision: 90.7006%
----------------------------------------
~~~~~~~~~~~~~~~~~~~~~~~~~

~~ Fold 3 ~~
Melhores parâmetros: {'svm__C': 10, 'svm__gamma': 0.002, 'svm__kernel': 'rbf'}
----------------------------------------
Métricas Fold 3 - SVM-LBP+LPQ-Specialist-piper_miquelianum:
   📊 Acurácia: 90.8642%
   📊 F1: 95.0667%
   📊 Recall: 99.0278%
   📊 Precision: 91.4103%
----------------------------------------
~~~~~~~~~~~~~~~~~~~~~~~~~

~~ Fold 4 ~~
Melhores parâmetros: {'svm__C': 1000, 'svm__gamma': 2e-05, 'svm__kernel': 'rbf'}
----------------------------------------
Métricas Fold 4 - SVM-LBP+LPQ-Specialist-piper_miquelianum:
   📊 Acurácia: 90.0000%
   📊 F1: 94.5964%
   📊 Recall: 98.4722%
   📊 Precision: 91.0141%
----------------------------------------
~~~~~~~~~~~~~~~~~~~~~~~~~

~~ Fold 5 ~~
Melhores parâmetros: {'svm__C': 10, 'svm__gamma': 'auto', 'svm__kernel': 'rbf'}
----------------------------------------
Métricas Fold 5 - SVM-LBP+LPQ-Specialist-piper_miquelianum:
   📊 Acurácia: 91.2346%
   📊 F1: 95.2317%
   📊 Recall: 98.4722%
   📊 Precision: 92.1977%
----------------------------------------
~~~~~~~~~~~~~~~~~~~~~~~~~
==================================================

🎯 Treinando especialista 9/9: piper_xylosteoides
=== Iniciando treinamento assistido: SVM-LBP+LPQ-Specialist-piper_xylosteoides ===
Validação cruzada: 5 folds
==================================================

~~ Fold 1 ~~
Melhores parâmetros: {'svm__C': 10, 'svm__gamma': 'auto', 'svm__kernel': 'rbf'}
----------------------------------------
Métricas Fold 1 - SVM-LBP+LPQ-Specialist-piper_xylosteoides:
   📊 Acurácia: 89.5062%
   📊 F1: 94.3820%
   📊 Recall: 99.1667%
   📊 Precision: 90.0378%
----------------------------------------
~~~~~~~~~~~~~~~~~~~~~~~~~

~~ Fold 2 ~~
Melhores parâmetros: {'svm__C': 10, 'svm__gamma': 'auto', 'svm__kernel': 'rbf'}
----------------------------------------
Métricas Fold 2 - SVM-LBP+LPQ-Specialist-piper_xylosteoides:
   📊 Acurácia: 89.2593%
   📊 F1: 94.2498%
   📊 Recall: 99.0278%
   📊 Precision: 89.9117%
----------------------------------------
~~~~~~~~~~~~~~~~~~~~~~~~~

~~ Fold 3 ~~
Melhores parâmetros: {'svm__C': 1000, 'svm__gamma': 2e-05, 'svm__kernel': 'rbf'}
----------------------------------------
Métricas Fold 3 - SVM-LBP+LPQ-Specialist-piper_xylosteoides:
   📊 Acurácia: 88.8889%
   📊 F1: 94.1099%
   📊 Recall: 99.8611%
   📊 Precision: 88.9851%
----------------------------------------
~~~~~~~~~~~~~~~~~~~~~~~~~

~~ Fold 4 ~~
Melhores parâmetros: {'svm__C': 10, 'svm__gamma': 'auto', 'svm__kernel': 'rbf'}
----------------------------------------
Métricas Fold 4 - SVM-LBP+LPQ-Specialist-piper_xylosteoides:
   📊 Acurácia: 89.1358%
   📊 F1: 94.1489%
   📊 Recall: 98.3333%
   📊 Precision: 90.3061%
----------------------------------------
~~~~~~~~~~~~~~~~~~~~~~~~~

~~ Fold 5 ~~
Melhores parâmetros: {'svm__C': 10, 'svm__gamma': 'auto', 'svm__kernel': 'rbf'}
----------------------------------------
Métricas Fold 5 - SVM-LBP+LPQ-Specialist-piper_xylosteoides:
   📊 Acurácia: 88.3951%
   📊 F1: 93.7913%
   📊 Recall: 98.6111%
   📊 Precision: 89.4207%
----------------------------------------
~~~~~~~~~~~~~~~~~~~~~~~~~
==================================================

🎉 Treinamento de especialistas SVM-LBP+LPQ concluído!
   ✅ 9 especialistas treinados com sucesso
   📦 Array retornado: raw_probabilities[i] = probabilidades do especialista da classe i
============================================================
⏱️ Tempo de execução (SVM-LBP+LPQ): 87m 2.77s
########################################
Métricas Finais Relevância SVM LBP+LPQ:
   📊 Acurácia: 51.7778%
   📊 F1: 45.9210%
   📊 Recall: 51.7778%
   📊 Precision: 46.8522%
----------------------------------------
Métricas de Treinamento dos Especialistas:
   Especialista classe 0:
      1️⃣ Acurácia Média: 90.7407% +- 0.4813%
        | Folds: 90.3704%, 91.3580%, 91.2346%, 90.1235%, 90.6173%
      2️⃣ F1 Média: 94.9915% +- 0.2575%
        | Folds: 94.8138%, 95.3146%, 95.2445%, 94.6309%, 94.9535%
      3️⃣ Recall Médio: 98.7778% +- 0.4681%
        | Folds: 99.0278%, 98.8889%, 98.7500%, 97.9167%, 99.3056%
      4️⃣ Precision Média: 91.4876% +- 0.4616%
        | Folds: 90.9439%, 91.9897%, 91.9793%, 91.5584%, 90.9669%
   Especialista classe 1:
      1️⃣ Acurácia Média: 92.3704% +- 0.5967%
        | Folds: 92.7160%, 91.9753%, 91.4815%, 93.2099%, 92.4691%
      2️⃣ F1 Média: 95.8521% +- 0.3204%
        | Folds: 96.0323%, 95.6170%, 95.3846%, 96.3013%, 95.9252%
      3️⃣ Recall Médio: 99.1667% +- 0.4213%
        | Folds: 99.1667%, 98.4722%, 99.0278%, 99.4444%, 99.7222%
      4️⃣ Precision Média: 92.7540% +- 0.4871%
        | Folds: 93.0900%, 92.9227%, 92.0000%, 93.3507%, 92.4067%
   Especialista classe 2:
      1️⃣ Acurácia Média: 89.1852% +- 0.3873%
        | Folds: 89.1358%, 88.5185%, 89.6296%, 89.1358%, 89.5062%
      2️⃣ F1 Média: 94.2050% +- 0.2020%
        | Folds: 94.1799%, 93.8614%, 94.4149%, 94.1645%, 94.4042%
      3️⃣ Recall Médio: 98.8889% +- 0.3622%
        | Folds: 98.8889%, 98.7500%, 98.6111%, 98.6111%, 99.5833%
      4️⃣ Precision Média: 89.9466% +- 0.3770%
        | Folds: 89.8990%, 89.4340%, 90.5612%, 90.1015%, 89.7372%
   Especialista classe 3:
      1️⃣ Acurácia Média: 88.8642% +- 0.0494%
        | Folds: 88.8889%, 88.7654%, 88.8889%, 88.8889%, 88.8889%
      2️⃣ F1 Média: 94.1038% +- 0.0277%
        | Folds: 94.1176%, 94.0484%, 94.1176%, 94.1176%, 94.1176%
      3️⃣ Recall Médio: 99.9722% +- 0.0556%
        | Folds: 100.0000%, 99.8611%, 100.0000%, 100.0000%, 100.0000%
      4️⃣ Precision Média: 88.8861% +- 0.0055%
        | Folds: 88.8889%, 88.8752%, 88.8889%, 88.8889%, 88.8889%
   Especialista classe 4:
      1️⃣ Acurácia Média: 88.8395% +- 0.0988%
        | Folds: 88.8889%, 88.8889%, 88.8889%, 88.8889%, 88.6420%
      2️⃣ F1 Média: 94.0899% +- 0.0554%
        | Folds: 94.1176%, 94.1176%, 94.1176%, 94.1176%, 93.9791%
      3️⃣ Recall Médio: 99.9444% +- 0.1111%
        | Folds: 100.0000%, 100.0000%, 100.0000%, 100.0000%, 99.7222%
      4️⃣ Precision Média: 88.8834% +- 0.0110%
        | Folds: 88.8889%, 88.8889%, 88.8889%, 88.8889%, 88.8614%
   Especialista classe 5:
      1️⃣ Acurácia Média: 88.8642% +- 0.0494%
        | Folds: 88.8889%, 88.8889%, 88.8889%, 88.8889%, 88.7654%
      2️⃣ F1 Média: 94.1038% +- 0.0277%
        | Folds: 94.1176%, 94.1176%, 94.1176%, 94.1176%, 94.0484%
      3️⃣ Recall Médio: 99.9722% +- 0.0556%
        | Folds: 100.0000%, 100.0000%, 100.0000%, 100.0000%, 99.8611%
      4️⃣ Precision Média: 88.8861% +- 0.0055%
        | Folds: 88.8889%, 88.8889%, 88.8889%, 88.8889%, 88.8752%
   Especialista classe 6:
      1️⃣ Acurácia Média: 88.8889% +- 0.0000%
        | Folds: 88.8889%, 88.8889%, 88.8889%, 88.8889%, 88.8889%
      2️⃣ F1 Média: 94.1176% +- 0.0000%
        | Folds: 94.1176%, 94.1176%, 94.1176%, 94.1176%, 94.1176%
      3️⃣ Recall Médio: 100.0000% +- 0.0000%
        | Folds: 100.0000%, 100.0000%, 100.0000%, 100.0000%, 100.0000%
      4️⃣ Precision Média: 88.8889% +- 0.0000%
        | Folds: 88.8889%, 88.8889%, 88.8889%, 88.8889%, 88.8889%
   Especialista classe 7:
      1️⃣ Acurácia Média: 90.3210% +- 0.6324%
        | Folds: 89.5062%, 90.0000%, 90.8642%, 90.0000%, 91.2346%
      2️⃣ F1 Média: 94.7685% +- 0.3312%
        | Folds: 94.3296%, 94.6179%, 95.0667%, 94.5964%, 95.2317%
      3️⃣ Recall Médio: 98.6111% +- 0.3043%
        | Folds: 98.1944%, 98.8889%, 99.0278%, 98.4722%, 98.4722%
      4️⃣ Precision Média: 91.2160% +- 0.5510%
        | Folds: 90.7574%, 90.7006%, 91.4103%, 91.0141%, 92.1977%
   Especialista classe 8:
      1️⃣ Acurácia Média: 89.0370% +- 0.3777%
        | Folds: 89.5062%, 89.2593%, 88.8889%, 89.1358%, 88.3951%
      2️⃣ F1 Média: 94.1364% +- 0.1966%
        | Folds: 94.3820%, 94.2498%, 94.1099%, 94.1489%, 93.7913%
      3️⃣ Recall Médio: 99.0000% +- 0.5226%
        | Folds: 99.1667%, 99.0278%, 99.8611%, 98.3333%, 98.6111%
      4️⃣ Precision Média: 89.7323% +- 0.4712%
        | Folds: 90.0378%, 89.9117%, 88.9851%, 90.3061%, 89.4207%
########################################
📊 Exportando resultados para CSV: SVM_LBP_LPQ
   📁 Arquivo com os resultados: results/csv_exports/svm_lbp_lpq_results.csv
   📁 Arquivo com as métricas: results/csv_exports/svm_lbp_lpq_metrics.csv
   🎯 Imagens: 450 amostras
--------------------------------------------------
   ✅ 450 linhas escritas com sucesso
   💾 Arquivo salvo: results/csv_exports/svm_lbp_lpq_results.csv
   ✅ 55 linhas de métricas escritas com sucesso
   💾 Arquivo salvo: results/csv_exports/svm_lbp_lpq_metrics.csv
==================================================

📊 Calculando relevância GLCM+LPQ...
🚀 Iniciando treinamento de especialistas SVM-GLCM+LPQ
   📋 9 especialistas para treinar
   🔄 Validação cruzada: 5 folds
------------------------------------------------------------

🎯 Treinando especialista 1/9: peperomia_glabella
=== Iniciando treinamento assistido: SVM-GLCM+LPQ-Specialist-peperomia_glabella ===
Validação cruzada: 5 folds
==================================================

~~ Fold 1 ~~
Melhores parâmetros: {'svm__C': 10, 'svm__gamma': 0.002, 'svm__kernel': 'rbf'}
----------------------------------------
Métricas Fold 1 - SVM-GLCM+LPQ-Specialist-peperomia_glabella:
   📊 Acurácia: 91.8519%
   📊 F1: 95.5526%
   📊 Recall: 98.4722%
   📊 Precision: 92.8010%
----------------------------------------
~~~~~~~~~~~~~~~~~~~~~~~~~

~~ Fold 2 ~~
Melhores parâmetros: {'svm__C': 10, 'svm__gamma': 'auto', 'svm__kernel': 'rbf'}
----------------------------------------
Métricas Fold 2 - SVM-GLCM+LPQ-Specialist-peperomia_glabella:
   📊 Acurácia: 92.8395%
   📊 F1: 96.0651%
   📊 Recall: 98.3333%
   📊 Precision: 93.8992%
----------------------------------------
~~~~~~~~~~~~~~~~~~~~~~~~~

~~ Fold 3 ~~
Melhores parâmetros: {'svm__C': 10, 'svm__gamma': 'auto', 'svm__kernel': 'rbf'}
----------------------------------------
Métricas Fold 3 - SVM-GLCM+LPQ-Specialist-peperomia_glabella:
   📊 Acurácia: 91.8519%
   📊 F1: 95.5823%
   📊 Recall: 99.1667%
   📊 Precision: 92.2481%
----------------------------------------
~~~~~~~~~~~~~~~~~~~~~~~~~

~~ Fold 4 ~~
Melhores parâmetros: {'svm__C': 10, 'svm__gamma': 'auto', 'svm__kernel': 'rbf'}
----------------------------------------
Métricas Fold 4 - SVM-GLCM+LPQ-Specialist-peperomia_glabella:
   📊 Acurácia: 91.9753%
   📊 F1: 95.5872%
   📊 Recall: 97.7778%
   📊 Precision: 93.4927%
----------------------------------------
~~~~~~~~~~~~~~~~~~~~~~~~~

~~ Fold 5 ~~
Melhores parâmetros: {'svm__C': 10, 'svm__gamma': 'auto', 'svm__kernel': 'rbf'}
----------------------------------------
Métricas Fold 5 - SVM-GLCM+LPQ-Specialist-peperomia_glabella:
   📊 Acurácia: 91.8519%
   📊 F1: 95.5705%
   📊 Recall: 98.8889%
   📊 Precision: 92.4675%
----------------------------------------
~~~~~~~~~~~~~~~~~~~~~~~~~
==================================================

🎯 Treinando especialista 2/9: peperomia_tetraphylla
=== Iniciando treinamento assistido: SVM-GLCM+LPQ-Specialist-peperomia_tetraphylla ===
Validação cruzada: 5 folds
==================================================

~~ Fold 1 ~~
Melhores parâmetros: {'svm__C': 100, 'svm__gamma': 0.002, 'svm__kernel': 'rbf'}
----------------------------------------
Métricas Fold 1 - SVM-GLCM+LPQ-Specialist-peperomia_tetraphylla:
   📊 Acurácia: 93.4568%
   📊 F1: 96.3872%
   📊 Recall: 98.1944%
   📊 Precision: 94.6452%
----------------------------------------
~~~~~~~~~~~~~~~~~~~~~~~~~

~~ Fold 2 ~~
Melhores parâmetros: {'svm__C': 10, 'svm__gamma': 'auto', 'svm__kernel': 'rbf'}
----------------------------------------
Métricas Fold 2 - SVM-GLCM+LPQ-Specialist-peperomia_tetraphylla:
   📊 Acurácia: 93.3333%
   📊 F1: 96.3807%
   📊 Recall: 99.8611%
   📊 Precision: 93.1347%
----------------------------------------
~~~~~~~~~~~~~~~~~~~~~~~~~

~~ Fold 3 ~~
Melhores parâmetros: {'svm__C': 10, 'svm__gamma': 'auto', 'svm__kernel': 'rbf'}
----------------------------------------
Métricas Fold 3 - SVM-GLCM+LPQ-Specialist-peperomia_tetraphylla:
   📊 Acurácia: 92.3457%
   📊 F1: 95.8556%
   📊 Recall: 99.5833%
   📊 Precision: 92.3969%
----------------------------------------
~~~~~~~~~~~~~~~~~~~~~~~~~

~~ Fold 4 ~~
Melhores parâmetros: {'svm__C': 100, 'svm__gamma': 0.002, 'svm__kernel': 'rbf'}
----------------------------------------
Métricas Fold 4 - SVM-GLCM+LPQ-Specialist-peperomia_tetraphylla:
   📊 Acurácia: 93.8272%
   📊 F1: 96.6125%
   📊 Recall: 99.0278%
   📊 Precision: 94.3122%
----------------------------------------
~~~~~~~~~~~~~~~~~~~~~~~~~

~~ Fold 5 ~~
Melhores parâmetros: {'svm__C': 10, 'svm__gamma': 'auto', 'svm__kernel': 'rbf'}
----------------------------------------
Métricas Fold 5 - SVM-GLCM+LPQ-Specialist-peperomia_tetraphylla:
   📊 Acurácia: 93.2099%
   📊 F1: 96.3161%
   📊 Recall: 99.8611%
   📊 Precision: 93.0142%
----------------------------------------
~~~~~~~~~~~~~~~~~~~~~~~~~
==================================================

🎯 Treinando especialista 3/9: peperomia_urocarpa
=== Iniciando treinamento assistido: SVM-GLCM+LPQ-Specialist-peperomia_urocarpa ===
Validação cruzada: 5 folds
==================================================

~~ Fold 1 ~~
Melhores parâmetros: {'svm__C': 10, 'svm__gamma': 'auto', 'svm__kernel': 'rbf'}
----------------------------------------
Métricas Fold 1 - SVM-GLCM+LPQ-Specialist-peperomia_urocarpa:
   📊 Acurácia: 90.8642%
   📊 F1: 95.0993%
   📊 Recall: 99.7222%
   📊 Precision: 90.8861%
----------------------------------------
~~~~~~~~~~~~~~~~~~~~~~~~~

~~ Fold 2 ~~
Melhores parâmetros: {'svm__C': 10, 'svm__gamma': 'auto', 'svm__kernel': 'rbf'}
----------------------------------------
Métricas Fold 2 - SVM-GLCM+LPQ-Specialist-peperomia_urocarpa:
   📊 Acurácia: 89.8765%
   📊 F1: 94.5551%
   📊 Recall: 98.8889%
   📊 Precision: 90.5852%
----------------------------------------
~~~~~~~~~~~~~~~~~~~~~~~~~

~~ Fold 3 ~~
Melhores parâmetros: {'svm__C': 10, 'svm__gamma': 'auto', 'svm__kernel': 'rbf'}
----------------------------------------
Métricas Fold 3 - SVM-GLCM+LPQ-Specialist-peperomia_urocarpa:
   📊 Acurácia: 90.3704%
   📊 F1: 94.7791%
   📊 Recall: 98.3333%
   📊 Precision: 91.4729%
----------------------------------------
~~~~~~~~~~~~~~~~~~~~~~~~~

~~ Fold 4 ~~
Melhores parâmetros: {'svm__C': 10, 'svm__gamma': 'auto', 'svm__kernel': 'rbf'}
----------------------------------------
Métricas Fold 4 - SVM-GLCM+LPQ-Specialist-peperomia_urocarpa:
   📊 Acurácia: 90.8642%
   📊 F1: 95.0667%
   📊 Recall: 99.0278%
   📊 Precision: 91.4103%
----------------------------------------
~~~~~~~~~~~~~~~~~~~~~~~~~

~~ Fold 5 ~~
Melhores parâmetros: {'svm__C': 10, 'svm__gamma': 'auto', 'svm__kernel': 'rbf'}
----------------------------------------
Métricas Fold 5 - SVM-GLCM+LPQ-Specialist-peperomia_urocarpa:
   📊 Acurácia: 90.7407%
   📊 F1: 94.9967%
   📊 Recall: 98.8889%
   📊 Precision: 91.3992%
----------------------------------------
~~~~~~~~~~~~~~~~~~~~~~~~~
==================================================

🎯 Treinando especialista 4/9: piper_amalago
=== Iniciando treinamento assistido: SVM-GLCM+LPQ-Specialist-piper_amalago ===
Validação cruzada: 5 folds
==================================================

~~ Fold 1 ~~
Melhores parâmetros: {'svm__C': 10, 'svm__gamma': 0.002, 'svm__kernel': 'rbf'}
----------------------------------------
Métricas Fold 1 - SVM-GLCM+LPQ-Specialist-piper_amalago:
   📊 Acurácia: 89.3827%
   📊 F1: 94.3421%
   📊 Recall: 99.5833%
   📊 Precision: 89.6250%
----------------------------------------
~~~~~~~~~~~~~~~~~~~~~~~~~

~~ Fold 2 ~~
Melhores parâmetros: {'svm__C': 1000, 'svm__gamma': 2e-05, 'svm__kernel': 'rbf'}
----------------------------------------
Métricas Fold 2 - SVM-GLCM+LPQ-Specialist-piper_amalago:
   📊 Acurácia: 89.1358%
   📊 F1: 94.2181%
   📊 Recall: 99.5833%
   📊 Precision: 89.4015%
----------------------------------------
~~~~~~~~~~~~~~~~~~~~~~~~~

~~ Fold 3 ~~
Melhores parâmetros: {'svm__C': 10, 'svm__gamma': 0.002, 'svm__kernel': 'rbf'}
----------------------------------------
Métricas Fold 3 - SVM-GLCM+LPQ-Specialist-piper_amalago:
   📊 Acurácia: 89.2593%
   📊 F1: 94.2346%
   📊 Recall: 98.7500%
   📊 Precision: 90.1141%
----------------------------------------
~~~~~~~~~~~~~~~~~~~~~~~~~

~~ Fold 4 ~~
Melhores parâmetros: {'svm__C': 10, 'svm__gamma': 0.002, 'svm__kernel': 'rbf'}
----------------------------------------
Métricas Fold 4 - SVM-GLCM+LPQ-Specialist-piper_amalago:
   📊 Acurácia: 89.8765%
   📊 F1: 94.5982%
   📊 Recall: 99.7222%
   📊 Precision: 89.9749%
----------------------------------------
~~~~~~~~~~~~~~~~~~~~~~~~~

~~ Fold 5 ~~
Melhores parâmetros: {'svm__C': 10, 'svm__gamma': 'auto', 'svm__kernel': 'rbf'}
----------------------------------------
Métricas Fold 5 - SVM-GLCM+LPQ-Specialist-piper_amalago:
   📊 Acurácia: 89.0123%
   📊 F1: 94.1099%
   📊 Recall: 98.7500%
   📊 Precision: 89.8862%
----------------------------------------
~~~~~~~~~~~~~~~~~~~~~~~~~
==================================================

🎯 Treinando especialista 5/9: piper_gaudichaudianum
=== Iniciando treinamento assistido: SVM-GLCM+LPQ-Specialist-piper_gaudichaudianum ===
Validação cruzada: 5 folds
==================================================

~~ Fold 1 ~~
Melhores parâmetros: {'svm__C': 0.1, 'svm__gamma': 2e-05, 'svm__kernel': 'rbf'}
----------------------------------------
Métricas Fold 1 - SVM-GLCM+LPQ-Specialist-piper_gaudichaudianum:
   📊 Acurácia: 88.8889%
   📊 F1: 94.1176%
   📊 Recall: 100.0000%
   📊 Precision: 88.8889%
----------------------------------------
~~~~~~~~~~~~~~~~~~~~~~~~~

~~ Fold 2 ~~
Melhores parâmetros: {'svm__C': 0.1, 'svm__gamma': 2e-05, 'svm__kernel': 'rbf'}
----------------------------------------
Métricas Fold 2 - SVM-GLCM+LPQ-Specialist-piper_gaudichaudianum:
   📊 Acurácia: 88.8889%
   📊 F1: 94.1176%
   📊 Recall: 100.0000%
   📊 Precision: 88.8889%
----------------------------------------
~~~~~~~~~~~~~~~~~~~~~~~~~

~~ Fold 3 ~~
Melhores parâmetros: {'svm__C': 0.1, 'svm__gamma': 2e-05, 'svm__kernel': 'rbf'}
----------------------------------------
Métricas Fold 3 - SVM-GLCM+LPQ-Specialist-piper_gaudichaudianum:
   📊 Acurácia: 88.8889%
   📊 F1: 94.1176%
   📊 Recall: 100.0000%
   📊 Precision: 88.8889%
----------------------------------------
~~~~~~~~~~~~~~~~~~~~~~~~~

~~ Fold 4 ~~
Melhores parâmetros: {'svm__C': 1000, 'svm__gamma': 2e-05, 'svm__kernel': 'rbf'}
----------------------------------------
Métricas Fold 4 - SVM-GLCM+LPQ-Specialist-piper_gaudichaudianum:
   📊 Acurácia: 88.8889%
   📊 F1: 94.1176%
   📊 Recall: 100.0000%
   📊 Precision: 88.8889%
----------------------------------------
~~~~~~~~~~~~~~~~~~~~~~~~~

~~ Fold 5 ~~
Melhores parâmetros: {'svm__C': 10, 'svm__gamma': 'auto', 'svm__kernel': 'rbf'}
----------------------------------------
Métricas Fold 5 - SVM-GLCM+LPQ-Specialist-piper_gaudichaudianum:
   📊 Acurácia: 87.9012%
   📊 F1: 93.5185%
   📊 Recall: 98.1944%
   📊 Precision: 89.2677%
----------------------------------------
~~~~~~~~~~~~~~~~~~~~~~~~~
==================================================

🎯 Treinando especialista 6/9: piper_glabratum
=== Iniciando treinamento assistido: SVM-GLCM+LPQ-Specialist-piper_glabratum ===
Validação cruzada: 5 folds
==================================================

~~ Fold 1 ~~
Melhores parâmetros: {'svm__C': 0.1, 'svm__gamma': 2e-05, 'svm__kernel': 'rbf'}
----------------------------------------
Métricas Fold 1 - SVM-GLCM+LPQ-Specialist-piper_glabratum:
   📊 Acurácia: 88.8889%
   📊 F1: 94.1176%
   📊 Recall: 100.0000%
   📊 Precision: 88.8889%
----------------------------------------
~~~~~~~~~~~~~~~~~~~~~~~~~

~~ Fold 2 ~~
Melhores parâmetros: {'svm__C': 0.1, 'svm__gamma': 2e-05, 'svm__kernel': 'rbf'}
----------------------------------------
Métricas Fold 2 - SVM-GLCM+LPQ-Specialist-piper_glabratum:
   📊 Acurácia: 88.8889%
   📊 F1: 94.1176%
   📊 Recall: 100.0000%
   📊 Precision: 88.8889%
----------------------------------------
~~~~~~~~~~~~~~~~~~~~~~~~~

~~ Fold 3 ~~
Melhores parâmetros: {'svm__C': 0.1, 'svm__gamma': 2e-05, 'svm__kernel': 'rbf'}
----------------------------------------
Métricas Fold 3 - SVM-GLCM+LPQ-Specialist-piper_glabratum:
   📊 Acurácia: 88.8889%
   📊 F1: 94.1176%
   📊 Recall: 100.0000%
   📊 Precision: 88.8889%
----------------------------------------
~~~~~~~~~~~~~~~~~~~~~~~~~

~~ Fold 4 ~~
Melhores parâmetros: {'svm__C': 0.1, 'svm__gamma': 2e-05, 'svm__kernel': 'rbf'}
----------------------------------------
Métricas Fold 4 - SVM-GLCM+LPQ-Specialist-piper_glabratum:
   📊 Acurácia: 88.8889%
   📊 F1: 94.1176%
   📊 Recall: 100.0000%
   📊 Precision: 88.8889%
----------------------------------------
~~~~~~~~~~~~~~~~~~~~~~~~~

~~ Fold 5 ~~
Melhores parâmetros: {'svm__C': 0.1, 'svm__gamma': 2e-05, 'svm__kernel': 'rbf'}
----------------------------------------
Métricas Fold 5 - SVM-GLCM+LPQ-Specialist-piper_glabratum:
   📊 Acurácia: 88.8889%
   📊 F1: 94.1176%
   📊 Recall: 100.0000%
   📊 Precision: 88.8889%
----------------------------------------
~~~~~~~~~~~~~~~~~~~~~~~~~
==================================================

🎯 Treinando especialista 7/9: piper_hispidum
=== Iniciando treinamento assistido: SVM-GLCM+LPQ-Specialist-piper_hispidum ===
Validação cruzada: 5 folds
==================================================

~~ Fold 1 ~~
Melhores parâmetros: {'svm__C': 0.1, 'svm__gamma': 2e-05, 'svm__kernel': 'rbf'}
----------------------------------------
Métricas Fold 1 - SVM-GLCM+LPQ-Specialist-piper_hispidum:
   📊 Acurácia: 88.8889%
   📊 F1: 94.1176%
   📊 Recall: 100.0000%
   📊 Precision: 88.8889%
----------------------------------------
~~~~~~~~~~~~~~~~~~~~~~~~~

~~ Fold 2 ~~
Melhores parâmetros: {'svm__C': 0.1, 'svm__gamma': 2e-05, 'svm__kernel': 'rbf'}
----------------------------------------
Métricas Fold 2 - SVM-GLCM+LPQ-Specialist-piper_hispidum:
   📊 Acurácia: 88.8889%
   📊 F1: 94.1176%
   📊 Recall: 100.0000%
   📊 Precision: 88.8889%
----------------------------------------
~~~~~~~~~~~~~~~~~~~~~~~~~

~~ Fold 3 ~~
Melhores parâmetros: {'svm__C': 0.1, 'svm__gamma': 2e-05, 'svm__kernel': 'rbf'}
----------------------------------------
Métricas Fold 3 - SVM-GLCM+LPQ-Specialist-piper_hispidum:
   📊 Acurácia: 88.8889%
   📊 F1: 94.1176%
   📊 Recall: 100.0000%
   📊 Precision: 88.8889%
----------------------------------------
~~~~~~~~~~~~~~~~~~~~~~~~~

~~ Fold 4 ~~
Melhores parâmetros: {'svm__C': 0.1, 'svm__gamma': 2e-05, 'svm__kernel': 'rbf'}
----------------------------------------
Métricas Fold 4 - SVM-GLCM+LPQ-Specialist-piper_hispidum:
   📊 Acurácia: 88.8889%
   📊 F1: 94.1176%
   📊 Recall: 100.0000%
   📊 Precision: 88.8889%
----------------------------------------
~~~~~~~~~~~~~~~~~~~~~~~~~

~~ Fold 5 ~~
Melhores parâmetros: {'svm__C': 0.1, 'svm__gamma': 2e-05, 'svm__kernel': 'rbf'}
----------------------------------------
Métricas Fold 5 - SVM-GLCM+LPQ-Specialist-piper_hispidum:
   📊 Acurácia: 88.8889%
   📊 F1: 94.1176%
   📊 Recall: 100.0000%
   📊 Precision: 88.8889%
----------------------------------------
~~~~~~~~~~~~~~~~~~~~~~~~~
==================================================

🎯 Treinando especialista 8/9: piper_miquelianum
=== Iniciando treinamento assistido: SVM-GLCM+LPQ-Specialist-piper_miquelianum ===
Validação cruzada: 5 folds
==================================================

~~ Fold 1 ~~
Melhores parâmetros: {'svm__C': 10, 'svm__gamma': 'auto', 'svm__kernel': 'rbf'}
----------------------------------------
Métricas Fold 1 - SVM-GLCM+LPQ-Specialist-piper_miquelianum:
   📊 Acurácia: 89.5062%
   📊 F1: 94.2838%
   📊 Recall: 97.3611%
   📊 Precision: 91.3950%
----------------------------------------
~~~~~~~~~~~~~~~~~~~~~~~~~

~~ Fold 2 ~~
Melhores parâmetros: {'svm__C': 10, 'svm__gamma': 0.002, 'svm__kernel': 'rbf'}
----------------------------------------
Métricas Fold 2 - SVM-GLCM+LPQ-Specialist-piper_miquelianum:
   📊 Acurácia: 90.9877%
   📊 F1: 95.1366%
   📊 Recall: 99.1667%
   📊 Precision: 91.4213%
----------------------------------------
~~~~~~~~~~~~~~~~~~~~~~~~~

~~ Fold 3 ~~
Melhores parâmetros: {'svm__C': 10, 'svm__gamma': 'auto', 'svm__kernel': 'rbf'}
----------------------------------------
Métricas Fold 3 - SVM-GLCM+LPQ-Specialist-piper_miquelianum:
   📊 Acurácia: 91.9753%
   📊 F1: 95.6229%
   📊 Recall: 98.6111%
   📊 Precision: 92.8105%
----------------------------------------
~~~~~~~~~~~~~~~~~~~~~~~~~

~~ Fold 4 ~~
Melhores parâmetros: {'svm__C': 10, 'svm__gamma': 'auto', 'svm__kernel': 'rbf'}
----------------------------------------
Métricas Fold 4 - SVM-GLCM+LPQ-Specialist-piper_miquelianum:
   📊 Acurácia: 91.6049%
   📊 F1: 95.3930%
   📊 Recall: 97.7778%
   📊 Precision: 93.1217%
----------------------------------------
~~~~~~~~~~~~~~~~~~~~~~~~~

~~ Fold 5 ~~
Melhores parâmetros: {'svm__C': 10, 'svm__gamma': 'auto', 'svm__kernel': 'rbf'}
----------------------------------------
Métricas Fold 5 - SVM-GLCM+LPQ-Specialist-piper_miquelianum:
   📊 Acurácia: 90.7407%
   📊 F1: 94.9427%
   📊 Recall: 97.7778%
   📊 Precision: 92.2674%
----------------------------------------
~~~~~~~~~~~~~~~~~~~~~~~~~
==================================================

🎯 Treinando especialista 9/9: piper_xylosteoides
=== Iniciando treinamento assistido: SVM-GLCM+LPQ-Specialist-piper_xylosteoides ===
Validação cruzada: 5 folds
==================================================

~~ Fold 1 ~~
Melhores parâmetros: {'svm__C': 1000, 'svm__gamma': 2e-05, 'svm__kernel': 'rbf'}
----------------------------------------
Métricas Fold 1 - SVM-GLCM+LPQ-Specialist-piper_xylosteoides:
   📊 Acurácia: 89.6296%
   📊 F1: 94.4737%
   📊 Recall: 99.7222%
   📊 Precision: 89.7500%
----------------------------------------
~~~~~~~~~~~~~~~~~~~~~~~~~

~~ Fold 2 ~~
Melhores parâmetros: {'svm__C': 1000, 'svm__gamma': 2e-05, 'svm__kernel': 'rbf'}
----------------------------------------
Métricas Fold 2 - SVM-GLCM+LPQ-Specialist-piper_xylosteoides:
   📊 Acurácia: 89.1358%
   📊 F1: 94.2105%
   📊 Recall: 99.4444%
   📊 Precision: 89.5000%
----------------------------------------
~~~~~~~~~~~~~~~~~~~~~~~~~

~~ Fold 3 ~~
Melhores parâmetros: {'svm__C': 10, 'svm__gamma': 0.002, 'svm__kernel': 'rbf'}
----------------------------------------
Métricas Fold 3 - SVM-GLCM+LPQ-Specialist-piper_xylosteoides:
   📊 Acurácia: 89.3827%
   📊 F1: 94.2895%
   📊 Recall: 98.6111%
   📊 Precision: 90.3308%
----------------------------------------
~~~~~~~~~~~~~~~~~~~~~~~~~

~~ Fold 4 ~~
Melhores parâmetros: {'svm__C': 10, 'svm__gamma': 0.002, 'svm__kernel': 'rbf'}
----------------------------------------
Métricas Fold 4 - SVM-GLCM+LPQ-Specialist-piper_xylosteoides:
   📊 Acurácia: 89.5062%
   📊 F1: 94.3446%
   📊 Recall: 98.4722%
   📊 Precision: 90.5492%
----------------------------------------
~~~~~~~~~~~~~~~~~~~~~~~~~

~~ Fold 5 ~~
Melhores parâmetros: {'svm__C': 10, 'svm__gamma': 0.002, 'svm__kernel': 'rbf'}
----------------------------------------
Métricas Fold 5 - SVM-GLCM+LPQ-Specialist-piper_xylosteoides:
   📊 Acurácia: 88.8889%
   📊 F1: 94.0239%
   📊 Recall: 98.3333%
   📊 Precision: 90.0763%
----------------------------------------
~~~~~~~~~~~~~~~~~~~~~~~~~
==================================================

🎉 Treinamento de especialistas SVM-GLCM+LPQ concluído!
   ✅ 9 especialistas treinados com sucesso
   📦 Array retornado: raw_probabilities[i] = probabilidades do especialista da classe i
============================================================
⏱️ Tempo de execução (SVM-GLCM+LPQ): 86m 21.43s
########################################
Métricas Finais Relevância SVM GLCM+LPQ:
   📊 Acurácia: 61.5556%
   📊 F1: 56.1619%
   📊 Recall: 61.5556%
   📊 Precision: 57.6673%
----------------------------------------
Métricas de Treinamento dos Especialistas:
   Especialista classe 0:
      1️⃣ Acurácia Média: 92.0741% +- 0.3857%
        | Folds: 91.8519%, 92.8395%, 91.8519%, 91.9753%, 91.8519%
      2️⃣ F1 Média: 95.6715% +- 0.1972%
        | Folds: 95.5526%, 96.0651%, 95.5823%, 95.5872%, 95.5705%
      3️⃣ Recall Médio: 98.5278% +- 0.4779%
        | Folds: 98.4722%, 98.3333%, 99.1667%, 97.7778%, 98.8889%
      4️⃣ Precision Média: 92.9817% +- 0.6226%
        | Folds: 92.8010%, 93.8992%, 92.2481%, 93.4927%, 92.4675%
   Especialista classe 1:
      1️⃣ Acurácia Média: 93.2346% +- 0.4901%
        | Folds: 93.4568%, 93.3333%, 92.3457%, 93.8272%, 93.2099%
      2️⃣ F1 Média: 96.3104% +- 0.2486%
        | Folds: 96.3872%, 96.3807%, 95.8556%, 96.6125%, 96.3161%
      3️⃣ Recall Médio: 99.3056% +- 0.6334%
        | Folds: 98.1944%, 99.8611%, 99.5833%, 99.0278%, 99.8611%
      4️⃣ Precision Média: 93.5007% +- 0.8435%
        | Folds: 94.6452%, 93.1347%, 92.3969%, 94.3122%, 93.0142%
   Especialista classe 2:
      1️⃣ Acurácia Média: 90.5432% +- 0.3793%
        | Folds: 90.8642%, 89.8765%, 90.3704%, 90.8642%, 90.7407%
      2️⃣ F1 Média: 94.8994% +- 0.2051%
        | Folds: 95.0993%, 94.5551%, 94.7791%, 95.0667%, 94.9967%
      3️⃣ Recall Médio: 98.9722% +- 0.4444%
        | Folds: 99.7222%, 98.8889%, 98.3333%, 99.0278%, 98.8889%
      4️⃣ Precision Média: 91.1507% +- 0.3529%
        | Folds: 90.8861%, 90.5852%, 91.4729%, 91.4103%, 91.3992%
   Especialista classe 3:
      1️⃣ Acurácia Média: 89.3333% +- 0.2983%
        | Folds: 89.3827%, 89.1358%, 89.2593%, 89.8765%, 89.0123%
      2️⃣ F1 Média: 94.3006% +- 0.1660%
        | Folds: 94.3421%, 94.2181%, 94.2346%, 94.5982%, 94.1099%
      3️⃣ Recall Médio: 99.2778% +- 0.4339%
        | Folds: 99.5833%, 99.5833%, 98.7500%, 99.7222%, 98.7500%
      4️⃣ Precision Média: 89.8003% +- 0.2554%
        | Folds: 89.6250%, 89.4015%, 90.1141%, 89.9749%, 89.8862%
   Especialista classe 4:
      1️⃣ Acurácia Média: 88.6914% +- 0.3951%
        | Folds: 88.8889%, 88.8889%, 88.8889%, 88.8889%, 87.9012%
      2️⃣ F1 Média: 93.9978% +- 0.2397%
        | Folds: 94.1176%, 94.1176%, 94.1176%, 94.1176%, 93.5185%
      3️⃣ Recall Médio: 99.6389% +- 0.7222%
        | Folds: 100.0000%, 100.0000%, 100.0000%, 100.0000%, 98.1944%
      4️⃣ Precision Média: 88.9646% +- 0.1515%
        | Folds: 88.8889%, 88.8889%, 88.8889%, 88.8889%, 89.2677%
   Especialista classe 5:
      1️⃣ Acurácia Média: 88.8889% +- 0.0000%
        | Folds: 88.8889%, 88.8889%, 88.8889%, 88.8889%, 88.8889%
      2️⃣ F1 Média: 94.1176% +- 0.0000%
        | Folds: 94.1176%, 94.1176%, 94.1176%, 94.1176%, 94.1176%
      3️⃣ Recall Médio: 100.0000% +- 0.0000%
        | Folds: 100.0000%, 100.0000%, 100.0000%, 100.0000%, 100.0000%
      4️⃣ Precision Média: 88.8889% +- 0.0000%
        | Folds: 88.8889%, 88.8889%, 88.8889%, 88.8889%, 88.8889%
   Especialista classe 6:
      1️⃣ Acurácia Média: 88.8889% +- 0.0000%
        | Folds: 88.8889%, 88.8889%, 88.8889%, 88.8889%, 88.8889%
      2️⃣ F1 Média: 94.1176% +- 0.0000%
        | Folds: 94.1176%, 94.1176%, 94.1176%, 94.1176%, 94.1176%
      3️⃣ Recall Médio: 100.0000% +- 0.0000%
        | Folds: 100.0000%, 100.0000%, 100.0000%, 100.0000%, 100.0000%
      4️⃣ Precision Média: 88.8889% +- 0.0000%
        | Folds: 88.8889%, 88.8889%, 88.8889%, 88.8889%, 88.8889%
   Especialista classe 7:
      1️⃣ Acurácia Média: 90.9630% +- 0.8496%
        | Folds: 89.5062%, 90.9877%, 91.9753%, 91.6049%, 90.7407%
      2️⃣ F1 Média: 95.0758% +- 0.4579%
        | Folds: 94.2838%, 95.1366%, 95.6229%, 95.3930%, 94.9427%
      3️⃣ Recall Médio: 98.1389% +- 0.6550%
        | Folds: 97.3611%, 99.1667%, 98.6111%, 97.7778%, 97.7778%
      4️⃣ Precision Média: 92.2032% +- 0.7044%
        | Folds: 91.3950%, 91.4213%, 92.8105%, 93.1217%, 92.2674%
   Especialista classe 8:
      1️⃣ Acurácia Média: 89.3086% +- 0.2659%
        | Folds: 89.6296%, 89.1358%, 89.3827%, 89.5062%, 88.8889%
      2️⃣ F1 Média: 94.2685% +- 0.1494%
        | Folds: 94.4737%, 94.2105%, 94.2895%, 94.3446%, 94.0239%
      3️⃣ Recall Médio: 98.9167% +- 0.5583%
        | Folds: 99.7222%, 99.4444%, 98.6111%, 98.4722%, 98.3333%
      4️⃣ Precision Média: 90.0413% +- 0.3797%
        | Folds: 89.7500%, 89.5000%, 90.3308%, 90.5492%, 90.0763%
########################################
📊 Exportando resultados para CSV: SVM_GLCM_LPQ
   📁 Arquivo com os resultados: results/csv_exports/svm_glcm_lpq_results.csv
   📁 Arquivo com as métricas: results/csv_exports/svm_glcm_lpq_metrics.csv
   🎯 Imagens: 450 amostras
--------------------------------------------------
   ✅ 450 linhas escritas com sucesso
   💾 Arquivo salvo: results/csv_exports/svm_glcm_lpq_results.csv
   ✅ 55 linhas de métricas escritas com sucesso
   💾 Arquivo salvo: results/csv_exports/svm_glcm_lpq_metrics.csv
==================================================

📊 Calculando relevância LBP+GLCM+LPQ...
🚀 Iniciando treinamento de especialistas SVM-LBP+GLCM+LPQ
   📋 9 especialistas para treinar
   🔄 Validação cruzada: 5 folds
------------------------------------------------------------

🎯 Treinando especialista 1/9: peperomia_glabella
=== Iniciando treinamento assistido: SVM-LBP+GLCM+LPQ-Specialist-peperomia_glabella ===
Validação cruzada: 5 folds
==================================================

~~ Fold 1 ~~
Melhores parâmetros: {'svm__C': 10, 'svm__gamma': 'auto', 'svm__kernel': 'rbf'}
----------------------------------------
Métricas Fold 1 - SVM-LBP+GLCM+LPQ-Specialist-peperomia_glabella:
   📊 Acurácia: 91.6049%
   📊 F1: 95.4116%
   📊 Recall: 98.1944%
   📊 Precision: 92.7822%
----------------------------------------
~~~~~~~~~~~~~~~~~~~~~~~~~

~~ Fold 2 ~~
Melhores parâmetros: {'svm__C': 10, 'svm__gamma': 'auto', 'svm__kernel': 'rbf'}
----------------------------------------
Métricas Fold 2 - SVM-LBP+GLCM+LPQ-Specialist-peperomia_glabella:
   📊 Acurácia: 92.5926%
   📊 F1: 95.9350%
   📊 Recall: 98.3333%
   📊 Precision: 93.6508%
----------------------------------------
~~~~~~~~~~~~~~~~~~~~~~~~~

~~ Fold 3 ~~
Melhores parâmetros: {'svm__C': 10, 'svm__gamma': 'auto', 'svm__kernel': 'rbf'}
----------------------------------------
Métricas Fold 3 - SVM-LBP+GLCM+LPQ-Specialist-peperomia_glabella:
   📊 Acurácia: 91.8519%
   📊 F1: 95.5823%
   📊 Recall: 99.1667%
   📊 Precision: 92.2481%
----------------------------------------
~~~~~~~~~~~~~~~~~~~~~~~~~

~~ Fold 4 ~~
Melhores parâmetros: {'svm__C': 10, 'svm__gamma': 0.002, 'svm__kernel': 'rbf'}
----------------------------------------
Métricas Fold 4 - SVM-LBP+GLCM+LPQ-Specialist-peperomia_glabella:
   📊 Acurácia: 91.6049%
   📊 F1: 95.3930%
   📊 Recall: 97.7778%
   📊 Precision: 93.1217%
----------------------------------------
~~~~~~~~~~~~~~~~~~~~~~~~~

~~ Fold 5 ~~
Melhores parâmetros: {'svm__C': 10, 'svm__gamma': 0.002, 'svm__kernel': 'rbf'}
----------------------------------------
Métricas Fold 5 - SVM-LBP+GLCM+LPQ-Specialist-peperomia_glabella:
   📊 Acurácia: 91.9753%
   📊 F1: 95.6463%
   📊 Recall: 99.1667%
   📊 Precision: 92.3674%
----------------------------------------
~~~~~~~~~~~~~~~~~~~~~~~~~
==================================================

🎯 Treinando especialista 2/9: peperomia_tetraphylla
=== Iniciando treinamento assistido: SVM-LBP+GLCM+LPQ-Specialist-peperomia_tetraphylla ===
Validação cruzada: 5 folds
==================================================

~~ Fold 1 ~~
Melhores parâmetros: {'svm__C': 10, 'svm__gamma': 'auto', 'svm__kernel': 'rbf'}
----------------------------------------
Métricas Fold 1 - SVM-LBP+GLCM+LPQ-Specialist-peperomia_tetraphylla:
   📊 Acurácia: 93.7037%
   📊 F1: 96.5564%
   📊 Recall: 99.3056%
   📊 Precision: 93.9553%
----------------------------------------
~~~~~~~~~~~~~~~~~~~~~~~~~

~~ Fold 2 ~~
Melhores parâmetros: {'svm__C': 1000, 'svm__gamma': 2e-05, 'svm__kernel': 'rbf'}
----------------------------------------
Métricas Fold 2 - SVM-LBP+GLCM+LPQ-Specialist-peperomia_tetraphylla:
   📊 Acurácia: 93.4568%
   📊 F1: 96.4501%
   📊 Recall: 100.0000%
   📊 Precision: 93.1436%
----------------------------------------
~~~~~~~~~~~~~~~~~~~~~~~~~

~~ Fold 3 ~~
Melhores parâmetros: {'svm__C': 100, 'svm__gamma': 0.002, 'svm__kernel': 'rbf'}
----------------------------------------
Métricas Fold 3 - SVM-LBP+GLCM+LPQ-Specialist-peperomia_tetraphylla:
   📊 Acurácia: 92.2222%
   📊 F1: 95.7746%
   📊 Recall: 99.1667%
   📊 Precision: 92.6070%
----------------------------------------
~~~~~~~~~~~~~~~~~~~~~~~~~

~~ Fold 4 ~~
Melhores parâmetros: {'svm__C': 100, 'svm__gamma': 0.002, 'svm__kernel': 'rbf'}
----------------------------------------
Métricas Fold 4 - SVM-LBP+GLCM+LPQ-Specialist-peperomia_tetraphylla:
   📊 Acurácia: 93.8272%
   📊 F1: 96.6171%
   📊 Recall: 99.1667%
   📊 Precision: 94.1953%
----------------------------------------
~~~~~~~~~~~~~~~~~~~~~~~~~

~~ Fold 5 ~~
Melhores parâmetros: {'svm__C': 10, 'svm__gamma': 'auto', 'svm__kernel': 'rbf'}
----------------------------------------
Métricas Fold 5 - SVM-LBP+GLCM+LPQ-Specialist-peperomia_tetraphylla:
   📊 Acurácia: 93.2099%
   📊 F1: 96.3211%
   📊 Recall: 100.0000%
   📊 Precision: 92.9032%
----------------------------------------
~~~~~~~~~~~~~~~~~~~~~~~~~
==================================================

🎯 Treinando especialista 3/9: peperomia_urocarpa
=== Iniciando treinamento assistido: SVM-LBP+GLCM+LPQ-Specialist-peperomia_urocarpa ===
Validação cruzada: 5 folds
==================================================

~~ Fold 1 ~~
Melhores parâmetros: {'svm__C': 10, 'svm__gamma': 0.002, 'svm__kernel': 'rbf'}
----------------------------------------
Métricas Fold 1 - SVM-LBP+GLCM+LPQ-Specialist-peperomia_urocarpa:
   📊 Acurácia: 90.8642%
   📊 F1: 95.0993%
   📊 Recall: 99.7222%
   📊 Precision: 90.8861%
----------------------------------------
~~~~~~~~~~~~~~~~~~~~~~~~~

~~ Fold 2 ~~
Melhores parâmetros: {'svm__C': 10, 'svm__gamma': 'auto', 'svm__kernel': 'rbf'}
----------------------------------------
Métricas Fold 2 - SVM-LBP+GLCM+LPQ-Specialist-peperomia_urocarpa:
   📊 Acurácia: 90.1235%
   📊 F1: 94.6879%
   📊 Recall: 99.0278%
   📊 Precision: 90.7125%
----------------------------------------
~~~~~~~~~~~~~~~~~~~~~~~~~

~~ Fold 3 ~~
Melhores parâmetros: {'svm__C': 10, 'svm__gamma': 'auto', 'svm__kernel': 'rbf'}
----------------------------------------
Métricas Fold 3 - SVM-LBP+GLCM+LPQ-Specialist-peperomia_urocarpa:
   📊 Acurácia: 90.2469%
   📊 F1: 94.7015%
   📊 Recall: 98.0556%
   📊 Precision: 91.5694%
----------------------------------------
~~~~~~~~~~~~~~~~~~~~~~~~~

~~ Fold 4 ~~
Melhores parâmetros: {'svm__C': 10, 'svm__gamma': 'auto', 'svm__kernel': 'rbf'}
----------------------------------------
Métricas Fold 4 - SVM-LBP+GLCM+LPQ-Specialist-peperomia_urocarpa:
   📊 Acurácia: 90.7407%
   📊 F1: 94.9900%
   📊 Recall: 98.7500%
   📊 Precision: 91.5058%
----------------------------------------
~~~~~~~~~~~~~~~~~~~~~~~~~

~~ Fold 5 ~~
Melhores parâmetros: {'svm__C': 10, 'svm__gamma': 'auto', 'svm__kernel': 'rbf'}
----------------------------------------
Métricas Fold 5 - SVM-LBP+GLCM+LPQ-Specialist-peperomia_urocarpa:
   📊 Acurácia: 90.2469%
   📊 F1: 94.7368%
   📊 Recall: 98.7500%
   📊 Precision: 91.0371%
----------------------------------------
~~~~~~~~~~~~~~~~~~~~~~~~~
==================================================

🎯 Treinando especialista 4/9: piper_amalago
=== Iniciando treinamento assistido: SVM-LBP+GLCM+LPQ-Specialist-piper_amalago ===
Validação cruzada: 5 folds
==================================================

~~ Fold 1 ~~
Melhores parâmetros: {'svm__C': 10, 'svm__gamma': 0.002, 'svm__kernel': 'rbf'}
----------------------------------------
Métricas Fold 1 - SVM-LBP+GLCM+LPQ-Specialist-piper_amalago:
   📊 Acurácia: 89.2593%
   📊 F1: 94.2498%
   📊 Recall: 99.0278%
   📊 Precision: 89.9117%
----------------------------------------
~~~~~~~~~~~~~~~~~~~~~~~~~

~~ Fold 2 ~~
Melhores parâmetros: {'svm__C': 10, 'svm__gamma': 0.002, 'svm__kernel': 'rbf'}
----------------------------------------
Métricas Fold 2 - SVM-LBP+GLCM+LPQ-Specialist-piper_amalago:
   📊 Acurácia: 89.6296%
   📊 F1: 94.4297%
   📊 Recall: 98.8889%
   📊 Precision: 90.3553%
----------------------------------------
~~~~~~~~~~~~~~~~~~~~~~~~~

~~ Fold 3 ~~
Melhores parâmetros: {'svm__C': 10, 'svm__gamma': 0.002, 'svm__kernel': 'rbf'}
----------------------------------------
Métricas Fold 3 - SVM-LBP+GLCM+LPQ-Specialist-piper_amalago:
   📊 Acurácia: 89.3827%
   📊 F1: 94.2743%
   📊 Recall: 98.3333%
   📊 Precision: 90.5371%
----------------------------------------
~~~~~~~~~~~~~~~~~~~~~~~~~

~~ Fold 4 ~~
Melhores parâmetros: {'svm__C': 10, 'svm__gamma': 0.002, 'svm__kernel': 'rbf'}
----------------------------------------
Métricas Fold 4 - SVM-LBP+GLCM+LPQ-Specialist-piper_amalago:
   📊 Acurácia: 89.7531%
   📊 F1: 94.5287%
   📊 Recall: 99.5833%
   📊 Precision: 89.9624%
----------------------------------------
~~~~~~~~~~~~~~~~~~~~~~~~~

~~ Fold 5 ~~
Melhores parâmetros: {'svm__C': 10, 'svm__gamma': 0.002, 'svm__kernel': 'rbf'}
----------------------------------------
Métricas Fold 5 - SVM-LBP+GLCM+LPQ-Specialist-piper_amalago:
   📊 Acurácia: 89.1358%
   📊 F1: 94.1799%
   📊 Recall: 98.8889%
   📊 Precision: 89.8990%
----------------------------------------
~~~~~~~~~~~~~~~~~~~~~~~~~
==================================================

🎯 Treinando especialista 5/9: piper_gaudichaudianum
=== Iniciando treinamento assistido: SVM-LBP+GLCM+LPQ-Specialist-piper_gaudichaudianum ===
Validação cruzada: 5 folds
==================================================

~~ Fold 1 ~~
Melhores parâmetros: {'svm__C': 0.1, 'svm__gamma': 2e-05, 'svm__kernel': 'rbf'}
----------------------------------------
Métricas Fold 1 - SVM-LBP+GLCM+LPQ-Specialist-piper_gaudichaudianum:
   📊 Acurácia: 88.8889%
   📊 F1: 94.1176%
   📊 Recall: 100.0000%
   📊 Precision: 88.8889%
----------------------------------------
~~~~~~~~~~~~~~~~~~~~~~~~~

~~ Fold 2 ~~
Melhores parâmetros: {'svm__C': 0.1, 'svm__gamma': 2e-05, 'svm__kernel': 'rbf'}
----------------------------------------
Métricas Fold 2 - SVM-LBP+GLCM+LPQ-Specialist-piper_gaudichaudianum:
   📊 Acurácia: 88.8889%
   📊 F1: 94.1176%
   📊 Recall: 100.0000%
   📊 Precision: 88.8889%
----------------------------------------
~~~~~~~~~~~~~~~~~~~~~~~~~

~~ Fold 3 ~~
Melhores parâmetros: {'svm__C': 0.1, 'svm__gamma': 2e-05, 'svm__kernel': 'rbf'}
----------------------------------------
Métricas Fold 3 - SVM-LBP+GLCM+LPQ-Specialist-piper_gaudichaudianum:
   📊 Acurácia: 88.8889%
   📊 F1: 94.1176%
   📊 Recall: 100.0000%
   📊 Precision: 88.8889%
----------------------------------------
~~~~~~~~~~~~~~~~~~~~~~~~~

~~ Fold 4 ~~
Melhores parâmetros: {'svm__C': 0.1, 'svm__gamma': 2e-05, 'svm__kernel': 'rbf'}
----------------------------------------
Métricas Fold 4 - SVM-LBP+GLCM+LPQ-Specialist-piper_gaudichaudianum:
   📊 Acurácia: 88.8889%
   📊 F1: 94.1176%
   📊 Recall: 100.0000%
   📊 Precision: 88.8889%
----------------------------------------
~~~~~~~~~~~~~~~~~~~~~~~~~

~~ Fold 5 ~~
Melhores parâmetros: {'svm__C': 0.1, 'svm__gamma': 2e-05, 'svm__kernel': 'rbf'}
----------------------------------------
Métricas Fold 5 - SVM-LBP+GLCM+LPQ-Specialist-piper_gaudichaudianum:
   📊 Acurácia: 88.8889%
   📊 F1: 94.1176%
   📊 Recall: 100.0000%
   📊 Precision: 88.8889%
----------------------------------------
~~~~~~~~~~~~~~~~~~~~~~~~~
==================================================

🎯 Treinando especialista 6/9: piper_glabratum
=== Iniciando treinamento assistido: SVM-LBP+GLCM+LPQ-Specialist-piper_glabratum ===
Validação cruzada: 5 folds
==================================================

~~ Fold 1 ~~
Melhores parâmetros: {'svm__C': 0.1, 'svm__gamma': 2e-05, 'svm__kernel': 'rbf'}
----------------------------------------
Métricas Fold 1 - SVM-LBP+GLCM+LPQ-Specialist-piper_glabratum:
   📊 Acurácia: 88.8889%
   📊 F1: 94.1176%
   📊 Recall: 100.0000%
   📊 Precision: 88.8889%
----------------------------------------
~~~~~~~~~~~~~~~~~~~~~~~~~

~~ Fold 2 ~~
Melhores parâmetros: {'svm__C': 0.1, 'svm__gamma': 2e-05, 'svm__kernel': 'rbf'}
----------------------------------------
Métricas Fold 2 - SVM-LBP+GLCM+LPQ-Specialist-piper_glabratum:
   📊 Acurácia: 88.8889%
   📊 F1: 94.1176%
   📊 Recall: 100.0000%
   📊 Precision: 88.8889%
----------------------------------------
~~~~~~~~~~~~~~~~~~~~~~~~~

~~ Fold 3 ~~
Melhores parâmetros: {'svm__C': 0.1, 'svm__gamma': 2e-05, 'svm__kernel': 'rbf'}
----------------------------------------
Métricas Fold 3 - SVM-LBP+GLCM+LPQ-Specialist-piper_glabratum:
   📊 Acurácia: 88.8889%
   📊 F1: 94.1176%
   📊 Recall: 100.0000%
   📊 Precision: 88.8889%
----------------------------------------
~~~~~~~~~~~~~~~~~~~~~~~~~

~~ Fold 4 ~~
Melhores parâmetros: {'svm__C': 0.1, 'svm__gamma': 2e-05, 'svm__kernel': 'rbf'}
----------------------------------------
Métricas Fold 4 - SVM-LBP+GLCM+LPQ-Specialist-piper_glabratum:
   📊 Acurácia: 88.8889%
   📊 F1: 94.1176%
   📊 Recall: 100.0000%
   📊 Precision: 88.8889%
----------------------------------------
~~~~~~~~~~~~~~~~~~~~~~~~~

~~ Fold 5 ~~
Melhores parâmetros: {'svm__C': 0.1, 'svm__gamma': 2e-05, 'svm__kernel': 'rbf'}
----------------------------------------
Métricas Fold 5 - SVM-LBP+GLCM+LPQ-Specialist-piper_glabratum:
   📊 Acurácia: 88.8889%
   📊 F1: 94.1176%
   📊 Recall: 100.0000%
   📊 Precision: 88.8889%
----------------------------------------
~~~~~~~~~~~~~~~~~~~~~~~~~
==================================================

🎯 Treinando especialista 7/9: piper_hispidum
=== Iniciando treinamento assistido: SVM-LBP+GLCM+LPQ-Specialist-piper_hispidum ===
Validação cruzada: 5 folds
==================================================

~~ Fold 1 ~~
Melhores parâmetros: {'svm__C': 0.1, 'svm__gamma': 2e-05, 'svm__kernel': 'rbf'}
----------------------------------------
Métricas Fold 1 - SVM-LBP+GLCM+LPQ-Specialist-piper_hispidum:
   📊 Acurácia: 88.8889%
   📊 F1: 94.1176%
   📊 Recall: 100.0000%
   📊 Precision: 88.8889%
----------------------------------------
~~~~~~~~~~~~~~~~~~~~~~~~~

~~ Fold 2 ~~
Melhores parâmetros: {'svm__C': 0.1, 'svm__gamma': 2e-05, 'svm__kernel': 'rbf'}
----------------------------------------
Métricas Fold 2 - SVM-LBP+GLCM+LPQ-Specialist-piper_hispidum:
   📊 Acurácia: 88.8889%
   📊 F1: 94.1176%
   📊 Recall: 100.0000%
   📊 Precision: 88.8889%
----------------------------------------
~~~~~~~~~~~~~~~~~~~~~~~~~

~~ Fold 3 ~~
Melhores parâmetros: {'svm__C': 0.1, 'svm__gamma': 2e-05, 'svm__kernel': 'rbf'}
----------------------------------------
Métricas Fold 3 - SVM-LBP+GLCM+LPQ-Specialist-piper_hispidum:
   📊 Acurácia: 88.8889%
   📊 F1: 94.1176%
   📊 Recall: 100.0000%
   📊 Precision: 88.8889%
----------------------------------------
~~~~~~~~~~~~~~~~~~~~~~~~~

~~ Fold 4 ~~
Melhores parâmetros: {'svm__C': 0.1, 'svm__gamma': 2e-05, 'svm__kernel': 'rbf'}
----------------------------------------
Métricas Fold 4 - SVM-LBP+GLCM+LPQ-Specialist-piper_hispidum:
   📊 Acurácia: 88.8889%
   📊 F1: 94.1176%
   📊 Recall: 100.0000%
   📊 Precision: 88.8889%
----------------------------------------
~~~~~~~~~~~~~~~~~~~~~~~~~

~~ Fold 5 ~~
Melhores parâmetros: {'svm__C': 0.1, 'svm__gamma': 2e-05, 'svm__kernel': 'rbf'}
----------------------------------------
Métricas Fold 5 - SVM-LBP+GLCM+LPQ-Specialist-piper_hispidum:
   📊 Acurácia: 88.8889%
   📊 F1: 94.1176%
   📊 Recall: 100.0000%
   📊 Precision: 88.8889%
----------------------------------------
~~~~~~~~~~~~~~~~~~~~~~~~~
==================================================

🎯 Treinando especialista 8/9: piper_miquelianum
=== Iniciando treinamento assistido: SVM-LBP+GLCM+LPQ-Specialist-piper_miquelianum ===
Validação cruzada: 5 folds
==================================================

~~ Fold 1 ~~
Melhores parâmetros: {'svm__C': 10, 'svm__gamma': 'auto', 'svm__kernel': 'rbf'}
----------------------------------------
Métricas Fold 1 - SVM-LBP+GLCM+LPQ-Specialist-piper_miquelianum:
   📊 Acurácia: 88.7654%
   📊 F1: 93.8472%
   📊 Recall: 96.3889%
   📊 Precision: 91.4361%
----------------------------------------
~~~~~~~~~~~~~~~~~~~~~~~~~

~~ Fold 2 ~~
Melhores parâmetros: {'svm__C': 10, 'svm__gamma': 0.002, 'svm__kernel': 'rbf'}
----------------------------------------
Métricas Fold 2 - SVM-LBP+GLCM+LPQ-Specialist-piper_miquelianum:
   📊 Acurácia: 91.2346%
   📊 F1: 95.2635%
   📊 Recall: 99.1667%
   📊 Precision: 91.6560%
----------------------------------------
~~~~~~~~~~~~~~~~~~~~~~~~~

~~ Fold 3 ~~
Melhores parâmetros: {'svm__C': 10, 'svm__gamma': 'auto', 'svm__kernel': 'rbf'}
----------------------------------------
Métricas Fold 3 - SVM-LBP+GLCM+LPQ-Specialist-piper_miquelianum:
   📊 Acurácia: 91.7284%
   📊 F1: 95.5124%
   📊 Recall: 99.0278%
   📊 Precision: 92.2380%
----------------------------------------
~~~~~~~~~~~~~~~~~~~~~~~~~

~~ Fold 4 ~~
Melhores parâmetros: {'svm__C': 10, 'svm__gamma': 'auto', 'svm__kernel': 'rbf'}
----------------------------------------
Métricas Fold 4 - SVM-LBP+GLCM+LPQ-Specialist-piper_miquelianum:
   📊 Acurácia: 91.3580%
   📊 F1: 95.2639%
   📊 Recall: 97.7778%
   📊 Precision: 92.8760%
----------------------------------------
~~~~~~~~~~~~~~~~~~~~~~~~~

~~ Fold 5 ~~
Melhores parâmetros: {'svm__C': 10, 'svm__gamma': 'auto', 'svm__kernel': 'rbf'}
----------------------------------------
Métricas Fold 5 - SVM-LBP+GLCM+LPQ-Specialist-piper_miquelianum:
   📊 Acurácia: 91.1111%
   📊 F1: 95.1351%
   📊 Recall: 97.7778%
   📊 Precision: 92.6316%
----------------------------------------
~~~~~~~~~~~~~~~~~~~~~~~~~
==================================================

🎯 Treinando especialista 9/9: piper_xylosteoides
=== Iniciando treinamento assistido: SVM-LBP+GLCM+LPQ-Specialist-piper_xylosteoides ===
Validação cruzada: 5 folds
==================================================

~~ Fold 1 ~~
Melhores parâmetros: {'svm__C': 1000, 'svm__gamma': 2e-05, 'svm__kernel': 'rbf'}
----------------------------------------
Métricas Fold 1 - SVM-LBP+GLCM+LPQ-Specialist-piper_xylosteoides:
   📊 Acurácia: 89.7531%
   📊 F1: 94.5287%
   📊 Recall: 99.5833%
   📊 Precision: 89.9624%
----------------------------------------
~~~~~~~~~~~~~~~~~~~~~~~~~

~~ Fold 2 ~~
Melhores parâmetros: {'svm__C': 10, 'svm__gamma': 0.002, 'svm__kernel': 'rbf'}
----------------------------------------
Métricas Fold 2 - SVM-LBP+GLCM+LPQ-Specialist-piper_xylosteoides:
   📊 Acurácia: 88.6420%
   📊 F1: 93.9314%
   📊 Recall: 98.8889%
   📊 Precision: 89.4472%
----------------------------------------
~~~~~~~~~~~~~~~~~~~~~~~~~

~~ Fold 3 ~~
Melhores parâmetros: {'svm__C': 1000, 'svm__gamma': 2e-05, 'svm__kernel': 'rbf'}
----------------------------------------
Métricas Fold 3 - SVM-LBP+GLCM+LPQ-Specialist-piper_xylosteoides:
   📊 Acurácia: 89.8765%
   📊 F1: 94.5767%
   📊 Recall: 99.3056%
   📊 Precision: 90.2778%
----------------------------------------
~~~~~~~~~~~~~~~~~~~~~~~~~

~~ Fold 4 ~~
Melhores parâmetros: {'svm__C': 10, 'svm__gamma': 0.002, 'svm__kernel': 'rbf'}
----------------------------------------
Métricas Fold 4 - SVM-LBP+GLCM+LPQ-Specialist-piper_xylosteoides:
   📊 Acurácia: 89.3827%
   📊 F1: 94.2590%
   📊 Recall: 98.0556%
   📊 Precision: 90.7455%
----------------------------------------
~~~~~~~~~~~~~~~~~~~~~~~~~

~~ Fold 5 ~~
Melhores parâmetros: {'svm__C': 10, 'svm__gamma': 0.002, 'svm__kernel': 'rbf'}
----------------------------------------
Métricas Fold 5 - SVM-LBP+GLCM+LPQ-Specialist-piper_xylosteoides:
   📊 Acurácia: 88.3951%
   📊 F1: 93.7666%
   📊 Recall: 98.1944%
   📊 Precision: 89.7208%
----------------------------------------
~~~~~~~~~~~~~~~~~~~~~~~~~
==================================================

🎉 Treinamento de especialistas SVM-LBP+GLCM+LPQ concluído!
   ✅ 9 especialistas treinados com sucesso
   📦 Array retornado: raw_probabilities[i] = probabilidades do especialista da classe i
============================================================
⏱️ Tempo de execução (SVM-LBP+GLCM+LPQ): 108m 37.85s
########################################
Métricas Finais Relevância SVM LBP+GLCM+LPQ:
   📊 Acurácia: 60.6667%
   📊 F1: 53.7746%
   📊 Recall: 60.6667%
   📊 Precision: 56.9631%
----------------------------------------
Métricas de Treinamento dos Especialistas:
   Especialista classe 0:
      1️⃣ Acurácia Média: 91.9259% +- 0.3629%
        | Folds: 91.6049%, 92.5926%, 91.8519%, 91.6049%, 91.9753%
      2️⃣ F1 Média: 95.5936% +- 0.1964%
        | Folds: 95.4116%, 95.9350%, 95.5823%, 95.3930%, 95.6463%
      3️⃣ Recall Médio: 98.5278% +- 0.5528%
        | Folds: 98.1944%, 98.3333%, 99.1667%, 97.7778%, 99.1667%
      4️⃣ Precision Média: 92.8340% +- 0.5126%
        | Folds: 92.7822%, 93.6508%, 92.2481%, 93.1217%, 92.3674%
   Especialista classe 1:
      1️⃣ Acurácia Média: 93.2840% +- 0.5716%
        | Folds: 93.7037%, 93.4568%, 92.2222%, 93.8272%, 93.2099%
      2️⃣ F1 Média: 96.3438% +- 0.3019%
        | Folds: 96.5564%, 96.4501%, 95.7746%, 96.6171%, 96.3211%
      3️⃣ Recall Médio: 99.5278% +- 0.3889%
        | Folds: 99.3056%, 100.0000%, 99.1667%, 99.1667%, 100.0000%
      4️⃣ Precision Média: 93.3609% +- 0.6123%
        | Folds: 93.9553%, 93.1436%, 92.6070%, 94.1953%, 92.9032%
   Especialista classe 2:
      1️⃣ Acurácia Média: 90.4444% +- 0.2983%
        | Folds: 90.8642%, 90.1235%, 90.2469%, 90.7407%, 90.2469%
      2️⃣ F1 Média: 94.8431% +- 0.1689%
        | Folds: 95.0993%, 94.6879%, 94.7015%, 94.9900%, 94.7368%
      3️⃣ Recall Médio: 98.8611% +- 0.5372%
        | Folds: 99.7222%, 99.0278%, 98.0556%, 98.7500%, 98.7500%
      4️⃣ Precision Média: 91.1422% +- 0.3394%
        | Folds: 90.8861%, 90.7125%, 91.5694%, 91.5058%, 91.0371%
   Especialista classe 3:
      1️⃣ Acurácia Média: 89.4321% +- 0.2290%
        | Folds: 89.2593%, 89.6296%, 89.3827%, 89.7531%, 89.1358%
      2️⃣ F1 Média: 94.3325% +- 0.1276%
        | Folds: 94.2498%, 94.4297%, 94.2743%, 94.5287%, 94.1799%
      3️⃣ Recall Médio: 98.9444% +- 0.3987%
        | Folds: 99.0278%, 98.8889%, 98.3333%, 99.5833%, 98.8889%
      4️⃣ Precision Média: 90.1331% +- 0.2629%
        | Folds: 89.9117%, 90.3553%, 90.5371%, 89.9624%, 89.8990%
   Especialista classe 4:
      1️⃣ Acurácia Média: 88.8889% +- 0.0000%
        | Folds: 88.8889%, 88.8889%, 88.8889%, 88.8889%, 88.8889%
      2️⃣ F1 Média: 94.1176% +- 0.0000%
        | Folds: 94.1176%, 94.1176%, 94.1176%, 94.1176%, 94.1176%
      3️⃣ Recall Médio: 100.0000% +- 0.0000%
        | Folds: 100.0000%, 100.0000%, 100.0000%, 100.0000%, 100.0000%
      4️⃣ Precision Média: 88.8889% +- 0.0000%
        | Folds: 88.8889%, 88.8889%, 88.8889%, 88.8889%, 88.8889%
   Especialista classe 5:
      1️⃣ Acurácia Média: 88.8889% +- 0.0000%
        | Folds: 88.8889%, 88.8889%, 88.8889%, 88.8889%, 88.8889%
      2️⃣ F1 Média: 94.1176% +- 0.0000%
        | Folds: 94.1176%, 94.1176%, 94.1176%, 94.1176%, 94.1176%
      3️⃣ Recall Médio: 100.0000% +- 0.0000%
        | Folds: 100.0000%, 100.0000%, 100.0000%, 100.0000%, 100.0000%
      4️⃣ Precision Média: 88.8889% +- 0.0000%
        | Folds: 88.8889%, 88.8889%, 88.8889%, 88.8889%, 88.8889%
   Especialista classe 6:
      1️⃣ Acurácia Média: 88.8889% +- 0.0000%
        | Folds: 88.8889%, 88.8889%, 88.8889%, 88.8889%, 88.8889%
      2️⃣ F1 Média: 94.1176% +- 0.0000%
        | Folds: 94.1176%, 94.1176%, 94.1176%, 94.1176%, 94.1176%
      3️⃣ Recall Médio: 100.0000% +- 0.0000%
        | Folds: 100.0000%, 100.0000%, 100.0000%, 100.0000%, 100.0000%
      4️⃣ Precision Média: 88.8889% +- 0.0000%
        | Folds: 88.8889%, 88.8889%, 88.8889%, 88.8889%, 88.8889%
   Especialista classe 7:
      1️⃣ Acurácia Média: 90.8395% +- 1.0574%
        | Folds: 88.7654%, 91.2346%, 91.7284%, 91.3580%, 91.1111%
      2️⃣ F1 Média: 95.0044% +- 0.5914%
        | Folds: 93.8472%, 95.2635%, 95.5124%, 95.2639%, 95.1351%
      3️⃣ Recall Médio: 98.0278% +- 1.0107%
        | Folds: 96.3889%, 99.1667%, 99.0278%, 97.7778%, 97.7778%
      4️⃣ Precision Média: 92.1675% +- 0.5512%
        | Folds: 91.4361%, 91.6560%, 92.2380%, 92.8760%, 92.6316%
   Especialista classe 8:
      1️⃣ Acurácia Média: 89.2099% +- 0.5926%
        | Folds: 89.7531%, 88.6420%, 89.8765%, 89.3827%, 88.3951%
      2️⃣ F1 Média: 94.2125% +- 0.3202%
        | Folds: 94.5287%, 93.9314%, 94.5767%, 94.2590%, 93.7666%
      3️⃣ Recall Médio: 98.8056% +- 0.5996%
        | Folds: 99.5833%, 98.8889%, 99.3056%, 98.0556%, 98.1944%
      4️⃣ Precision Média: 90.0307% +- 0.4501%
        | Folds: 89.9624%, 89.4472%, 90.2778%, 90.7455%, 89.7208%
########################################
📊 Exportando resultados para CSV: SVM_LBP_GLCM_LPQ
   📁 Arquivo com os resultados: results/csv_exports/svm_lbp_glcm_lpq_results.csv
   📁 Arquivo com as métricas: results/csv_exports/svm_lbp_glcm_lpq_metrics.csv
   🎯 Imagens: 450 amostras
--------------------------------------------------
   ✅ 450 linhas escritas com sucesso
   💾 Arquivo salvo: results/csv_exports/svm_lbp_glcm_lpq_results.csv
   ✅ 55 linhas de métricas escritas com sucesso
   💾 Arquivo salvo: results/csv_exports/svm_lbp_glcm_lpq_metrics.csv
==================================================
✅ Relevância calculada para todos os 7 conjuntos de features
📊 Métricas e matrizes de confusão geradas para cada combinação

🎉 === CÁLCULO DE RELEVÂNCIA SVM CONCLUÍDO ===
✅ Resultados compactados em: /home/alunos/a2020815/article_image_classification_by_relevance_of_regions/results/experiments/experimento_20260201_232721.zip
⏳ Tempo total de execução do script: 403m 50.66s
